age,annual_income,employment_status,credit_score,loan_amount,debt_to_income_ratio,late_payments_12m,credit_utilization,savings_rate,avg_monthly_transactions,default
25,28297.75,Employed,719,14687.79,0.311,1,0.546,0.254,52,0
59,37396.89,Self-Employed,585,16863.85,0.214,1,0.536,-0.004,14,0
53,56162.28,Employed,709,15233.69,0.31,0,0.775,-0.012,11,0
42,35804.9,Unemployed,686,7655.02,0.505,2,0.153,0.145,29,0
42,42651.46,Employed,578,15465.77,0.476,1,0.159,0.228,50,0
63,61125.19,Employed,699,9056.71,0.434,2,0.392,0.162,59,0
25,41176.12,Employed,694,4802.33,0.494,1,0.374,0.039,24,0
55,54886.89,Self-Employed,695,22220.8,0.295,0,0.429,0.229,43,0
31,108701.86,Employed,691,16058.95,0.174,0,0.584,0.285,41,0
25,44984.38,Employed,631,21060.13,0.326,1,0.344,0.03,18,0
47,88403.68,Employed,724,10714.22,0.338,0,0.627,0.136,22,0
69,64840.46,Employed,628,21502.52,0.451,0,0.23,0.156,33,0
57,23538.18,Retired,599,27262.76,0.427,1,0.288,0.084,16,0
59,28252.34,Employed,731,42293.7,0.502,1,0.156,0.034,73,0
56,32312.26,Employed,750,24060.17,0.048,0,0.0,0.021,19,0
60,31970.94,Employed,725,18599.2,0.23,2,0.015,-0.036,28,0
46,46856.97,Employed,664,6451.51,0.336,3,0.597,0.175,40,0
27,66657.45,Employed,535,13850.61,0.422,0,0.643,0.065,39,0
62,91819.43,Employed,791,6288.03,0.664,2,0.119,0.239,44,0
43,57187.32,Employed,533,9033.31,0.203,1,0.605,0.149,20,0
46,39228.56,Employed,724,47716.62,0.244,1,0.0,0.099,15,0
39,17307.23,Employed,838,7991.87,0.287,0,0.173,0.222,36,0
30,50781.88,Self-Employed,691,3620.78,0.238,0,0.297,0.1,21,0
67,49656.53,Employed,702,24050.23,0.217,1,0.632,0.061,24,0
60,53715.9,Self-Employed,708,9859.19,0.357,3,0.797,0.164,23,0
53,140522.11,Self-Employed,695,23407.33,0.498,0,0.298,0.061,23,0
41,91153.33,Retired,850,7316.75,0.368,1,0.385,0.118,13,0
62,72586.23,Employed,617,11435.2,0.221,0,0.629,0.133,19,0
48,30301.77,Self-Employed,607,30258.39,0.321,0,0.895,0.109,30,1
43,37930.19,Unemployed,655,6679.43,0.194,2,0.661,0.134,52,1
43,46750.38,Retired,811,13338.91,0.497,0,0.134,0.134,65,0
32,33266.18,Unemployed,637,17584.67,0.571,1,0.593,0.118,49,1
25,62958.58,Employed,712,9589.83,0.111,1,0.258,0.061,39,0
48,58597.92,Retired,760,17071.78,0.384,0,0.708,0.02,50,0
65,28448.37,Unemployed,738,14904.06,0.233,0,0.539,0.044,33,0
24,89179.67,Employed,756,20347.75,0.359,0,0.175,0.049,39,0
63,51593.72,Employed,786,44592.33,0.337,0,0.643,0.155,46,0
62,20649.87,Retired,703,73506.31,0.149,1,0.516,0.24,43,1
34,47778.38,Employed,646,19496.64,0.531,1,0.488,0.102,49,0
52,56421.37,Self-Employed,691,13818.5,0.327,1,0.407,0.201,45,0
29,79729.6,Employed,655,19236.24,0.279,0,0.285,0.046,24,0
58,41409.34,Self-Employed,850,12844.29,0.367,1,0.536,0.091,45,0
56,74159.18,Employed,640,5696.29,0.219,1,0.884,0.089,24,0
38,53829.18,Self-Employed,716,14357.76,0.322,0,0.82,0.15,46,0
24,25399.19,Employed,567,28261.91,0.074,1,0.359,0.053,29,0
69,24159.11,Retired,690,6131.24,0.0,1,0.0,0.162,16,0
43,85929.28,Employed,658,8178.35,0.204,0,0.28,0.13,14,0
65,89142.55,Employed,731,10413.19,0.27,0,0.432,0.115,67,0
54,57610.18,Employed,733,18460.83,0.086,1,0.463,0.056,19,0
59,103554.5,Employed,786,61463.55,0.275,1,0.598,-0.031,49,0
58,83141.97,Retired,780,9085.28,0.27,0,0.56,0.066,45,0
30,68996.73,Employed,675,15595.37,0.341,2,0.563,0.162,49,0
39,31080.76,Employed,609,14816.06,0.442,0,0.261,-0.04,20,0
44,116507.9,Unemployed,618,12323.37,0.607,0,0.285,-0.024,29,1
45,64096.86,Employed,703,14348.18,0.414,0,0.162,0.078,20,0
23,40420.03,Employed,692,11171.91,0.202,1,0.457,0.034,50,0
48,35096.79,Self-Employed,699,76556.67,0.45,0,0.59,0.358,57,1
28,55736.58,Employed,640,23151.27,0.56,1,0.635,0.12,34,0
58,21257.61,Unemployed,788,11229.66,0.182,0,0.0,0.069,67,0
55,69552.46,Self-Employed,570,30035.92,0.19,1,0.504,0.192,39,0
67,30430.92,Employed,636,17223.25,0.137,1,0.171,0.095,32,0
58,59000.67,Employed,599,15287.16,0.265,0,0.53,0.094,36,0
39,37766.96,Unemployed,664,13237.26,0.406,1,0.169,0.247,42,0
69,42949.94,Employed,773,12707.91,0.572,1,0.562,-0.066,13,0
41,33575.27,Self-Employed,658,7101.19,0.484,0,0.258,0.023,39,0
37,45224.09,Employed,688,5408.91,0.408,0,0.262,0.143,33,0
66,126082.25,Employed,730,18443.07,0.357,0,0.577,0.024,31,0
39,97981.09,Self-Employed,655,13157.55,0.409,0,0.279,0.023,33,0
24,58526.77,Employed,709,24995.7,0.418,1,0.611,0.167,50,0
44,48404.73,Employed,699,8656.44,0.545,0,0.563,0.046,35,0
60,74764.66,Employed,595,7640.62,0.347,0,0.376,0.13,18,0
30,86248.26,Self-Employed,645,23522.38,0.389,0,0.3,0.08,36,0
44,32373.35,Employed,707,12367.12,0.289,1,0.681,0.129,31,0
27,47159.02,Employed,776,24672.39,0.367,2,0.583,0.093,35,0
55,19712.75,Employed,776,15064.21,0.312,0,0.761,0.167,34,0
44,85952.58,Retired,837,45547.62,0.172,1,0.017,0.177,40,0
37,137655.87,Employed,716,23235.69,0.481,2,0.336,0.045,14,0
32,51023.49,Employed,649,18879.82,0.573,0,0.3,-0.029,15,0
49,16941.05,Employed,675,23859.93,0.344,0,0.513,0.089,34,0
54,66465.96,Employed,671,12534.76,0.4,1,0.191,0.054,31,0
68,31193.2,Employed,649,5509.62,0.479,0,0.222,0.043,21,0
42,35183.25,Unemployed,709,18334.81,0.329,1,0.409,-0.039,4,1
29,67056.32,Self-Employed,712,47332.55,0.378,2,0.0,0.067,39,0
62,55674.48,Employed,592,3735.86,0.317,0,0.0,0.103,28,0
52,38405.1,Employed,762,19564.79,0.268,0,0.375,0.053,40,0
56,35425.85,Employed,542,5877.5,0.428,1,0.984,0.096,39,0
25,52204.19,Employed,663,14559.77,0.427,2,0.425,0.152,46,0
36,39945.34,Employed,766,15485.75,0.488,0,0.317,0.213,19,0
59,28152.22,Employed,726,23112.12,0.349,1,0.495,0.223,35,0
62,41511.19,Retired,653,16749.07,0.17,0,0.527,0.048,66,0
42,58092.76,Employed,828,33661.54,0.516,0,0.372,0.04,39,0
61,44844.14,Employed,647,29727.87,0.24,0,0.251,-0.011,57,0
63,24179.14,Retired,530,13121.34,0.237,0,0.055,0.165,45,0
40,80380.94,Employed,714,28470.84,0.27,0,0.598,0.115,22,0
65,12463.93,Employed,547,12238.37,0.088,1,0.296,0.214,71,0
35,39215.11,Employed,618,11037.85,0.317,1,0.504,0.114,56,0
32,35950.59,Retired,727,7167.91,0.443,2,0.632,0.055,16,0
55,52790.65,Employed,645,32441.0,0.285,0,0.332,0.096,33,0
52,64914.8,Employed,724,12332.4,0.551,1,0.078,0.083,62,0
27,86110.14,Employed,593,3453.34,0.541,0,0.35,0.042,45,0
62,34330.78,Employed,744,20439.81,0.483,0,0.366,0.107,7,0
30,65728.71,Employed,553,11379.74,0.06,1,0.509,0.03,25,0
61,54063.21,Employed,779,12342.84,0.565,2,0.274,0.211,23,0
21,20831.68,Retired,644,12830.62,0.314,1,0.263,-0.038,57,1
60,126787.8,Self-Employed,795,12065.05,0.602,0,0.315,0.196,43,0
60,23875.6,Employed,617,75861.21,0.259,1,0.482,0.06,30,1
60,60460.69,Employed,824,40039.57,0.329,1,0.598,-0.1,23,0
54,59574.33,Employed,608,22460.27,0.363,0,0.913,-0.044,45,0
44,56264.46,Employed,545,17065.17,0.21,1,0.824,0.095,33,0
56,38281.1,Self-Employed,683,29064.03,0.107,0,0.371,0.066,38,0
34,74133.76,Employed,773,17089.1,0.0,2,0.242,0.133,44,0
60,22467.3,Unemployed,739,24089.22,0.793,1,0.263,0.066,38,1
48,47433.58,Employed,767,20638.9,0.1,0,0.111,0.146,15,0
43,36977.42,Self-Employed,741,15946.7,0.102,0,0.427,0.101,48,0
46,34938.72,Retired,618,25956.76,0.436,1,0.182,0.152,51,0
49,60740.98,Self-Employed,737,11474.65,0.136,1,0.156,0.169,67,0
22,84014.05,Retired,687,15291.8,0.109,0,0.171,0.141,26,0
27,41289.86,Unemployed,627,8203.68,0.0,0,0.595,0.076,54,0
33,72427.44,Employed,693,8792.17,0.394,0,0.382,0.214,54,0
26,50255.25,Employed,676,3237.35,0.189,1,0.1,0.095,51,0
42,31370.83,Employed,786,19417.71,0.447,2,0.594,0.042,37,0
54,43089.04,Unemployed,641,22900.45,0.339,2,0.662,0.066,21,0
53,42203.44,Employed,638,28317.97,0.363,0,0.299,0.131,31,0
44,34602.11,Retired,628,7620.09,0.282,0,0.228,0.18,18,0
63,60732.94,Employed,822,19224.59,0.309,3,0.208,0.153,12,0
49,55123.04,Self-Employed,632,14758.49,0.216,1,0.458,0.154,46,0
24,22129.68,Employed,777,22983.89,0.23,2,0.601,0.07,22,1
59,21466.25,Retired,603,9988.08,0.186,1,0.437,0.187,5,0
49,60617.7,Employed,718,12066.92,0.577,2,0.104,0.101,37,0
52,32609.43,Employed,700,5813.28,0.291,1,0.634,0.056,47,0
49,57012.2,Unemployed,773,9603.16,0.01,0,0.388,-0.053,44,0
48,72436.51,Employed,762,14792.25,0.389,0,0.356,0.148,20,0
25,25965.49,Employed,686,16390.8,0.229,2,0.495,0.053,26,0
48,24202.99,Retired,640,5369.39,0.343,0,0.63,0.013,41,0
60,113234.46,Unemployed,802,10863.13,0.31,0,0.149,-0.002,49,0
36,58441.73,Employed,632,16255.54,0.574,0,0.105,0.172,42,0
51,39750.58,Employed,510,34366.11,0.292,0,0.389,0.114,48,1
22,30731.08,Employed,541,8892.76,0.472,1,0.392,0.141,33,0
38,37978.66,Employed,559,19811.91,0.457,0,0.599,0.083,41,0
42,27030.3,Employed,725,10541.35,0.145,0,0.679,0.103,38,0
70,76244.92,Employed,846,11299.73,0.378,1,0.289,0.097,19,0
31,33243.83,Employed,527,8720.72,0.236,1,0.472,0.007,9,0
34,84691.23,Employed,621,7890.35,0.169,1,0.501,0.165,22,0
41,40122.22,Unemployed,687,11104.71,0.169,0,0.522,0.031,24,0
70,29095.1,Employed,796,27689.45,0.473,0,0.043,0.057,55,0
63,39610.49,Employed,621,9386.41,0.746,0,0.515,0.13,33,0
22,13199.27,Retired,724,8548.9,0.229,3,0.217,0.183,22,0
32,46148.31,Unemployed,661,16738.67,0.382,1,0.526,0.05,32,0
62,45023.52,Employed,850,14811.04,0.397,0,0.146,0.161,38,0
23,74040.79,Retired,691,14172.43,0.271,0,0.413,0.126,28,0
63,19088.62,Employed,707,17195.32,0.561,0,0.332,0.082,26,0
35,87634.78,Employed,686,8056.65,0.68,0,0.869,0.093,29,0
66,73887.55,Employed,649,8609.82,0.26,3,0.203,0.092,38,0
35,91676.54,Employed,751,26682.16,0.61,0,0.186,0.118,32,0
42,47745.46,Self-Employed,593,13526.98,0.268,0,0.722,0.192,28,0
54,81385.18,Employed,530,21117.66,0.204,1,0.586,0.123,23,0
27,23491.13,Retired,669,30773.98,0.329,0,0.452,0.078,40,1
48,70019.13,Employed,741,24524.94,0.48,1,0.286,0.064,29,0
46,33336.85,Employed,636,6490.71,0.334,1,0.138,0.111,43,0
60,21467.58,Employed,694,13767.98,0.461,2,0.296,0.062,59,0
70,27943.22,Employed,588,27570.42,0.384,0,0.272,-0.042,18,0
54,49156.56,Retired,760,20204.23,0.553,0,0.236,0.192,31,0
41,32462.81,Self-Employed,729,16487.61,0.43,1,0.278,0.09,11,0
41,59162.12,Self-Employed,681,5520.76,0.58,1,0.267,0.086,31,0
41,19848.45,Self-Employed,693,10199.45,0.221,2,0.602,0.208,63,0
61,16923.38,Employed,575,15391.89,0.319,2,0.084,0.059,44,0
37,97362.24,Employed,579,6275.83,0.35,0,0.477,0.134,25,0
29,77026.14,Employed,671,23770.04,0.222,1,0.45,0.1,42,0
37,29008.72,Unemployed,719,13758.84,0.199,1,0.376,0.128,18,1
22,48947.33,Employed,722,4501.69,0.407,0,0.538,0.052,18,0
26,81613.79,Employed,653,10509.48,0.45,2,0.485,0.172,45,0
25,60451.72,Self-Employed,736,12434.18,0.367,1,0.413,0.242,30,0
59,52791.82,Employed,787,13657.93,0.509,1,0.634,0.025,32,0
57,84759.83,Employed,673,34605.67,0.185,2,0.0,0.161,34,0
55,34017.96,Employed,703,20891.05,0.291,0,0.873,0.11,31,0
44,49790.99,Employed,664,6507.6,0.173,0,0.649,0.129,55,0
56,48585.27,Employed,671,6040.82,0.371,2,0.771,0.137,13,0
29,42771.15,Retired,693,12580.59,0.423,2,0.2,-0.0,23,0
66,40339.94,Self-Employed,808,15926.28,0.551,0,0.408,0.037,38,0
46,50839.77,Employed,749,26780.54,0.173,0,0.462,0.081,17,0
67,49871.44,Self-Employed,742,41686.64,0.406,1,0.312,0.198,24,1
28,29021.32,Self-Employed,646,43067.91,0.565,0,0.433,0.076,48,0
45,73196.14,Self-Employed,613,11322.98,0.2,1,0.452,0.137,22,0
55,30085.76,Retired,709,25867.19,0.165,2,0.13,0.104,47,0
45,43953.31,Unemployed,773,19060.57,0.129,2,0.557,0.105,15,0
43,42292.28,Employed,809,7673.5,0.444,1,0.539,0.112,66,0
29,58632.93,Employed,496,4756.48,0.241,4,0.245,0.035,45,0
40,16991.15,Employed,850,16098.23,0.422,0,0.109,0.088,46,0
32,76531.29,Employed,711,6020.34,0.318,0,0.423,0.067,29,0
36,34944.1,Retired,748,8858.43,0.62,1,0.214,0.095,35,0
55,90217.77,Employed,550,9789.84,0.468,1,0.459,0.046,75,0
52,38596.53,Employed,662,16835.6,0.229,1,0.225,0.245,19,0
51,47838.13,Retired,742,31836.63,0.305,1,0.729,-0.037,27,0
39,127630.29,Self-Employed,592,14878.11,0.468,1,0.249,-0.034,30,0
68,42673.39,Employed,463,10685.79,0.19,0,0.203,0.134,38,0
25,91073.75,Retired,705,4268.08,0.527,0,0.405,0.166,45,0
38,49987.21,Employed,676,19438.76,0.312,1,0.048,0.229,42,0
26,60337.52,Employed,788,15019.98,0.471,0,0.21,0.079,19,0
37,50765.86,Employed,668,10616.75,0.321,0,0.036,0.1,47,0
69,74901.25,Retired,673,29722.36,0.271,1,0.447,0.14,46,0
39,34795.18,Employed,732,7226.55,0.247,0,0.604,0.212,36,0
66,29970.71,Employed,758,9789.55,0.61,0,0.305,-0.005,26,0
45,35621.76,Self-Employed,627,12746.13,0.306,1,0.676,0.115,39,1
55,51526.69,Retired,751,10537.44,0.812,2,0.213,0.151,31,0
43,43896.53,Employed,641,20546.64,0.373,1,0.297,0.073,34,1
34,69922.13,Employed,681,19503.48,0.222,1,0.597,0.135,35,0
59,94123.77,Retired,730,27738.65,0.112,1,0.558,0.051,22,0
69,30093.99,Self-Employed,743,19958.14,0.535,1,0.5,0.198,36,0
34,33962.95,Employed,704,13777.28,0.321,1,0.644,-0.041,51,0
59,23905.89,Employed,599,12041.44,0.473,0,0.389,0.079,45,0
34,135291.43,Employed,540,19402.68,0.698,0,0.467,0.145,32,0
56,57087.17,Self-Employed,666,13171.57,0.45,1,0.25,0.077,31,0
60,62311.49,Employed,753,15189.15,0.401,1,0.824,0.168,61,0
43,25081.75,Self-Employed,714,20046.5,0.534,0,0.301,0.106,22,0
57,48992.13,Employed,698,16044.69,0.471,0,0.353,0.124,45,0
34,63235.68,Unemployed,679,17768.05,0.161,1,0.446,0.145,53,0
24,43201.1,Employed,703,9186.1,0.55,0,0.547,0.096,19,0
25,83939.6,Retired,605,33184.01,0.343,0,0.545,-0.032,33,0
43,155735.69,Employed,739,7600.7,0.581,1,0.0,0.24,52,0
66,30530.11,Employed,743,19216.39,0.426,0,0.789,0.209,24,0
27,29406.07,Employed,653,11031.34,0.529,1,0.754,0.158,37,0
43,31606.62,Employed,713,28265.79,0.316,0,0.676,0.071,14,0
56,109436.48,Employed,551,25090.5,0.122,2,0.432,0.136,29,0
31,82551.5,Self-Employed,694,14746.63,0.435,1,0.674,-0.038,56,0
57,45809.01,Retired,670,37527.61,0.497,2,0.458,-0.025,16,1
36,49925.13,Employed,774,13194.57,0.266,0,0.455,0.293,11,0
61,32588.94,Employed,665,25059.67,0.32,0,0.554,0.001,34,0
49,76497.52,Employed,745,9549.67,0.018,1,0.52,0.076,43,0
48,40540.19,Unemployed,651,18825.81,0.327,1,0.625,0.112,28,0
29,43043.29,Employed,509,8438.2,0.162,1,0.0,0.128,30,0
44,66462.61,Employed,663,14938.29,0.428,0,0.38,0.1,46,0
63,44622.9,Employed,695,14316.28,0.4,2,0.131,0.07,53,0
21,43587.12,Employed,691,25012.61,0.352,1,0.605,0.092,43,1
58,49280.69,Employed,692,9872.91,0.548,3,0.199,0.191,49,0
45,72960.81,Employed,642,93340.58,0.386,0,0.338,0.151,35,0
56,111663.65,Employed,656,6442.99,0.379,1,0.606,0.155,26,0
54,65692.7,Unemployed,596,16979.63,0.398,0,0.688,-0.055,13,1
42,73251.73,Employed,530,17547.63,0.263,1,0.594,0.142,14,0
36,44359.09,Employed,672,20391.15,0.499,0,0.566,0.11,33,0
52,34409.95,Employed,624,10837.47,0.213,2,0.139,0.049,54,1
28,67981.65,Retired,761,17069.74,0.413,0,0.176,0.247,21,0
50,53402.9,Self-Employed,516,10523.13,0.533,0,0.105,-0.017,81,0
25,24069.14,Employed,702,45428.01,0.196,0,0.168,0.097,32,0
53,41604.57,Retired,839,10086.32,0.149,1,0.435,0.195,20,0
52,47030.49,Employed,666,13510.03,0.193,1,0.621,0.112,27,1
25,37978.33,Employed,680,9916.94,0.623,1,0.62,-0.057,34,0
58,102833.64,Self-Employed,712,9134.75,0.259,0,0.0,0.215,56,0
41,62312.64,Self-Employed,718,6369.96,0.17,0,0.392,-0.036,37,0
60,97400.58,Employed,649,22097.95,0.405,0,0.34,0.004,16,0
23,55921.97,Employed,604,9860.67,0.0,0,0.0,0.177,61,0
29,51056.79,Employed,729,9151.84,0.207,0,0.583,0.023,26,0
45,30690.27,Employed,537,8284.14,0.562,1,0.576,0.08,23,1
30,49314.07,Retired,742,17723.21,0.207,0,0.266,0.022,42,0
37,49341.8,Employed,651,14958.05,0.311,0,0.332,0.106,50,0
54,24746.59,Retired,680,14999.24,0.394,0,0.432,0.196,49,0
28,37430.32,Employed,641,9350.49,0.394,1,0.491,-0.026,9,1
54,41704.27,Self-Employed,787,19170.73,0.27,1,0.257,0.119,59,0
26,60279.04,Retired,699,9922.8,0.432,0,0.211,-0.038,19,0
29,61739.24,Self-Employed,656,15399.78,0.567,1,0.161,0.268,45,0
50,36656.31,Employed,654,13577.37,0.191,0,0.728,0.026,42,0
60,61971.8,Employed,669,5361.02,0.277,1,0.668,0.145,44,0
29,44755.09,Employed,850,49874.76,0.334,1,0.16,0.123,32,0
35,12000.0,Employed,581,20845.07,0.455,1,0.203,0.111,52,1
67,38470.58,Retired,761,16450.71,0.355,0,0.167,0.065,35,0
70,84077.5,Employed,723,18084.7,0.331,1,0.073,-0.01,56,0
50,21143.7,Employed,795,50584.38,0.118,1,0.829,0.218,18,1
43,51862.21,Employed,727,29205.72,0.18,2,0.238,0.025,62,0
38,108296.77,Employed,680,18201.48,0.379,1,0.567,0.091,9,0
51,33513.16,Employed,757,9652.91,0.273,1,0.326,0.072,61,0
50,49073.5,Employed,697,10611.31,0.299,2,0.352,0.179,28,0
35,25539.76,Self-Employed,737,5004.27,0.341,1,0.336,0.282,41,0
22,110593.39,Employed,787,11837.53,0.701,3,0.481,0.045,28,0
28,47020.25,Self-Employed,687,21962.75,0.275,1,0.359,0.111,21,0
68,50177.07,Employed,648,21594.14,0.558,2,0.564,0.186,29,0
41,96485.71,Employed,632,21368.81,0.547,0,0.654,0.206,47,1
45,68236.79,Self-Employed,714,10837.65,0.471,1,0.264,0.088,41,0
44,31640.26,Self-Employed,614,20550.2,0.223,2,0.445,0.091,54,0
60,35467.11,Employed,654,24209.74,0.371,0,0.041,0.203,44,0
24,62784.63,Self-Employed,607,3880.92,0.291,1,0.285,-0.048,41,0
25,35880.15,Employed,718,17723.62,0.652,1,0.404,0.173,61,0
34,17006.97,Employed,624,51463.62,0.412,0,0.356,0.036,43,1
45,47733.06,Retired,583,12395.9,0.318,0,0.376,0.112,21,0
54,23386.02,Retired,597,3251.62,0.618,0,0.514,0.105,17,0
45,109989.58,Employed,637,9067.07,0.297,2,0.56,0.051,63,0
43,53551.22,Retired,644,4970.5,0.433,0,0.0,0.125,34,0
67,31176.27,Self-Employed,699,10090.85,0.455,1,0.44,0.071,36,0
29,34568.0,Employed,668,7083.76,0.402,0,0.331,0.181,27,0
49,19059.12,Employed,708,25809.9,0.334,1,0.294,0.039,12,0
48,28290.15,Employed,714,23555.36,0.476,1,0.707,0.016,65,0
44,81483.97,Employed,736,18138.51,0.256,0,0.014,0.109,17,0
61,149625.84,Retired,537,30814.44,0.517,0,0.388,0.094,21,0
34,70488.03,Employed,595,10517.25,0.308,0,0.717,0.221,31,0
68,46815.93,Employed,722,15430.95,0.551,0,0.416,0.098,28,0
37,39498.59,Employed,696,55085.79,0.507,1,0.191,0.1,27,0
48,30386.45,Employed,753,20976.72,0.432,1,0.352,0.003,46,0
47,137294.42,Unemployed,564,20945.47,0.336,0,0.79,0.115,52,0
63,44606.09,Employed,644,9315.86,0.515,1,0.658,0.009,35,1
42,141183.38,Employed,658,11499.46,0.436,0,0.286,0.085,40,0
35,98396.43,Employed,692,8088.72,0.0,0,0.738,0.027,22,0
22,20529.16,Self-Employed,683,40479.36,0.227,1,0.54,0.141,44,1
39,35137.49,Self-Employed,715,5796.87,0.375,1,0.0,0.091,31,0
62,35083.19,Self-Employed,671,25552.32,0.392,2,0.377,0.192,30,0
21,47102.29,Employed,783,20924.43,0.456,0,0.802,0.02,50,1
65,47564.54,Employed,807,5641.93,0.582,1,0.366,0.103,14,0
48,219283.25,Self-Employed,596,29302.98,0.438,0,0.735,0.11,51,1
28,28606.41,Self-Employed,683,12642.01,0.037,0,0.084,0.088,35,0
36,54966.82,Employed,740,6683.97,0.38,0,0.112,0.186,28,0
48,66719.59,Unemployed,724,18373.95,0.532,1,0.649,0.094,62,0
36,48982.29,Employed,649,9013.78,0.367,1,0.587,0.016,48,0
26,51797.14,Employed,699,13056.46,0.381,2,0.394,0.131,10,0
54,29073.88,Retired,561,10900.35,0.276,1,0.591,0.242,50,0
54,51701.55,Employed,679,8712.62,0.492,0,0.27,0.044,45,0
26,63303.73,Retired,570,7236.97,0.297,0,0.152,0.093,16,0
35,57745.48,Employed,718,23815.71,0.439,0,0.485,0.115,35,0
33,65192.55,Retired,596,17942.47,0.414,0,0.337,0.174,48,0
53,99340.04,Employed,692,17264.32,0.358,0,0.492,0.159,8,0
57,78314.13,Unemployed,704,11866.37,0.423,0,0.445,0.109,47,0
57,50799.78,Self-Employed,686,15226.28,0.38,3,0.326,0.066,30,0
67,27285.78,Employed,633,9493.55,0.542,4,0.815,0.061,33,0
59,36315.41,Employed,664,9395.81,0.452,1,0.172,0.138,53,0
37,43922.61,Employed,769,41197.94,0.506,1,0.434,0.042,24,0
26,55613.04,Employed,648,25102.57,0.235,0,0.379,-0.011,19,0
51,38593.29,Retired,682,10542.06,0.226,2,0.468,0.081,46,0
66,30703.55,Employed,638,6016.75,0.359,0,0.41,0.058,37,0
69,27062.4,Self-Employed,757,5320.64,0.462,0,0.638,0.069,29,0
32,21469.98,Employed,686,10091.96,0.43,0,0.469,0.142,15,0
32,43587.45,Employed,623,15750.42,0.237,1,0.257,0.107,29,0
22,23509.67,Retired,681,15851.52,0.467,0,0.174,0.081,27,0
28,29724.8,Employed,662,16138.96,0.256,0,0.231,0.005,32,1
48,40257.4,Employed,784,18043.36,0.451,0,0.221,0.067,11,0
48,25135.62,Employed,677,7918.71,0.393,0,0.549,-0.03,25,0
39,59271.04,Employed,576,36484.8,0.316,2,0.382,0.038,41,0
36,70977.03,Employed,717,13115.74,0.27,0,0.487,0.035,34,0
62,37245.5,Self-Employed,814,17622.04,0.37,1,0.097,0.101,32,0
44,39398.63,Employed,770,9959.46,0.362,1,0.331,0.104,21,0
61,64133.04,Unemployed,597,17798.93,0.193,0,0.506,0.08,21,0
69,34303.49,Self-Employed,660,51337.85,0.44,0,0.629,0.009,31,0
36,33144.53,Employed,678,8155.1,0.524,0,0.073,-0.038,35,0
31,89165.48,Employed,679,7560.13,0.479,0,0.745,0.208,22,0
68,76274.49,Employed,709,8789.2,0.397,1,0.717,0.032,38,0
52,66222.46,Self-Employed,654,12089.68,0.283,1,0.624,0.077,38,0
35,77872.05,Employed,611,10798.47,0.369,0,0.678,0.061,20,0
52,18239.79,Employed,751,7907.79,0.33,0,0.317,0.169,53,0
46,96463.29,Employed,596,14331.32,0.369,0,0.225,0.123,23,0
66,59636.98,Employed,620,37672.46,0.49,0,0.419,0.043,22,0
33,81258.5,Self-Employed,595,13495.46,0.334,0,0.466,0.141,26,0
70,59491.03,Employed,726,13934.69,0.074,1,0.262,-0.008,15,0
67,50234.76,Employed,688,18138.02,0.47,0,0.53,0.092,9,0
30,42716.71,Employed,746,21776.77,0.41,1,0.71,-0.1,51,0
29,58898.58,Self-Employed,621,33655.67,0.372,2,0.597,0.125,49,0
47,41945.48,Self-Employed,586,17052.04,0.174,0,0.41,0.066,22,0
23,75654.94,Employed,647,14741.27,0.225,2,0.0,0.082,45,0
35,22176.13,Employed,666,8144.36,0.243,1,0.062,0.197,25,0
42,37392.0,Self-Employed,696,23016.73,0.262,1,0.379,0.04,20,0
69,136272.47,Employed,554,8895.41,0.276,0,0.541,0.043,31,0
70,35845.01,Employed,716,8731.57,0.173,2,0.087,-0.019,31,0
28,43506.17,Employed,613,16578.81,0.673,0,0.421,0.104,50,0
65,31530.47,Employed,631,37231.67,0.575,0,0.556,0.095,2,1
25,57984.03,Employed,768,22830.99,0.392,2,0.386,0.158,31,0
58,33923.65,Employed,516,14436.0,0.345,2,0.263,0.097,69,0
63,44676.13,Employed,704,8193.09,0.624,0,0.074,0.127,2,0
65,74939.27,Employed,704,36800.55,0.594,0,0.57,0.142,27,0
32,34565.74,Employed,619,14271.96,0.239,0,0.256,0.129,30,0
65,72715.19,Employed,646,12405.27,0.387,0,0.762,0.089,37,0
26,73947.8,Employed,772,20601.11,0.323,1,0.439,0.143,46,0
46,83073.25,Employed,827,11284.32,0.31,1,0.481,0.152,37,0
44,52589.43,Self-Employed,760,9397.49,0.325,1,0.583,0.18,59,0
36,247862.53,Retired,821,9954.14,0.337,1,0.32,0.282,29,0
22,83055.71,Employed,628,9938.21,0.382,0,0.503,0.02,51,0
59,57666.91,Employed,561,7506.91,0.382,0,0.258,0.141,33,0
37,31635.58,Employed,676,7020.9,0.566,1,0.224,0.099,47,0
54,46698.65,Retired,740,26455.46,0.229,1,0.199,0.116,25,0
41,100023.81,Employed,541,22055.22,0.495,2,0.292,0.161,22,0
39,115239.44,Employed,611,9012.08,0.189,0,0.853,0.118,15,1
65,102658.64,Self-Employed,619,25160.77,0.386,0,0.201,0.015,31,0
25,72590.99,Employed,707,17775.7,0.507,1,0.535,0.058,24,0
57,26164.79,Employed,697,12157.77,0.435,2,0.35,0.146,40,0
58,62541.21,Employed,622,7076.27,0.303,0,0.15,0.038,45,0
39,26351.98,Self-Employed,693,18121.75,0.393,0,0.574,0.012,50,0
34,23301.3,Self-Employed,594,45217.0,0.598,0,0.289,0.076,47,1
21,55247.55,Employed,648,14894.43,0.261,1,0.302,-0.016,51,0
67,63678.34,Self-Employed,585,26881.45,0.435,1,0.638,0.039,45,1
68,77009.84,Employed,669,13003.44,0.495,0,0.342,0.255,18,0
33,62853.89,Employed,620,25670.58,0.292,0,0.449,0.056,39,0
22,63945.92,Retired,732,13492.28,0.61,2,0.394,0.131,24,1
27,29961.66,Self-Employed,678,3487.02,0.661,1,0.379,0.034,33,0
24,46514.14,Retired,663,9575.46,0.514,0,0.11,0.15,34,0
62,23073.54,Self-Employed,813,15984.21,0.514,0,0.589,0.079,2,0
65,18003.39,Employed,709,28270.51,0.091,0,0.449,0.163,19,1
28,70991.92,Employed,652,13465.69,0.152,1,0.579,0.074,27,0
58,33638.88,Employed,636,15031.29,0.337,2,0.425,0.063,2,0
29,75830.0,Employed,591,10380.03,0.251,2,0.632,0.088,55,0
39,85320.82,Employed,675,37667.61,0.444,0,0.433,0.1,37,0
50,35966.43,Employed,703,36330.53,0.0,1,0.702,0.118,37,0
56,65851.37,Employed,536,9840.42,0.443,1,0.201,0.044,50,0
64,35221.84,Unemployed,578,5944.1,0.324,0,0.226,0.028,46,0
23,19478.38,Employed,641,4992.45,0.269,1,0.793,-0.013,46,1
30,52138.28,Employed,598,21206.12,0.636,2,0.582,0.053,50,0
35,38737.49,Self-Employed,683,16012.62,0.304,0,0.81,-0.035,40,0
36,39338.36,Employed,694,9236.55,0.107,5,0.535,-0.002,40,0
70,131619.64,Employed,671,17380.51,0.419,0,0.339,0.081,42,0
59,22858.34,Employed,721,7057.21,0.407,0,0.811,0.147,15,0
37,59363.54,Self-Employed,636,23788.41,0.324,1,0.0,0.073,3,0
69,29809.92,Unemployed,677,11738.32,0.703,1,0.576,0.259,4,0
45,77198.14,Employed,605,7716.56,0.382,1,0.0,0.124,46,0
46,56909.39,Employed,701,11846.54,0.502,1,0.731,0.116,27,0
42,59258.95,Employed,686,11604.11,0.398,1,0.174,0.009,31,0
28,30563.3,Employed,590,18380.31,0.541,3,0.333,0.147,37,1
67,33429.9,Self-Employed,668,29720.69,0.3,1,0.187,0.146,56,0
21,77934.6,Self-Employed,677,28810.07,0.19,0,0.53,0.024,45,0
29,118824.02,Self-Employed,701,16248.87,0.465,0,0.359,0.103,38,0
32,62327.24,Retired,704,13196.22,0.395,2,0.704,0.222,41,1
34,31297.38,Employed,626,10496.68,0.469,0,0.255,0.121,69,0
27,58073.76,Retired,737,5111.19,0.257,0,0.14,0.168,20,0
21,165005.82,Self-Employed,719,14595.55,0.422,0,0.296,0.073,56,0
54,51596.62,Employed,626,8860.81,0.111,0,0.76,-0.04,35,0
69,101815.78,Self-Employed,594,30668.86,0.278,1,0.629,0.138,34,0
27,33854.77,Self-Employed,631,13089.52,0.244,1,0.654,0.087,44,0
35,48000.03,Retired,570,23115.34,0.424,0,0.279,0.119,7,0
46,66821.66,Employed,696,11053.39,0.277,0,0.11,0.104,19,0
67,59794.21,Employed,769,9844.92,0.144,0,0.713,0.037,41,0
55,33416.52,Unemployed,787,21223.71,0.265,1,0.097,0.105,42,0
59,32703.63,Employed,598,17441.02,0.44,1,0.401,0.049,44,0
50,80349.58,Self-Employed,739,17913.76,0.37,0,0.254,0.018,46,0
41,88945.17,Employed,686,13956.94,0.238,1,0.417,0.163,65,0
30,104409.06,Employed,500,23709.57,0.476,2,0.024,0.032,25,0
64,120808.9,Employed,655,21739.01,0.585,2,0.587,0.088,41,0
61,52433.96,Unemployed,647,3999.43,0.486,0,0.702,0.029,46,0
22,41956.99,Employed,771,12651.46,0.004,0,0.63,0.216,41,0
56,96326.18,Self-Employed,615,27142.19,0.386,0,0.155,0.139,33,0
25,70019.89,Self-Employed,722,8008.66,0.329,0,0.496,0.02,23,0
57,29994.59,Self-Employed,672,5348.45,0.045,1,0.362,0.1,32,0
62,29236.76,Employed,572,13585.13,0.156,1,0.4,0.102,54,0
27,62690.49,Employed,639,20179.88,0.47,0,0.765,0.109,68,0
42,44862.73,Unemployed,795,11200.47,0.378,1,0.304,0.051,9,1
27,48377.25,Employed,667,32072.93,0.362,0,0.549,0.046,35,0
49,83806.57,Employed,748,44630.52,0.252,1,0.016,0.218,8,0
67,71647.86,Retired,744,4651.54,0.512,0,0.416,0.028,24,0
25,95314.44,Employed,646,11726.46,0.166,1,0.605,0.017,39,0
40,18661.76,Employed,584,3755.19,0.217,1,0.367,-0.046,17,0
69,55642.3,Retired,594,21951.82,0.302,1,0.535,0.08,28,0
36,69379.33,Employed,789,9819.12,0.121,1,0.222,-0.003,26,0
27,22850.02,Employed,691,11097.96,0.218,1,0.297,0.276,38,0
45,35332.28,Employed,550,29403.09,0.509,0,0.37,-0.009,29,0
46,32201.15,Self-Employed,743,6653.92,0.223,1,0.281,0.038,53,0
54,49555.53,Retired,546,5723.08,0.467,0,0.598,0.274,34,0
36,110627.83,Self-Employed,618,3765.04,0.445,1,0.64,0.186,22,0
68,134765.93,Retired,686,31644.4,0.325,2,0.542,-0.046,11,0
47,32625.72,Employed,850,27527.24,0.137,1,0.0,0.101,22,0
35,63785.34,Employed,741,12377.89,0.36,1,0.33,0.119,32,0
69,64821.91,Employed,644,6869.54,0.033,3,0.585,0.021,42,0
67,59504.84,Retired,682,24354.17,0.271,1,0.364,0.149,46,0
45,59843.6,Retired,749,77095.9,0.386,0,0.351,-0.014,49,0
22,57060.72,Employed,787,12817.77,0.48,1,0.606,-0.037,43,0
50,113980.77,Unemployed,661,7174.28,0.327,0,0.617,0.176,49,0
48,85070.3,Self-Employed,664,31101.63,0.259,1,0.532,0.145,30,0
28,28851.67,Employed,618,7483.88,0.247,1,0.073,0.247,32,0
52,72974.15,Employed,730,11848.96,0.28,1,0.154,0.091,26,0
63,76587.31,Retired,757,3031.38,0.444,0,0.487,0.224,23,0
26,57381.87,Employed,535,12308.38,0.403,1,0.0,0.054,55,1
57,86310.99,Employed,650,6857.02,0.347,4,0.761,0.191,32,0
28,53854.27,Retired,589,31423.14,0.445,4,0.43,0.249,18,1
58,54189.03,Employed,691,8219.9,0.35,1,0.245,0.026,22,0
41,52084.37,Employed,587,23573.67,0.15,1,0.283,-0.044,66,0
21,17869.99,Self-Employed,581,13863.8,0.183,0,0.666,0.117,39,1
69,47089.29,Employed,764,15918.2,0.44,1,0.123,0.115,42,0
29,35097.13,Employed,668,20197.87,0.144,1,0.0,0.087,27,0
50,27086.1,Employed,676,14298.76,0.293,0,0.181,0.177,2,0
30,100409.2,Unemployed,712,10009.77,0.333,1,0.465,0.009,16,0
67,63076.51,Employed,753,9070.51,0.195,2,0.752,0.09,25,0
57,48295.06,Self-Employed,649,20038.04,0.1,1,0.668,0.037,25,0
61,36960.25,Unemployed,650,4717.13,0.174,0,0.304,0.23,35,0
42,56845.07,Employed,651,40412.67,0.079,2,0.462,0.161,47,0
44,80476.3,Unemployed,761,15980.0,0.442,2,0.477,0.043,35,0
52,32419.56,Self-Employed,675,12058.96,0.41,0,0.449,0.103,41,0
60,48902.6,Retired,658,17320.58,0.236,1,0.0,0.085,48,0
63,75662.15,Employed,709,10336.34,0.145,1,0.331,-0.006,56,0
21,18620.15,Employed,817,13268.81,0.525,0,0.574,0.226,21,0
54,47629.86,Self-Employed,686,7487.32,0.416,0,0.81,0.065,41,0
26,39551.32,Retired,660,18491.22,0.257,1,0.488,0.346,42,0
35,45847.92,Retired,826,14085.86,0.528,1,0.64,0.102,39,0
62,38146.36,Employed,780,16522.55,0.371,1,0.594,0.199,29,0
33,52512.8,Employed,769,35949.98,0.398,1,0.316,0.102,20,0
60,128259.86,Employed,642,9113.16,0.194,0,0.106,0.124,32,0
44,41690.93,Self-Employed,635,13666.05,0.123,1,0.649,0.066,38,0
32,56718.49,Unemployed,542,5481.59,0.114,2,0.808,-0.044,51,1
37,132902.79,Self-Employed,752,20537.74,0.662,0,0.307,0.233,32,0
47,37234.54,Employed,686,14610.7,0.226,3,0.662,0.051,17,0
59,121459.68,Retired,545,14919.25,0.36,0,0.433,0.217,20,0
51,49151.44,Employed,770,13434.53,0.419,2,0.096,0.267,17,0
67,119485.24,Employed,655,10436.72,0.347,1,0.41,0.047,33,0
64,71332.02,Employed,664,66013.65,0.327,1,0.275,0.032,14,0
58,57156.83,Employed,567,15107.25,0.324,1,0.497,0.053,23,0
51,47438.27,Self-Employed,717,17639.75,0.422,0,0.488,-0.053,59,0
35,35881.58,Employed,718,7452.82,0.194,0,0.258,0.128,32,0
41,50914.13,Employed,676,25111.07,0.284,0,0.112,0.203,36,0
26,76778.56,Employed,649,13710.55,0.004,2,0.299,0.024,15,0
39,48700.49,Employed,850,19292.82,0.071,3,0.741,0.137,34,0
67,41843.37,Self-Employed,590,25371.97,0.155,1,0.142,0.082,10,0
42,43243.78,Employed,626,13872.38,0.478,1,0.559,0.082,37,0
26,80518.18,Employed,733,9835.99,0.309,0,0.532,0.098,16,0
53,90452.55,Employed,604,3653.2,0.455,1,0.279,0.126,54,0
69,35116.44,Self-Employed,598,11704.07,0.408,1,0.215,0.049,63,0
64,35091.21,Employed,765,9804.1,0.389,0,0.531,0.101,25,0
34,59259.39,Employed,725,7436.59,0.208,0,0.394,0.052,11,0
43,105215.51,Employed,716,35307.53,0.361,1,0.289,0.11,28,0
47,86941.88,Employed,694,26626.44,0.388,2,0.504,0.026,10,0
33,26214.66,Employed,628,4925.08,0.68,1,0.758,0.173,29,0
34,42957.31,Employed,661,16191.25,0.298,3,0.673,0.072,21,0
32,30782.4,Self-Employed,674,9042.16,0.46,1,0.428,-0.0,52,0
70,42883.56,Employed,743,18399.46,0.331,1,0.0,0.083,3,0
58,109338.63,Employed,712,9138.14,0.245,1,0.347,0.094,15,0
63,24069.47,Retired,610,10685.06,0.48,0,0.179,0.061,48,0
61,21819.67,Employed,739,26313.14,0.634,2,0.355,-0.029,26,0
68,32393.82,Employed,554,24139.49,0.389,0,0.323,0.09,57,0
26,56593.83,Employed,656,36522.66,0.248,0,0.331,0.113,35,0
65,66861.42,Employed,594,12961.92,0.42,1,0.637,0.134,38,0
24,61005.8,Employed,616,6164.75,0.392,0,0.35,0.181,39,0
44,88242.39,Unemployed,824,25662.25,0.682,4,0.34,0.14,41,0
50,20301.65,Employed,570,25751.61,0.461,1,0.505,0.126,32,1
38,88802.34,Self-Employed,619,21524.83,0.21,0,0.167,0.145,32,0
28,41938.2,Retired,718,9449.81,0.541,0,0.326,0.055,53,0
30,70667.93,Employed,645,7766.06,0.466,0,0.099,0.175,24,0
62,25293.11,Self-Employed,692,20365.11,0.49,0,0.537,0.094,37,0
36,49142.44,Employed,787,8675.93,0.417,2,0.451,0.085,29,0
36,55167.84,Employed,729,12273.72,0.501,0,0.855,0.0,45,0
67,87367.23,Unemployed,645,84449.25,0.416,0,0.041,0.135,54,0
28,22189.46,Employed,670,52964.08,0.312,2,0.613,0.127,27,1
66,49780.38,Retired,720,23756.56,0.37,0,0.014,0.159,20,0
67,28492.11,Employed,728,9923.29,0.333,2,0.181,-0.011,24,0
50,63117.16,Employed,682,9572.07,0.401,1,0.0,0.157,49,0
29,72302.09,Employed,707,22685.34,0.362,0,0.415,0.086,39,0
28,93300.91,Employed,707,36249.99,0.303,0,0.46,0.028,34,0
35,37514.59,Employed,673,10861.92,0.323,1,0.329,0.063,32,0
49,77933.66,Employed,635,11225.23,0.349,1,0.0,0.035,24,0
28,96804.7,Employed,736,15562.62,0.083,1,0.283,0.126,48,0
43,21555.29,Employed,702,6416.45,0.504,1,0.428,0.065,38,0
26,66580.86,Retired,524,6535.25,0.402,0,0.199,0.093,62,0
48,79162.31,Employed,618,7291.0,0.258,0,0.394,0.063,35,0
22,43072.36,Employed,644,20488.82,0.439,0,0.638,0.09,39,0
56,26758.65,Self-Employed,665,17382.11,0.274,0,0.274,0.009,28,0
23,78549.0,Self-Employed,770,29207.19,0.274,2,0.161,-0.061,25,0
30,26909.79,Retired,850,5206.6,0.406,0,0.382,0.313,34,0
29,44838.58,Retired,496,5942.3,0.565,2,0.799,0.103,53,1
62,48047.14,Employed,703,19407.85,0.392,3,0.511,0.336,28,0
23,70106.38,Employed,685,8749.76,0.234,1,0.068,0.094,28,0
42,35835.14,Self-Employed,666,9139.32,0.297,2,0.698,0.098,14,0
50,34811.68,Employed,721,27109.81,0.477,0,0.309,0.076,72,0
46,51506.21,Self-Employed,691,10596.0,0.411,3,0.349,0.145,26,0
55,81080.29,Employed,653,11366.79,0.494,1,0.116,0.108,14,0
61,153848.71,Retired,682,12707.47,0.409,2,0.433,-0.008,38,0
40,23069.33,Self-Employed,722,13178.58,0.466,0,0.0,0.015,39,0
62,57392.62,Employed,715,22269.24,0.652,0,0.152,0.002,47,0
36,28473.6,Employed,694,7143.78,0.147,0,0.534,0.108,38,0
70,81585.4,Retired,636,13188.89,0.711,0,0.428,0.112,9,0
46,30660.42,Self-Employed,850,29656.1,0.49,1,0.234,0.108,24,0
57,34985.04,Unemployed,707,53085.07,0.744,1,0.357,0.042,51,1
64,36510.84,Unemployed,737,6542.12,0.203,1,0.553,0.002,49,0
60,47188.27,Employed,642,18008.58,0.407,0,0.484,0.19,41,0
63,57618.49,Employed,694,13173.11,0.374,1,0.546,0.115,57,0
47,62433.09,Employed,694,13915.01,0.483,0,0.139,0.145,31,0
23,48879.64,Self-Employed,537,9193.49,0.42,0,0.244,0.175,52,0
45,25211.47,Self-Employed,626,23236.57,0.404,1,0.826,-0.065,28,0
30,70537.03,Employed,625,22532.1,0.467,0,0.313,0.104,61,0
65,47739.8,Retired,635,67085.64,0.334,0,0.299,0.188,27,0
32,87629.01,Employed,600,6683.2,0.273,2,0.427,-0.0,17,0
32,34410.97,Self-Employed,683,5173.24,0.418,1,0.449,0.008,17,0
33,22001.43,Employed,785,50657.31,0.272,2,0.181,0.006,56,1
53,48193.86,Employed,690,14312.16,0.331,0,0.0,-0.024,57,0
49,93711.51,Employed,591,11225.25,0.134,1,0.329,0.144,21,1
68,53128.62,Self-Employed,603,16530.21,0.358,1,0.396,0.113,25,0
41,44363.18,Self-Employed,652,6393.83,0.211,0,0.011,-0.002,2,0
35,31723.93,Employed,574,18499.82,0.345,0,0.459,-0.049,16,0
23,118052.32,Employed,703,14070.6,0.187,1,0.474,0.029,31,0
21,29295.78,Employed,781,28120.87,0.347,0,0.614,0.184,31,0
39,34108.53,Employed,637,24691.34,0.485,3,0.158,0.003,3,1
67,65187.11,Employed,686,25957.08,0.261,1,0.481,-0.043,13,0
47,19379.86,Employed,648,16555.96,0.21,0,0.521,0.084,63,0
65,92715.91,Unemployed,633,38661.82,0.467,1,0.725,-0.003,52,0
26,66976.46,Self-Employed,694,20863.4,0.487,1,0.587,0.228,37,0
25,76850.37,Employed,630,10722.8,0.414,0,0.632,0.104,37,0
62,64799.85,Self-Employed,619,9085.78,0.28,1,0.434,0.062,35,0
26,45226.49,Employed,559,9721.36,0.256,3,0.301,0.063,33,0
23,28808.5,Retired,685,21021.44,0.3,0,0.679,0.044,35,0
41,45704.97,Employed,760,6641.07,0.341,1,0.121,0.052,11,0
67,30103.05,Employed,733,16204.81,0.091,1,0.736,0.285,31,0
55,62509.74,Self-Employed,792,8957.76,0.203,1,0.574,0.168,5,0
25,73378.77,Employed,629,6961.34,0.538,1,0.326,0.074,32,0
62,102580.62,Unemployed,744,7669.46,0.381,2,0.05,0.109,41,0
63,59034.89,Retired,597,14555.51,0.534,0,0.385,0.031,27,1
61,77830.42,Self-Employed,733,23347.96,0.502,1,0.26,0.171,39,0
66,42252.87,Employed,803,9842.24,0.303,0,0.052,-0.1,33,0
32,38594.36,Employed,717,4248.89,0.305,1,0.274,0.042,42,0
69,62120.79,Employed,805,97988.01,0.495,1,0.599,0.002,40,1
37,40407.21,Employed,635,28873.46,0.464,1,0.398,0.159,22,0
61,56083.27,Retired,670,25831.95,0.498,1,0.347,0.085,14,0
49,28836.69,Employed,611,39211.57,0.348,1,0.055,-0.055,15,1
59,31545.5,Employed,683,15606.17,0.371,2,0.36,0.075,21,0
52,67353.13,Employed,700,13615.98,0.312,1,0.746,0.082,47,0
53,76369.99,Retired,682,33305.4,0.342,2,0.408,0.201,46,0
51,29946.63,Retired,644,33170.81,0.247,1,0.32,0.105,28,0
59,68549.21,Employed,643,21356.51,0.339,0,0.565,0.079,31,1
57,37557.64,Employed,706,25071.79,0.326,0,0.678,0.086,15,0
27,49427.02,Unemployed,668,7021.53,0.281,0,0.704,-0.1,16,0
62,99555.66,Employed,594,12651.34,0.469,2,0.476,0.016,41,0
47,73404.73,Retired,538,41039.44,0.138,0,0.039,-0.076,29,0
37,72979.66,Retired,635,23923.26,0.401,0,0.618,0.243,30,0
46,127311.89,Self-Employed,576,6141.27,0.212,1,0.314,0.043,45,0
69,34477.43,Employed,617,10735.79,0.223,1,0.284,0.133,42,0
63,29943.35,Self-Employed,648,37218.98,0.236,2,0.186,-0.001,32,0
62,34164.38,Retired,669,19401.98,0.421,2,0.519,0.05,53,0
44,43163.46,Employed,630,16467.33,0.011,1,0.611,0.054,27,0
60,15104.15,Retired,844,16767.15,0.375,2,0.253,0.123,21,0
40,44191.42,Employed,585,14042.77,0.357,1,0.541,0.068,16,0
55,37336.05,Retired,771,10780.07,0.204,0,0.642,0.028,53,0
52,72539.02,Self-Employed,668,8953.92,0.377,0,0.481,-0.084,26,0
33,58466.53,Employed,631,27070.36,0.168,0,0.4,0.258,35,0
34,36302.86,Employed,724,17026.52,0.343,1,0.366,0.038,63,0
24,65839.84,Employed,646,22566.73,0.162,0,0.256,0.048,23,0
27,70377.69,Employed,619,20496.58,0.658,0,0.567,0.033,37,0
42,33380.5,Retired,814,34379.99,0.479,0,0.651,0.192,37,0
44,38310.83,Employed,515,19395.29,0.387,0,0.429,0.027,36,0
29,16111.98,Retired,662,24201.4,0.207,1,0.302,0.041,49,0
41,28414.93,Employed,694,16323.64,0.309,1,0.508,0.096,41,0
51,33818.57,Self-Employed,786,8362.68,0.315,0,0.201,0.177,38,0
32,50872.77,Retired,650,12895.45,0.386,0,0.677,0.079,60,0
37,30555.77,Self-Employed,850,21035.18,0.41,0,0.651,0.084,13,0
39,37921.52,Retired,737,22172.4,0.384,2,0.509,0.07,17,0
46,26564.6,Retired,502,35263.96,0.401,3,0.306,0.042,34,1
39,53399.52,Self-Employed,571,11204.24,0.325,0,0.358,0.228,43,0
57,60648.93,Self-Employed,698,16908.96,0.401,1,0.017,0.015,34,0
37,59945.0,Employed,594,13663.82,0.254,1,0.231,0.112,25,0
42,49324.72,Employed,721,39127.76,0.19,0,0.562,0.035,54,0
39,22685.1,Employed,646,18506.35,0.627,1,0.23,0.128,47,1
30,35954.99,Unemployed,590,18720.16,0.412,1,0.925,0.075,26,0
55,39988.48,Self-Employed,608,14452.23,0.621,0,0.291,0.1,60,0
32,40068.76,Employed,744,12899.69,0.309,0,0.196,0.087,29,0
35,50893.51,Retired,528,6190.67,0.712,1,0.474,-0.008,31,0
60,99984.52,Employed,758,6927.67,0.362,1,0.484,0.075,12,0
68,73574.08,Retired,761,16437.27,0.522,3,0.7,-0.066,39,0
54,29918.76,Employed,655,15252.36,0.355,0,0.344,0.098,64,0
66,68816.68,Employed,575,16492.39,0.375,0,0.205,0.039,63,0
63,67518.11,Self-Employed,722,25973.54,0.333,1,0.272,0.062,30,0
45,32760.09,Employed,644,15611.51,0.276,1,0.665,0.082,27,0
59,74939.24,Self-Employed,566,11980.23,0.497,0,0.761,0.092,35,0
37,45243.38,Self-Employed,823,13017.04,0.349,0,0.269,-0.1,56,0
44,24222.16,Unemployed,614,17091.63,0.475,3,0.367,0.05,38,1
47,61549.77,Employed,570,11754.59,0.486,1,0.704,0.101,47,0
69,54637.78,Employed,701,27962.96,0.562,1,0.562,0.206,45,1
63,43746.25,Employed,675,14665.24,0.413,2,0.271,0.287,52,0
45,48111.35,Employed,791,17171.35,0.123,1,0.139,0.239,48,0
53,34216.29,Employed,651,9045.84,0.302,0,0.251,0.021,25,0
31,66507.18,Employed,652,27971.06,0.346,0,0.581,0.124,37,0
61,47967.29,Unemployed,705,35009.66,0.352,1,0.066,0.171,28,0
48,53275.1,Retired,695,6516.62,0.548,1,0.439,0.135,49,0
47,58604.75,Unemployed,697,18779.73,0.52,1,0.314,0.079,43,0
59,27521.07,Employed,700,13839.1,0.328,1,0.233,0.106,43,0
52,31346.52,Employed,692,17508.15,0.715,0,0.287,0.116,40,0
24,16236.67,Employed,649,19365.65,0.298,2,0.587,0.036,12,1
35,65014.86,Employed,742,3862.33,0.31,0,0.511,0.107,43,0
29,26739.44,Employed,653,23287.97,0.186,0,0.622,-0.013,16,0
57,52380.25,Retired,740,28780.08,0.116,1,0.215,0.277,20,0
22,59011.88,Self-Employed,784,30788.08,0.173,2,0.025,0.059,52,0
31,66249.05,Employed,629,8376.85,0.502,0,0.434,0.134,29,0
50,26849.21,Self-Employed,850,14492.93,0.461,0,0.391,0.109,14,0
55,47449.4,Retired,627,10685.58,0.217,3,0.286,0.101,26,0
46,112999.67,Employed,627,4679.06,0.365,1,0.0,0.14,46,0
64,115515.19,Unemployed,720,10174.88,0.471,2,0.584,0.182,28,0
66,80310.97,Employed,713,7704.31,0.045,0,0.0,0.1,52,0
27,58031.81,Employed,685,18046.66,0.616,2,0.55,0.157,49,0
68,29656.8,Retired,741,5547.66,0.508,2,0.54,0.131,50,0
51,70214.55,Employed,699,8203.13,0.472,1,0.527,-0.01,45,0
52,45296.7,Self-Employed,835,10811.02,0.53,1,0.379,0.096,16,0
25,64878.02,Employed,676,23437.58,0.044,1,0.0,0.076,31,0
52,35724.01,Employed,616,78171.86,0.317,1,0.04,0.143,42,0
57,44960.22,Self-Employed,639,17709.46,0.539,0,0.21,0.15,23,0
50,53213.83,Unemployed,715,7948.46,0.349,3,0.8,0.104,43,0
25,55444.57,Unemployed,716,9823.57,0.461,0,0.604,0.125,51,0
47,62746.71,Self-Employed,695,21912.99,0.567,0,0.354,0.107,18,0
67,36695.25,Employed,616,6584.0,0.456,1,0.259,0.049,8,0
57,25043.2,Employed,763,28510.61,0.311,0,0.423,0.194,36,1
27,110458.21,Self-Employed,825,17396.87,0.436,3,0.58,0.142,72,0
68,170182.57,Employed,682,13697.34,0.099,0,0.46,0.248,34,0
68,61310.74,Employed,816,5372.61,0.424,1,0.087,0.081,16,0
29,25285.94,Retired,745,25648.29,0.462,0,0.709,0.05,43,1
61,33302.99,Employed,846,9349.01,0.373,1,0.499,-0.072,40,0
41,63231.56,Employed,715,16191.07,0.524,0,0.282,0.282,44,0
50,95851.73,Retired,690,13436.15,0.392,0,0.471,0.14,68,0
43,26730.34,Employed,743,5708.55,0.372,0,0.661,0.161,17,0
60,46066.15,Self-Employed,647,12856.29,0.625,1,0.478,0.235,46,0
70,54066.28,Employed,711,7142.58,0.206,0,0.491,0.11,35,0
60,75530.3,Employed,780,9984.49,0.559,0,0.731,0.042,41,0
67,41282.73,Self-Employed,741,19142.53,0.547,0,0.256,0.171,25,0
68,22428.61,Employed,678,22504.62,0.477,1,0.183,0.08,14,0
25,66876.22,Self-Employed,695,14604.02,0.289,0,0.297,-0.047,60,0
33,86025.41,Employed,737,8687.45,0.401,2,0.585,0.22,62,0
57,47037.68,Employed,734,10012.14,0.229,0,0.611,0.011,64,0
50,60031.22,Employed,736,9908.38,0.266,2,0.436,0.04,24,0
23,38667.49,Employed,705,4095.98,0.37,1,0.214,0.161,33,0
25,32116.13,Employed,618,15428.26,0.217,3,0.792,-0.062,53,0
47,81896.61,Self-Employed,630,5433.59,0.315,0,0.145,0.106,33,0
51,59500.97,Employed,715,15455.46,0.185,0,0.299,0.119,25,0
29,62641.56,Employed,742,6150.81,0.448,1,0.245,0.184,41,0
29,103886.85,Employed,733,7159.87,0.595,0,0.633,0.147,17,0
27,28928.39,Employed,629,22052.24,0.68,0,0.361,0.157,8,0
49,37197.13,Employed,669,14984.05,0.195,0,0.762,0.17,70,1
21,53048.75,Retired,592,4765.2,0.221,2,0.576,0.216,31,0
49,36969.31,Self-Employed,576,10558.87,0.343,0,0.195,0.062,47,1
44,72516.42,Self-Employed,686,17277.65,0.473,1,0.33,0.019,31,1
44,44636.2,Employed,782,10182.5,0.336,0,0.283,0.023,39,0
54,29843.84,Employed,687,12017.38,0.512,0,0.704,0.148,36,0
47,50659.69,Self-Employed,823,17093.33,0.447,1,0.586,0.075,13,0
57,53378.82,Employed,668,15166.16,0.102,3,0.051,0.05,26,0
59,78224.72,Self-Employed,682,8140.82,0.375,0,0.516,0.184,46,0
67,59669.15,Retired,606,14963.68,0.181,2,0.386,0.144,40,0
60,61732.96,Employed,654,12426.58,0.282,0,0.119,0.224,35,0
46,57534.83,Unemployed,591,41542.45,0.305,2,0.218,0.121,4,1
45,44617.83,Employed,564,13879.25,0.478,0,0.352,0.143,43,0
32,34265.37,Employed,592,16010.24,0.363,0,0.0,0.066,28,0
50,56637.08,Employed,686,17255.25,0.297,1,0.449,-0.071,26,1
27,41499.54,Employed,625,12168.64,0.681,1,0.419,0.056,23,0
67,114109.22,Employed,643,9585.88,0.233,1,0.344,0.04,36,0
63,95902.87,Self-Employed,711,19455.02,0.41,0,0.408,-0.009,33,0
26,67266.63,Self-Employed,564,19550.72,0.467,1,0.35,0.113,29,0
60,59232.96,Employed,686,51510.76,0.392,1,0.153,0.173,55,0
26,46911.61,Employed,744,23050.65,0.232,1,0.259,0.062,36,0
57,26093.41,Self-Employed,750,23285.07,0.224,1,0.229,0.131,13,0
25,43998.63,Employed,719,22711.83,0.46,1,0.539,0.054,25,0
45,51570.24,Unemployed,676,9757.65,0.523,0,0.166,0.087,38,0
53,54980.19,Employed,633,6941.1,0.359,1,0.278,0.051,45,0
57,61992.47,Retired,674,8085.64,0.169,1,0.406,0.124,20,0
41,77704.24,Employed,804,22309.84,0.368,3,0.065,0.146,20,0
67,34680.16,Employed,700,34647.33,0.594,0,0.3,0.237,42,0
59,34837.94,Self-Employed,672,22934.59,0.216,1,0.405,0.054,36,0
31,101258.14,Employed,722,13357.58,0.319,0,0.434,0.083,41,0
54,72077.04,Employed,684,40376.56,0.375,1,0.474,0.19,25,0
57,40320.47,Employed,697,11314.13,0.53,1,0.23,0.073,47,0
37,46462.2,Self-Employed,661,7413.87,0.287,1,0.157,0.14,47,0
57,46566.8,Employed,649,17185.05,0.439,0,0.295,0.06,44,0
65,49800.84,Employed,755,32052.05,0.575,1,0.44,0.131,28,0
61,62090.08,Employed,534,8899.23,0.144,0,0.334,0.148,28,0
59,174119.37,Employed,716,5308.81,0.17,0,0.152,0.204,32,0
52,53899.6,Retired,644,15102.61,0.353,0,0.885,0.039,8,0
34,68275.01,Employed,537,23455.54,0.514,0,0.224,0.139,29,1
60,21094.37,Employed,607,2493.05,0.417,1,0.106,0.089,48,0
39,38466.77,Employed,677,26540.34,0.527,1,0.245,-0.031,22,0
47,90617.94,Employed,688,6502.37,0.111,0,0.59,0.05,62,0
36,59943.5,Retired,736,22808.71,0.418,0,0.525,0.04,16,0
36,12000.0,Employed,741,4455.88,0.0,0,0.793,0.134,20,0
28,68666.15,Self-Employed,564,6094.18,0.566,0,0.177,0.03,24,0
69,127910.0,Employed,708,21401.82,0.545,0,0.333,0.107,43,0
28,18070.68,Self-Employed,735,30621.62,0.317,1,0.623,0.101,29,1
25,104787.93,Employed,696,14684.02,0.02,1,0.169,0.152,16,0
67,12259.08,Employed,718,62143.82,0.335,1,0.655,0.062,43,1
48,78354.56,Employed,535,7993.97,0.534,0,0.408,-0.018,38,0
42,48809.28,Employed,606,7932.94,0.429,0,0.224,0.174,23,0
57,15138.77,Retired,782,12316.19,0.644,2,0.022,0.055,61,0
40,61271.43,Self-Employed,659,11969.48,0.322,0,0.515,0.188,46,0
27,87152.95,Employed,847,17502.33,0.671,2,0.725,0.098,43,0
57,58802.73,Employed,584,9454.89,0.063,0,0.475,0.106,26,0
29,65671.07,Self-Employed,797,20754.25,0.253,0,0.487,0.149,19,0
48,39901.21,Employed,634,20458.74,0.172,0,0.458,0.152,56,0
68,19327.9,Employed,745,38871.97,0.477,0,0.603,0.094,21,1
67,69281.42,Self-Employed,658,11000.92,0.185,0,0.67,0.065,43,0
39,117580.32,Employed,689,18073.15,0.517,0,0.0,0.096,49,0
60,86231.47,Employed,725,21237.11,0.469,1,0.33,-0.044,14,0
51,18143.4,Employed,634,14700.88,0.393,0,0.264,0.179,32,0
44,22983.98,Employed,740,13003.84,0.349,1,0.442,0.031,20,0
27,32113.0,Self-Employed,660,4280.15,0.208,0,0.313,0.059,40,0
39,22103.96,Self-Employed,693,15522.35,0.456,0,0.498,0.068,22,0
53,50115.97,Retired,482,21105.71,0.29,1,0.473,0.13,21,0
70,59677.35,Employed,655,14261.38,0.481,1,0.0,0.09,15,0
21,23977.55,Self-Employed,775,9233.88,0.59,2,0.0,0.153,34,0
56,72298.9,Retired,732,5390.92,0.319,2,0.566,0.141,9,0
63,66207.69,Self-Employed,746,19376.86,0.563,0,0.217,0.035,57,0
68,37269.12,Retired,684,15061.21,0.394,0,0.778,0.035,31,0
42,44969.47,Retired,806,33995.07,0.455,1,0.588,0.078,47,0
26,18492.11,Unemployed,702,6187.97,0.167,2,0.007,0.157,33,0
34,41517.44,Retired,630,11134.62,0.262,0,0.225,0.143,39,0
63,49202.14,Self-Employed,744,6682.29,0.261,0,0.453,0.151,15,1
64,53336.37,Employed,749,27315.0,0.567,0,0.302,0.079,43,0
52,59245.11,Retired,727,31052.11,0.313,1,0.362,0.18,17,0
27,55388.15,Unemployed,650,46795.87,0.46,1,0.156,0.128,55,1
27,42951.56,Employed,701,20188.22,0.354,2,0.476,0.053,27,0
44,56562.27,Employed,784,23707.85,0.312,1,0.404,0.079,45,0
50,80903.79,Employed,716,19180.52,0.144,1,0.566,0.165,16,0
22,46735.11,Unemployed,569,20824.04,0.079,1,0.389,0.22,46,0
55,57457.31,Employed,633,15206.01,0.314,0,0.262,-0.038,9,0
48,44663.62,Employed,629,21403.22,0.323,2,0.43,0.121,10,0
21,35476.31,Employed,623,53316.22,0.233,0,0.48,-0.028,50,1
25,63668.16,Employed,522,16834.87,0.387,0,0.4,0.04,49,1
43,37137.67,Retired,822,14978.99,0.66,1,0.67,0.137,28,0
57,59460.85,Employed,614,16628.03,0.589,1,0.161,0.109,29,0
62,49718.27,Employed,620,13501.35,0.363,1,0.6,0.035,32,0
42,42109.67,Employed,534,17117.44,0.368,2,0.132,0.065,39,0
35,41603.04,Self-Employed,745,13229.46,0.455,0,0.544,0.174,49,0
69,38022.73,Self-Employed,673,29330.69,0.396,1,0.0,0.106,29,0
43,21527.78,Employed,654,27623.88,0.456,1,0.334,0.1,11,0
36,59364.25,Employed,658,54152.58,0.4,1,0.61,0.182,33,0
43,55037.69,Retired,724,14557.71,0.373,1,0.309,0.162,23,0
21,74969.39,Self-Employed,644,17556.55,0.261,0,0.377,0.069,54,0
36,37581.66,Self-Employed,531,17123.1,0.411,2,0.458,0.149,29,0
46,126461.33,Employed,583,16643.18,0.018,0,0.0,0.08,52,0
66,40543.55,Retired,579,29085.53,0.397,0,0.462,0.108,34,0
57,31648.47,Self-Employed,701,5569.22,0.047,2,0.186,-0.037,25,0
60,29826.65,Employed,750,19466.01,0.397,0,0.603,0.055,52,0
48,20599.84,Retired,790,48896.52,0.21,1,0.373,0.112,23,1
26,105483.94,Retired,557,33448.68,0.549,0,0.454,0.01,34,1
40,97298.0,Self-Employed,727,31230.18,0.37,0,0.131,0.074,29,0
70,66195.82,Self-Employed,634,24470.82,0.357,0,0.568,-0.029,22,0
23,31318.23,Employed,850,10327.15,0.418,2,0.385,0.156,39,0
64,121252.91,Employed,784,9415.33,0.227,2,0.059,0.211,25,0
55,41115.5,Employed,808,9459.57,0.525,1,0.277,0.019,22,0
35,42851.12,Employed,740,7457.14,0.461,2,0.537,-0.027,32,0
59,100572.04,Employed,709,26055.0,0.274,0,0.418,0.143,25,0
62,68149.24,Employed,650,35632.66,0.198,1,0.545,0.12,28,0
23,147347.88,Retired,635,19161.46,0.294,2,0.308,0.136,32,0
26,55512.37,Employed,620,23929.59,0.334,0,0.655,0.156,43,0
54,40194.47,Unemployed,726,17607.52,0.187,0,0.698,0.111,27,0
70,36101.78,Employed,797,20769.81,0.281,2,0.002,0.209,15,0
22,19467.5,Employed,653,4145.46,0.261,3,0.518,0.218,42,0
54,42646.57,Employed,626,17833.0,0.32,1,0.721,0.253,25,0
27,86881.18,Employed,569,11437.77,0.321,0,0.493,0.265,39,0
53,66132.6,Employed,698,14413.26,0.423,1,0.379,0.043,51,0
52,49521.09,Employed,772,16906.59,0.355,0,0.097,0.186,33,0
25,29808.02,Self-Employed,776,9610.77,0.41,0,0.32,0.115,21,0
55,54909.22,Employed,783,7743.69,0.387,1,0.276,-0.053,31,0
65,81341.11,Employed,711,9437.34,0.321,1,0.582,0.141,23,0
64,60800.89,Employed,687,6191.91,0.453,1,0.607,0.043,22,0
22,53282.73,Employed,776,7382.56,0.0,1,0.352,0.1,28,0
33,32909.65,Employed,597,8016.56,0.296,3,0.179,0.009,16,0
33,75628.68,Employed,647,6241.34,0.264,2,0.0,0.204,18,0
43,12000.0,Self-Employed,808,20277.46,0.368,1,0.518,0.028,44,0
28,59362.79,Self-Employed,599,8601.59,0.255,0,0.499,0.041,36,1
63,177222.45,Unemployed,677,4827.55,0.432,0,0.0,0.191,39,0
59,23059.04,Self-Employed,727,11605.66,0.459,0,0.503,0.122,45,0
61,43447.79,Employed,686,7570.89,0.142,0,0.58,0.244,7,0
30,48827.28,Employed,766,35434.8,0.384,1,0.0,0.171,29,0
21,38898.41,Employed,794,15990.48,0.158,0,0.166,0.188,56,0
66,82305.0,Self-Employed,716,6110.18,0.422,2,0.935,0.017,59,0
35,62082.88,Employed,784,20769.03,0.28,2,0.405,0.128,24,0
53,52899.55,Employed,610,15537.09,0.229,1,0.894,0.246,21,0
66,73030.78,Retired,668,12795.32,0.093,1,0.442,0.013,3,0
22,49433.09,Employed,850,37978.35,0.336,0,0.636,0.101,28,0
21,240369.41,Employed,826,8222.98,0.176,0,0.327,0.092,42,0
21,52874.34,Retired,584,27476.54,0.127,0,0.248,0.122,47,0
28,54048.72,Employed,679,11548.22,0.378,0,0.044,0.161,14,0
23,20842.84,Employed,690,14603.06,0.495,2,0.514,0.111,31,1
61,37356.97,Employed,711,9415.42,0.409,1,0.209,0.262,26,0
51,87002.21,Employed,776,9782.55,0.135,1,0.185,-0.088,17,0
70,25141.41,Retired,818,11365.94,0.329,1,0.053,-0.1,24,0
61,16667.59,Self-Employed,683,4719.89,0.452,1,0.404,0.08,46,0
69,49819.3,Employed,764,18178.4,0.33,1,0.565,0.202,41,0
32,97282.29,Employed,729,15818.51,0.399,4,0.345,0.088,39,0
35,50070.67,Employed,678,6011.18,0.284,0,0.326,0.066,54,0
63,41437.34,Employed,553,21937.92,0.292,2,0.735,-0.052,32,1
33,19355.97,Employed,756,35391.89,0.251,0,0.043,0.076,31,1
23,61459.09,Employed,725,9909.89,0.442,0,0.797,0.058,40,0
54,68229.86,Self-Employed,709,9220.07,0.451,0,0.102,0.086,19,0
61,20113.24,Unemployed,606,28797.61,0.267,1,0.373,0.089,46,0
69,86445.22,Retired,827,18806.37,0.463,0,0.48,0.155,43,0
67,71886.79,Unemployed,691,13608.44,0.136,0,0.615,0.065,39,0
27,86349.47,Employed,594,24070.38,0.324,0,0.048,0.032,23,0
59,65628.32,Self-Employed,582,17404.19,0.147,0,0.436,0.101,44,0
63,67971.34,Retired,731,34790.52,0.18,1,0.264,0.098,59,0
55,63599.47,Employed,733,14617.1,0.145,1,0.618,0.002,42,0
61,75677.5,Employed,645,19070.22,0.252,1,0.262,0.13,25,0
62,19744.32,Employed,715,28533.58,0.443,2,0.0,-0.001,60,0
43,23143.52,Retired,730,3399.22,0.338,1,0.48,0.152,40,0
23,33928.0,Retired,690,29159.87,0.262,0,0.393,0.058,60,0
43,45939.93,Unemployed,627,10904.56,0.324,1,0.79,0.009,19,0
31,59520.05,Employed,752,19929.74,0.042,1,0.611,0.322,24,0
26,57661.26,Retired,743,40073.72,0.436,2,0.206,0.108,46,0
27,85695.27,Employed,723,12289.01,0.013,0,0.614,0.185,2,0
55,87050.84,Employed,617,11233.88,0.244,0,0.421,0.094,62,0
46,31691.62,Employed,580,14287.7,0.338,0,0.557,0.205,53,0
47,55231.46,Self-Employed,686,6177.23,0.417,0,0.233,0.159,24,0
58,32083.09,Retired,750,55241.75,0.386,0,0.316,0.078,52,0
48,44617.28,Employed,758,14392.9,0.343,0,0.543,0.178,35,0
52,57577.99,Employed,724,39630.5,0.569,2,0.561,0.195,31,0
25,12000.0,Employed,646,12089.29,0.652,0,0.0,0.067,19,0
63,163672.38,Employed,620,15069.13,0.351,1,0.527,0.099,49,0
43,65069.05,Unemployed,679,26018.38,0.335,0,0.214,0.267,44,0
28,36393.61,Employed,679,7621.06,0.326,4,0.452,0.116,38,0
61,128500.09,Employed,763,13883.69,0.258,1,0.036,0.189,17,0
57,41203.74,Employed,644,25440.09,0.406,0,0.594,0.166,42,1
23,52378.93,Self-Employed,650,12993.18,0.541,0,0.549,0.187,49,0
30,38424.17,Unemployed,834,11049.67,0.0,1,0.218,0.18,61,0
21,111971.08,Employed,796,28828.99,0.325,1,0.488,-0.1,32,0
34,46513.95,Employed,614,34223.55,0.573,1,0.392,0.058,27,0
25,52825.12,Retired,790,37649.69,0.409,0,0.533,0.076,19,0
56,89490.8,Employed,596,9847.82,0.412,0,0.096,0.123,36,0
47,65681.31,Employed,647,10429.68,0.11,0,0.133,0.03,47,0
70,47706.64,Employed,656,11126.13,0.455,1,0.239,0.091,64,0
58,85408.04,Retired,674,22722.53,0.501,1,0.389,-0.001,42,0
51,174423.51,Self-Employed,726,7200.61,0.38,1,0.759,-0.062,55,0
46,57452.01,Employed,688,7448.73,0.252,1,0.438,0.315,37,0
23,51967.82,Employed,726,9618.05,0.416,1,0.608,0.066,45,0
24,53386.52,Employed,650,8409.07,0.194,0,0.207,0.202,27,0
51,94392.3,Employed,708,25099.83,0.174,0,0.274,0.172,39,0
21,36330.07,Employed,686,24105.21,0.47,1,0.251,0.067,20,0
23,42652.5,Employed,576,11058.9,0.514,1,0.356,0.222,51,0
31,22726.31,Employed,716,13143.47,0.239,0,0.547,0.029,67,0
65,27121.07,Employed,687,3216.86,0.175,0,0.326,0.094,37,0
43,37839.17,Employed,626,11221.01,0.218,2,0.333,0.149,28,0
56,47668.76,Employed,648,31143.85,0.38,1,0.528,0.103,93,0
41,118722.21,Unemployed,650,10860.72,0.175,2,0.289,0.087,52,0
29,64086.97,Employed,662,7665.57,0.543,2,0.23,-0.056,58,0
39,31068.84,Retired,812,33716.25,0.28,0,0.326,0.162,41,0
25,34064.46,Retired,837,7565.18,0.405,1,0.801,0.173,20,0
59,97477.25,Retired,476,37333.12,0.239,0,0.594,0.062,32,0
30,86103.49,Employed,717,83512.16,0.438,1,0.817,0.175,36,0
39,49715.65,Employed,752,13826.93,0.45,1,0.113,0.12,34,0
70,39290.45,Self-Employed,664,31140.58,0.098,0,0.486,0.188,19,1
50,86031.3,Employed,750,5424.28,0.248,0,0.318,0.163,35,0
43,29831.99,Employed,804,5282.92,0.327,0,0.331,0.076,18,0
48,59636.03,Employed,577,9154.16,0.271,0,0.061,0.268,15,0
60,152715.12,Employed,690,24184.13,0.481,0,0.686,0.029,23,0
33,54321.63,Unemployed,827,14780.24,0.26,2,0.043,-0.1,31,0
52,33262.81,Employed,587,13202.47,0.457,1,0.596,-0.1,32,1
64,60185.36,Retired,671,6805.58,0.423,0,0.313,0.136,33,0
49,38754.25,Self-Employed,646,13678.63,0.334,1,0.2,-0.081,62,0
43,24414.73,Employed,759,10034.99,0.463,1,0.19,0.049,33,0
28,69599.87,Employed,769,8488.8,0.119,2,0.411,0.19,7,0
33,85726.49,Employed,692,8067.37,0.341,1,0.319,-0.1,30,0
68,41963.13,Retired,682,16566.93,0.234,1,0.401,0.081,31,0
48,40594.27,Self-Employed,551,9583.55,0.334,0,0.0,0.094,2,0
36,30309.53,Self-Employed,787,14707.16,0.28,0,0.0,-0.023,34,0
41,45480.19,Self-Employed,654,5108.15,0.359,1,0.0,0.12,26,0
49,37005.28,Employed,669,19967.94,0.351,0,0.577,0.085,33,0
47,29569.06,Retired,753,17058.91,0.371,1,0.719,0.149,37,0
55,126258.22,Retired,695,12851.02,0.377,2,0.342,0.096,32,0
33,61898.2,Self-Employed,755,16267.27,0.436,2,0.564,0.061,32,0
53,65264.11,Employed,725,25861.25,0.161,1,0.476,0.129,26,0
43,76244.44,Employed,695,6190.15,0.426,0,0.657,0.202,42,0
68,72079.01,Employed,703,15367.61,0.123,1,0.665,0.21,28,0
28,39872.61,Employed,596,6747.43,0.0,0,0.128,0.148,43,0
28,56177.76,Employed,669,15561.65,0.646,0,0.442,0.166,17,0
44,42851.02,Self-Employed,761,12640.83,0.209,2,0.588,0.047,27,0
46,61036.77,Retired,613,14545.73,0.283,2,0.589,0.079,41,0
55,58153.74,Employed,626,24564.26,0.07,0,0.569,0.137,17,0
41,40484.31,Employed,614,24127.46,0.282,5,0.393,0.12,25,1
66,25218.94,Employed,692,28339.88,0.381,1,0.549,0.149,42,0
44,52739.42,Retired,785,11639.66,0.386,2,0.087,0.215,22,0
27,44261.27,Self-Employed,721,22514.22,0.169,0,0.098,0.091,52,0
26,19049.84,Employed,517,20009.91,0.283,0,0.732,-0.018,34,1
69,63185.55,Employed,729,11816.76,0.405,2,0.639,0.029,29,0
27,79433.15,Employed,647,15840.44,0.386,0,0.748,0.117,42,0
68,173542.58,Employed,718,13639.0,0.369,0,0.366,0.07,35,0
34,40311.87,Employed,669,34095.88,0.464,0,0.185,0.002,34,0
25,37445.58,Employed,615,24007.7,0.334,1,0.359,0.097,31,0
36,28149.63,Employed,675,12070.03,0.559,0,0.826,0.041,31,0
51,54410.96,Employed,647,11576.52,0.306,3,0.216,0.147,18,0
42,54239.2,Employed,703,26227.64,0.454,1,0.362,0.222,43,0
60,32674.55,Self-Employed,614,32990.72,0.46,0,0.668,0.193,25,1
51,44915.36,Employed,596,17842.19,0.104,0,0.418,0.026,48,0
41,18227.14,Employed,735,21919.75,0.416,1,0.315,0.05,20,0
52,77900.56,Retired,763,32269.54,0.254,1,0.566,-0.023,51,0
69,33344.91,Employed,724,13294.8,0.199,1,0.295,0.19,22,0
41,48178.68,Self-Employed,631,15523.07,0.286,1,0.505,0.111,45,0
28,24020.27,Employed,624,19772.29,0.374,0,0.0,0.228,28,0
41,36637.34,Self-Employed,629,11414.06,0.115,1,0.015,0.149,36,0
63,42625.35,Employed,747,40922.16,0.354,0,0.349,0.064,25,0
31,48744.84,Employed,618,11352.56,0.317,1,0.694,-0.042,22,0
68,62309.32,Employed,746,15317.81,0.506,0,0.364,0.125,28,0
50,100663.4,Self-Employed,728,46621.9,0.255,1,0.389,0.268,43,0
51,70710.93,Self-Employed,773,4831.61,0.528,2,0.455,0.168,43,0
36,79307.05,Self-Employed,760,16807.41,0.408,0,0.309,0.09,42,0
67,101017.8,Employed,721,9933.42,0.345,0,0.046,0.168,37,0
22,65176.48,Self-Employed,570,14766.28,0.541,1,0.552,0.159,65,0
35,48129.3,Employed,726,7161.48,0.638,0,0.458,0.202,22,0
41,81190.7,Employed,689,11819.11,0.318,0,0.475,0.032,32,0
44,83826.51,Employed,652,14985.92,0.239,2,0.155,0.135,2,0
44,67797.66,Employed,782,17034.43,0.414,0,0.736,-0.019,40,0
28,23687.11,Unemployed,669,25270.34,0.137,1,0.306,-0.05,21,1
32,32185.46,Employed,640,3661.75,0.155,0,0.715,0.156,33,0
25,42726.43,Employed,764,13690.79,0.546,0,0.0,0.2,23,0
49,72389.06,Retired,650,13295.55,0.436,0,0.306,0.1,31,0
38,48500.37,Retired,637,14206.19,0.221,0,0.735,0.093,36,0
49,86546.26,Employed,595,15053.49,0.82,1,0.369,0.128,23,1
50,94619.45,Retired,618,8972.59,0.143,0,0.0,0.192,38,0
56,89284.68,Employed,625,5836.01,0.443,2,0.189,0.172,27,0
48,89569.51,Unemployed,727,16818.99,0.231,0,0.462,0.126,24,0
53,29187.71,Employed,604,8131.08,0.617,0,0.716,0.155,43,0
50,62399.82,Employed,541,18800.61,0.27,1,0.337,0.166,37,0
53,36179.05,Retired,703,8414.23,0.307,0,0.641,0.014,8,0
51,21492.66,Employed,632,22373.52,0.079,2,0.487,0.143,29,0
36,42457.74,Unemployed,679,14290.16,0.662,2,0.309,-0.003,19,1
33,95069.98,Employed,776,14897.89,0.257,2,0.573,0.186,54,0
60,61720.48,Employed,685,12736.07,0.422,0,0.611,0.168,23,0
38,134444.22,Retired,793,11567.87,0.351,1,0.337,0.105,24,0
48,53563.07,Employed,675,12838.58,0.267,0,0.242,0.085,34,0
30,166691.72,Retired,756,30001.13,0.016,0,0.044,0.192,41,0
42,53570.86,Unemployed,639,5880.38,0.316,1,0.492,0.122,24,1
47,49574.91,Employed,688,10007.78,0.309,1,0.273,0.121,36,0
52,25856.18,Employed,610,27833.52,0.398,1,0.515,0.127,38,0
47,85415.37,Employed,619,24145.76,0.672,0,0.464,0.133,9,0
39,38136.89,Employed,663,33061.28,0.447,0,0.477,0.194,41,0
69,35471.19,Employed,580,14249.18,0.479,0,0.364,-0.029,26,0
46,93024.23,Employed,692,6694.39,0.304,1,0.119,0.091,17,0
61,87475.26,Unemployed,657,7595.38,0.153,1,0.504,-0.062,60,0
57,86338.05,Employed,698,12342.12,0.308,1,0.584,0.132,21,0
48,40900.78,Self-Employed,582,23304.88,0.24,1,0.912,0.049,45,0
65,47787.15,Employed,733,12672.54,0.342,1,0.269,0.111,41,0
27,47575.48,Employed,807,12100.37,0.276,1,0.17,0.038,9,0
67,72494.0,Employed,791,18735.23,0.098,2,0.143,0.035,23,0
63,106593.98,Employed,823,15012.42,0.54,0,0.389,0.065,18,0
46,58928.1,Employed,683,11334.96,0.329,0,0.577,0.107,47,0
57,131589.9,Employed,654,8095.73,0.3,0,0.596,0.155,45,0
47,76772.15,Unemployed,717,26060.39,0.184,0,0.745,0.041,57,0
34,43590.75,Unemployed,662,27686.16,0.279,0,0.485,0.111,19,0
60,74187.85,Employed,549,7827.42,0.221,2,0.136,0.132,69,0
33,115032.52,Retired,741,11596.22,0.171,3,0.453,0.061,48,0
36,133138.4,Retired,662,22030.51,0.374,1,0.0,0.13,58,0
46,88738.19,Employed,570,7460.69,0.28,1,0.324,-0.004,36,0
62,49654.15,Retired,642,18381.62,0.462,0,0.307,0.028,30,0
40,43987.17,Employed,664,12138.1,0.296,1,0.501,0.185,21,0
45,65384.12,Self-Employed,681,7114.89,0.367,0,0.497,-0.079,53,0
23,113208.58,Employed,682,42890.49,0.363,0,0.237,0.073,32,0
26,60893.67,Unemployed,783,12029.77,0.408,0,0.244,0.106,32,0
23,61529.13,Unemployed,583,20223.17,0.224,0,0.414,0.12,51,0
24,50296.91,Retired,669,7534.87,0.485,0,0.505,0.123,46,0
64,41608.28,Retired,614,37474.05,0.173,0,0.562,0.082,31,0
63,45203.63,Employed,774,47497.47,0.356,1,0.293,0.07,36,0
62,52455.11,Self-Employed,638,5995.07,0.169,3,0.389,0.032,38,0
23,115734.03,Employed,654,13376.62,0.332,1,0.171,0.224,35,0
24,43483.77,Employed,759,32752.46,0.484,1,0.174,0.162,52,0
35,50327.46,Employed,779,11147.17,0.433,0,0.0,0.123,42,0
49,31802.85,Retired,790,18874.73,0.509,0,0.261,0.094,30,0
37,70144.7,Self-Employed,557,5387.26,0.305,1,0.681,0.052,54,0
45,97084.75,Employed,716,9200.55,0.486,0,0.712,0.096,25,0
29,110442.35,Retired,700,17730.23,0.246,0,0.525,0.023,33,0
57,54267.58,Unemployed,676,10366.38,0.281,1,0.621,0.21,31,0
36,65328.07,Employed,685,11892.69,0.37,3,0.578,0.03,29,0
24,45398.07,Employed,776,5947.08,0.478,1,0.438,-0.0,30,0
58,63831.96,Self-Employed,758,21860.57,0.268,1,0.0,0.338,49,0
66,57353.12,Self-Employed,747,6609.43,0.454,3,0.898,0.089,35,0
21,50469.89,Employed,696,37213.1,0.385,0,0.354,0.031,60,0
42,52516.19,Employed,850,9802.42,0.401,1,0.353,0.161,27,0
62,61448.9,Employed,650,23871.05,0.222,1,0.721,-0.007,26,0
56,42316.14,Employed,559,22501.17,0.292,0,0.435,0.044,15,0
63,43423.31,Employed,660,8175.96,0.336,1,0.954,0.164,15,0
41,115114.32,Employed,684,10451.97,0.401,3,0.217,0.272,23,0
39,190093.89,Employed,778,11220.94,0.229,1,0.628,0.182,23,0
56,26844.51,Self-Employed,642,11686.72,0.156,1,0.346,0.158,26,0
28,26114.98,Employed,717,6777.74,0.03,1,0.422,0.212,37,0
32,30376.47,Employed,569,20339.53,0.462,1,0.206,0.077,22,0
51,46553.42,Employed,761,9766.87,0.492,0,0.261,-0.017,59,0
54,76717.89,Retired,685,13787.2,0.049,1,0.684,0.044,33,0
26,65882.39,Employed,659,27005.94,0.361,2,0.514,0.21,47,0
46,53424.01,Employed,840,20807.7,0.293,1,0.493,0.005,22,0
39,63861.23,Employed,760,10170.19,0.533,3,0.041,0.089,29,0
46,34681.33,Self-Employed,602,27572.09,0.318,1,0.047,0.104,39,0
68,43388.02,Employed,672,22011.58,0.432,0,0.197,0.134,41,0
24,48530.74,Employed,850,9667.19,0.286,0,0.313,0.149,48,0
70,22200.98,Unemployed,828,10846.21,0.247,0,0.377,0.152,15,0
43,27428.69,Self-Employed,749,26911.32,0.465,1,0.47,0.337,74,0
59,27979.21,Employed,541,23557.65,0.512,0,0.625,0.162,59,0
42,71829.76,Employed,780,5993.68,0.16,3,0.723,0.216,38,0
36,55418.98,Retired,632,8075.94,0.521,0,0.443,0.105,40,0
59,66538.14,Retired,779,22409.21,0.204,0,0.214,0.26,38,0
55,19539.09,Self-Employed,626,7298.14,0.0,0,0.56,0.038,20,0
28,23346.83,Self-Employed,717,23931.78,0.352,1,0.441,0.182,14,0
56,68296.08,Retired,632,47168.06,0.426,0,0.503,0.092,18,0
58,12218.0,Retired,653,18471.31,0.123,1,0.665,0.18,16,1
40,90428.49,Employed,727,8486.29,0.053,1,0.315,0.145,60,0
67,19699.36,Retired,581,16414.22,0.276,1,0.72,0.203,27,0
53,74732.66,Self-Employed,850,27467.75,0.256,0,0.087,0.141,51,0
37,31435.96,Employed,603,15667.54,0.555,1,0.56,0.097,31,0
21,82822.24,Employed,599,19738.02,0.352,0,0.257,0.181,33,0
54,243794.38,Employed,727,9139.42,0.46,0,0.449,0.035,31,0
31,15731.36,Unemployed,777,9564.35,0.381,2,0.472,-0.041,26,0
58,69403.22,Self-Employed,656,25428.71,0.585,0,0.323,-0.075,61,0
47,19849.19,Employed,600,9631.2,0.216,3,0.259,0.246,37,0
44,60680.91,Employed,611,3128.4,0.337,0,0.213,0.121,56,0
29,44205.92,Employed,603,12285.81,0.115,1,0.463,0.139,38,0
56,52307.3,Employed,703,17827.86,0.472,1,0.54,0.073,56,0
29,31074.94,Employed,675,27864.43,0.517,0,0.801,0.126,36,0
41,72422.37,Self-Employed,712,39634.9,0.481,1,0.344,0.044,31,0
62,23761.48,Employed,707,15534.52,0.331,0,0.062,0.099,13,0
67,91200.77,Employed,742,21920.34,0.127,1,0.504,-0.043,46,0
70,39949.64,Employed,649,15873.02,0.337,0,0.017,-0.05,58,0
68,24310.28,Employed,625,18259.52,0.248,0,0.752,-0.004,50,1
48,108821.96,Retired,692,13198.84,0.488,0,0.567,0.033,28,0
31,47397.69,Self-Employed,676,18617.64,0.286,0,0.178,0.21,47,0
62,127238.43,Self-Employed,699,9528.54,0.283,0,0.051,0.303,19,0
61,90280.62,Employed,627,48438.55,0.676,0,0.21,0.192,20,0
70,32890.11,Employed,728,3516.65,0.47,3,0.517,-0.1,24,0
53,46981.31,Retired,592,20796.33,0.511,1,0.231,0.242,25,0
28,52079.1,Employed,647,17885.2,0.273,2,0.564,0.07,44,0
46,105150.89,Employed,765,18449.07,0.185,0,0.606,-0.025,47,0
43,61007.91,Employed,595,7261.27,0.51,1,0.274,0.253,29,0
63,53537.97,Self-Employed,759,5394.38,0.574,2,0.594,0.068,59,0
40,44358.53,Employed,574,21236.25,0.157,0,0.666,0.023,27,0
37,47797.16,Employed,561,33011.15,0.272,1,0.524,0.057,52,0
25,94117.2,Self-Employed,568,16850.53,0.213,1,0.52,0.074,29,0
62,49111.7,Employed,689,23936.55,0.422,2,0.276,0.149,35,0
58,40235.35,Employed,735,11216.19,0.513,0,0.847,0.117,36,0
23,36965.73,Unemployed,777,18014.72,0.295,1,0.184,0.049,48,0
42,37164.8,Retired,771,30803.88,0.294,0,0.303,-0.055,32,0
44,24317.51,Employed,745,12232.74,0.056,2,0.606,0.038,10,0
44,33685.15,Employed,618,30074.44,0.207,1,0.317,0.12,47,0
66,103695.1,Employed,617,5537.27,0.576,0,0.334,0.042,35,0
28,44209.74,Employed,739,10220.98,0.424,0,0.101,0.112,61,0
36,69717.44,Retired,787,20487.08,0.489,1,0.297,0.101,16,1
30,14194.67,Self-Employed,603,46243.97,0.295,1,0.931,0.192,32,1
33,65130.98,Employed,777,14891.78,0.309,1,0.321,0.123,11,0
66,45221.31,Self-Employed,536,7939.85,0.353,1,0.681,0.17,37,0
68,38533.37,Employed,709,45617.53,0.399,0,0.29,0.082,37,0
23,53663.05,Employed,672,13688.55,0.556,0,0.166,0.232,56,0
52,38257.21,Retired,665,22001.53,0.249,0,0.229,0.064,42,0
32,16950.67,Employed,682,12080.47,0.329,0,0.56,0.033,27,0
30,77739.9,Employed,616,16080.55,0.231,3,0.0,0.207,36,0
35,55354.25,Retired,713,10537.86,0.055,0,0.775,0.05,50,0
30,41899.48,Employed,685,57215.84,0.488,1,0.505,0.013,9,1
45,30239.59,Employed,750,30174.1,0.612,0,0.318,0.011,43,0
70,23507.42,Employed,799,42653.89,0.465,0,0.225,0.06,24,1
50,54827.46,Employed,690,9199.67,0.385,1,0.285,0.079,30,0
57,109833.46,Employed,619,4939.33,0.628,0,0.653,0.133,35,0
45,54262.21,Employed,595,12384.83,0.419,0,0.053,0.162,12,0
21,24553.73,Employed,807,66828.39,0.47,1,0.388,0.102,12,1
25,54861.02,Employed,798,12171.79,0.371,2,0.648,0.176,45,0
34,47730.63,Self-Employed,747,27752.27,0.394,1,0.0,0.165,29,0
33,75510.11,Retired,684,7983.19,0.33,1,0.262,0.026,34,0
63,66394.31,Self-Employed,741,8978.57,0.475,0,0.067,0.022,38,0
63,12000.0,Self-Employed,778,14074.57,0.186,1,0.116,0.064,16,0
63,64384.04,Unemployed,634,52355.72,0.413,1,0.448,-0.072,24,0
52,29680.94,Employed,682,28570.78,0.222,1,0.543,0.107,22,0
48,24079.97,Employed,597,4307.39,0.426,1,0.31,0.082,2,0
53,44612.23,Employed,670,22027.31,0.709,1,0.07,0.231,32,0
41,60203.49,Employed,796,7411.28,0.455,0,0.21,0.188,33,0
54,21582.38,Retired,761,9809.07,0.526,1,0.487,0.076,42,0
60,69723.19,Employed,690,20055.01,0.485,0,0.392,0.178,40,0
59,71802.13,Unemployed,478,34168.57,0.001,3,0.14,0.087,9,0
51,50185.84,Employed,631,33175.25,0.33,0,0.293,0.138,9,0
23,31767.16,Employed,688,18014.64,0.417,0,0.572,-0.054,26,0
57,30040.78,Employed,664,18167.15,0.037,0,0.444,0.055,38,0
39,81876.4,Employed,682,33114.52,0.307,0,0.17,0.113,27,0
58,23026.22,Employed,698,5736.9,0.338,1,0.456,0.079,23,0
47,83469.39,Self-Employed,640,44197.04,0.165,2,0.276,0.204,55,0
65,45134.42,Employed,679,9493.96,0.205,0,0.258,0.129,44,0
37,46727.25,Unemployed,669,17263.82,0.551,1,0.429,0.149,46,0
67,20867.67,Retired,627,10962.64,0.0,1,0.158,0.117,40,0
63,45553.45,Employed,818,7379.01,0.391,0,0.303,0.102,18,0
37,66622.17,Retired,644,19476.31,0.525,0,0.63,0.174,46,0
45,25129.43,Employed,511,17016.21,0.346,1,0.943,0.243,73,0
47,62901.04,Employed,814,13860.03,0.561,1,0.023,-0.067,44,0
59,51251.81,Employed,617,13472.43,0.286,3,0.207,0.019,33,0
55,35529.63,Employed,747,36885.29,0.214,1,0.649,0.105,12,0
63,75157.15,Employed,629,55032.65,0.349,0,0.124,0.208,24,1
39,16299.21,Employed,723,31311.53,0.293,0,0.372,0.163,45,0
46,58299.01,Retired,676,17438.66,0.264,1,0.795,0.035,45,0
42,110163.13,Employed,755,5528.32,0.323,2,0.24,0.069,19,0
66,100707.1,Unemployed,664,21510.43,0.231,0,0.345,0.16,42,0
36,59569.76,Employed,631,22088.98,0.224,0,0.117,0.052,21,0
50,42157.15,Employed,699,23454.08,0.182,1,0.551,0.123,48,0
27,35671.19,Employed,651,7445.84,0.412,1,0.006,0.046,44,0
63,42130.92,Employed,535,24588.6,0.2,1,0.248,0.139,50,0
40,64337.87,Employed,635,37682.52,0.164,2,0.115,0.151,28,0
38,32740.83,Self-Employed,850,8188.01,0.189,1,0.329,-0.1,46,0
50,71590.09,Employed,543,22265.52,0.381,0,0.808,0.244,37,0
45,142426.34,Employed,698,9071.87,0.45,0,0.485,0.253,41,0
63,47527.24,Self-Employed,662,13869.37,0.463,0,0.453,-0.063,36,0
47,25029.3,Self-Employed,818,8356.42,0.382,1,0.465,0.082,22,0
46,25024.93,Retired,597,11962.99,0.43,2,0.395,-0.031,40,0
26,72278.56,Employed,688,12018.77,0.342,1,0.682,-0.07,42,0
22,47578.06,Self-Employed,731,18908.46,0.418,0,0.57,0.165,18,0
40,75994.44,Employed,667,25190.32,0.416,1,0.114,0.245,44,0
70,37540.77,Self-Employed,622,30629.12,0.241,0,0.614,0.098,43,0
66,74258.82,Employed,678,9984.81,0.189,1,0.452,0.225,25,0
52,45290.4,Employed,657,18323.16,0.553,0,0.5,0.047,39,0
52,33987.5,Retired,657,7639.61,0.369,0,0.0,-0.016,26,0
40,40114.81,Self-Employed,750,13816.06,0.508,0,0.4,0.069,44,0
29,26942.84,Employed,710,15148.31,0.185,0,0.369,0.037,22,0
21,132545.3,Employed,721,8488.59,0.289,0,0.248,0.134,55,0
37,46714.46,Self-Employed,705,20649.85,0.144,2,0.636,0.187,54,0
36,67660.45,Employed,752,13447.48,0.447,0,0.04,0.008,47,0
30,37480.1,Employed,778,16197.65,0.258,2,1.0,-0.008,64,0
33,28970.58,Employed,658,30782.61,0.267,1,0.154,0.17,56,0
22,43610.78,Employed,741,11423.11,0.643,0,0.503,0.072,49,0
51,85016.13,Employed,583,24590.59,0.45,0,0.447,0.162,58,1
67,37783.74,Self-Employed,511,35091.95,0.448,0,0.657,0.034,33,1
55,31720.99,Employed,817,33825.22,0.17,1,0.768,0.047,27,0
43,52983.3,Unemployed,655,13188.74,0.071,0,0.304,0.182,50,0
42,62913.2,Retired,699,8237.09,0.496,2,0.439,0.166,33,0
36,111460.34,Employed,588,9643.52,0.014,0,0.306,0.211,49,0
28,58505.45,Self-Employed,585,5698.68,0.275,1,0.187,0.083,23,0
50,67642.81,Employed,627,22283.71,0.228,1,0.408,0.204,25,0
49,70237.5,Retired,728,23129.21,0.211,0,0.394,0.136,13,0
21,27542.69,Employed,641,15842.31,0.284,1,0.402,0.132,18,1
41,30282.76,Employed,655,6466.04,0.192,2,0.317,0.032,40,0
34,28511.19,Employed,624,11858.85,0.168,1,0.475,0.153,14,0
29,25183.07,Retired,767,33797.95,0.388,0,0.572,0.08,20,0
56,72964.62,Employed,745,21285.86,0.51,0,0.135,0.249,23,0
47,56671.41,Unemployed,644,23619.52,0.09,0,0.536,0.1,29,1
52,51008.52,Employed,731,107455.88,0.379,0,0.744,0.085,36,1
56,13408.47,Self-Employed,662,17976.93,0.431,1,0.119,0.202,64,1
70,137000.3,Employed,655,4043.26,0.417,1,0.434,0.107,47,0
61,31346.69,Employed,676,7626.16,0.317,1,0.5,0.032,26,0
52,136749.54,Employed,728,17735.67,0.26,0,0.572,-0.023,35,0
64,23750.98,Employed,613,14931.73,0.464,1,0.597,0.028,27,1
44,32656.51,Self-Employed,718,13317.14,0.4,2,0.665,-0.046,48,0
70,16294.38,Self-Employed,850,13458.16,0.066,2,0.43,0.092,43,0
59,58750.94,Employed,694,9221.92,0.317,1,0.181,0.169,27,0
53,28264.77,Employed,683,18477.12,0.358,1,0.321,0.054,41,0
66,28666.94,Employed,674,34085.13,0.186,2,0.718,0.303,42,0
46,24679.86,Self-Employed,716,41747.85,0.313,1,0.206,-0.013,36,1
57,72307.09,Self-Employed,559,41043.6,0.424,1,0.514,0.142,41,1
35,69963.7,Retired,808,8320.02,0.226,0,0.586,0.135,44,0
69,121299.38,Retired,754,14587.13,0.385,2,0.535,0.066,67,0
52,34792.14,Employed,632,12230.6,0.202,2,0.604,0.088,53,0
60,54688.55,Employed,682,21061.12,0.164,0,0.393,0.233,21,0
44,25727.93,Retired,638,14050.06,0.442,1,0.378,0.186,39,0
64,41459.84,Employed,702,12895.37,0.526,1,0.8,0.175,67,0
24,37819.39,Employed,685,35339.18,0.172,1,0.834,0.025,40,0
26,61835.01,Employed,697,15662.54,0.493,0,0.718,0.14,63,0
46,81512.44,Self-Employed,603,15906.93,0.348,1,0.521,0.165,74,0
57,80461.44,Self-Employed,644,18919.4,0.018,2,0.273,0.169,21,0
61,32163.7,Retired,766,22152.74,0.135,0,0.43,-0.012,34,0
43,80759.75,Employed,640,22229.46,0.441,0,0.372,0.127,36,0
53,47952.08,Employed,482,37469.49,0.106,0,0.642,0.127,15,1
48,41676.87,Employed,669,6826.93,0.257,1,0.486,0.19,56,0
69,34397.68,Self-Employed,850,17938.01,0.338,0,0.528,0.079,40,0
53,37050.31,Employed,744,13885.11,0.417,1,0.393,0.008,10,0
41,117143.73,Retired,636,12326.08,0.378,2,0.0,0.024,40,0
69,57165.47,Employed,676,23264.14,0.585,1,0.689,0.129,23,0
26,53492.99,Self-Employed,731,32142.22,0.228,1,0.386,0.193,35,0
70,42996.61,Unemployed,548,10352.1,0.365,0,0.613,0.071,2,0
28,166539.75,Employed,616,40625.96,0.418,2,0.326,0.123,32,0
35,94136.89,Self-Employed,710,6254.22,0.457,3,0.757,-0.064,48,0
62,34182.49,Employed,800,21039.5,0.508,1,0.282,-0.07,29,0
57,42752.91,Unemployed,647,8652.37,0.285,0,0.384,0.138,8,1
69,44041.06,Unemployed,798,10046.07,0.448,3,0.404,0.137,34,0
58,52729.8,Employed,623,15306.73,0.211,1,0.068,0.157,32,0
52,34523.21,Employed,426,11622.59,0.338,1,0.49,-0.067,59,0
38,61047.54,Retired,736,2649.26,0.425,1,0.582,0.216,42,0
21,101320.5,Retired,721,21308.93,0.496,2,0.492,0.055,32,0
27,25417.32,Employed,735,23572.98,0.436,1,0.91,0.052,17,0
35,27887.3,Retired,732,13404.72,0.364,0,0.204,0.153,34,0
23,38500.28,Employed,694,12787.42,0.338,0,0.021,0.107,64,0
46,39403.2,Employed,661,11804.85,0.432,1,0.138,0.235,41,0
59,133150.18,Employed,663,5287.61,0.678,0,0.419,0.158,45,0
69,80890.74,Employed,645,4962.31,0.478,1,0.664,0.223,2,0
45,78602.69,Employed,650,23913.04,0.407,1,0.438,0.067,49,0
64,42951.08,Self-Employed,544,27968.12,0.145,0,0.291,0.198,36,0
70,42482.32,Employed,589,21122.58,0.223,0,0.729,-0.078,35,0
63,23721.74,Employed,668,18537.52,0.301,1,0.375,0.093,38,1
44,72465.81,Self-Employed,512,23614.87,0.487,0,0.098,-0.008,38,0
37,62663.05,Self-Employed,529,22689.7,0.209,2,0.62,0.111,31,0
69,93246.21,Retired,655,9217.94,0.446,1,0.542,0.115,28,1
33,44116.32,Employed,670,16873.11,0.368,0,0.452,0.177,14,0
41,45666.05,Unemployed,656,12361.68,0.403,0,0.757,0.12,29,0
24,53371.0,Employed,502,12460.04,0.318,2,0.377,0.042,52,0
60,76569.09,Employed,796,29264.28,0.261,0,0.462,0.064,27,0
53,23503.21,Self-Employed,572,37979.31,0.204,1,0.185,0.117,47,0
25,70829.3,Employed,619,3612.64,0.442,3,0.245,0.049,19,0
32,48521.01,Self-Employed,585,12669.53,0.338,0,0.296,0.196,15,0
48,28873.55,Employed,777,12277.68,0.188,1,0.552,0.07,29,0
48,17286.78,Employed,712,29640.09,0.383,1,0.251,0.182,49,0
61,45787.35,Employed,645,6184.33,0.863,1,0.379,0.046,13,0
34,101099.1,Employed,639,2455.91,0.32,0,0.351,0.15,62,0
67,113248.79,Employed,693,24162.6,0.598,0,0.388,0.083,67,0
43,58553.03,Employed,587,26311.47,0.0,0,0.232,0.193,46,0
62,130744.83,Employed,709,5062.41,0.309,0,0.354,0.253,27,0
32,47979.52,Self-Employed,639,13702.85,0.493,0,0.146,0.117,28,0
22,78956.45,Employed,719,36979.12,0.352,2,0.391,0.252,25,0
23,39119.82,Employed,716,7732.39,0.254,1,0.394,0.088,25,0
39,37899.78,Employed,635,15687.68,0.346,1,0.416,0.116,32,0
68,34935.03,Employed,526,20025.81,0.498,0,0.523,0.092,8,0
23,17496.14,Employed,661,6269.31,0.672,2,0.798,0.02,40,0
39,93297.27,Self-Employed,571,10526.96,0.51,0,0.035,0.217,18,0
26,35567.36,Unemployed,686,5353.46,0.274,1,0.318,0.113,22,0
67,32836.0,Employed,661,13376.85,0.315,0,0.199,0.066,24,0
54,27173.95,Unemployed,636,9185.71,0.316,0,0.469,0.043,40,0
59,44259.28,Employed,583,16724.19,0.22,0,0.556,0.252,52,0
56,118390.78,Employed,769,21609.65,0.327,2,0.133,0.089,20,0
53,139649.28,Employed,646,33968.11,0.309,1,0.47,0.088,53,0
59,21366.22,Employed,850,59836.34,0.17,0,0.59,0.182,18,0
21,41059.44,Employed,683,16724.33,0.476,0,0.493,0.224,24,0
64,29226.21,Employed,706,12210.58,0.413,0,0.326,0.059,48,0
57,80351.73,Employed,683,11792.29,0.254,2,0.549,0.15,10,0
57,56573.55,Employed,706,8275.71,0.372,2,0.344,0.15,27,0
40,35657.52,Employed,762,19319.94,0.205,1,0.599,0.086,21,0
61,50832.26,Unemployed,763,10971.71,0.267,2,0.478,0.069,28,0
40,38610.93,Retired,548,20147.42,0.453,1,0.359,0.051,25,0
23,109877.68,Employed,744,8435.33,0.421,0,0.123,0.183,9,0
66,64439.35,Employed,717,11162.93,0.273,1,0.404,0.12,44,0
32,68522.11,Employed,683,19137.63,0.397,2,0.164,0.106,40,0
26,12920.12,Retired,808,13698.71,0.339,1,0.161,0.043,48,0
52,47410.82,Employed,811,4664.83,0.2,0,0.323,0.183,29,0
32,138913.33,Employed,748,14630.8,0.325,2,0.383,0.125,34,0
63,95136.17,Retired,639,9126.48,0.415,1,0.137,0.031,48,0
43,19466.6,Employed,591,29997.15,0.396,2,0.364,0.072,38,1
21,41910.31,Employed,737,26440.88,0.096,0,0.348,0.161,49,0
68,26882.75,Retired,782,3752.74,0.375,1,0.268,-0.041,48,0
46,115329.76,Retired,528,23882.45,0.354,2,0.344,0.097,36,1
34,55389.16,Employed,761,18649.6,0.065,0,0.542,0.167,36,0
54,33393.02,Employed,661,6060.66,0.229,2,0.315,0.12,34,0
47,49865.22,Employed,544,25009.08,0.424,1,0.528,0.159,36,0
22,13310.62,Employed,715,6850.45,0.558,1,0.382,-0.067,27,0
58,28496.01,Employed,748,29355.26,0.104,2,0.624,-0.004,40,1
41,49922.24,Employed,654,10019.49,0.497,0,0.579,0.172,38,0
55,74819.79,Self-Employed,601,5938.26,0.068,1,0.353,0.132,26,0
65,18570.75,Self-Employed,808,52704.11,0.56,1,0.25,0.079,41,1
51,40514.79,Retired,630,5838.35,0.314,0,0.507,0.122,53,0
54,81214.0,Unemployed,767,9103.24,0.243,2,0.285,0.148,35,0
33,23724.73,Employed,567,10239.91,0.403,0,0.055,0.061,36,0
32,54972.67,Employed,711,11232.86,0.206,2,0.562,0.045,38,0
41,50664.83,Employed,709,22455.01,0.427,0,0.265,-0.007,6,0
63,115518.98,Employed,746,15286.83,0.331,1,0.0,0.216,30,0
47,43692.51,Employed,792,26972.73,0.0,2,0.383,0.106,70,0
38,44990.19,Self-Employed,619,18456.1,0.228,1,0.606,0.222,36,0
59,75167.92,Employed,719,5411.06,0.379,2,0.27,-0.007,22,0
63,25256.17,Employed,578,20535.58,0.51,1,0.323,0.11,34,0
66,43895.12,Employed,577,16988.36,0.4,2,0.51,0.005,27,0
35,39032.02,Retired,637,10149.94,0.508,3,0.3,0.241,38,0
56,45731.57,Self-Employed,711,51237.92,0.216,1,0.377,0.318,38,0
50,74922.03,Employed,806,21269.06,0.459,4,0.597,0.2,34,0
43,64671.81,Employed,819,25978.8,0.462,1,0.549,0.01,48,0
40,33713.68,Retired,653,26527.67,0.105,1,0.45,0.007,17,0
26,52488.51,Employed,703,11475.48,0.515,0,0.033,0.092,40,0
34,103282.25,Self-Employed,751,21590.98,0.399,0,0.528,0.111,51,0
48,32348.31,Self-Employed,737,17847.45,0.308,2,0.313,0.142,31,0
65,52711.21,Self-Employed,667,10570.1,0.305,1,0.508,0.138,47,0
64,44507.8,Employed,686,7094.32,0.194,3,0.066,0.101,32,0
30,47500.59,Retired,672,14981.01,0.445,2,0.606,0.082,19,0
54,21691.4,Employed,664,20997.48,0.395,0,0.215,0.034,6,0
25,99248.43,Employed,654,14909.38,0.437,3,0.495,0.154,27,0
54,33283.73,Employed,671,13234.91,0.362,0,0.605,-0.09,30,0
38,81882.12,Employed,650,15009.14,0.381,4,0.486,0.108,68,0
43,35929.42,Employed,595,12429.31,0.306,1,0.485,0.118,36,0
56,35855.34,Self-Employed,745,37406.19,0.512,0,0.419,0.082,27,0
42,89909.75,Unemployed,719,17363.83,0.441,0,0.132,0.165,43,0
61,80574.89,Employed,821,11027.22,0.376,1,0.692,0.179,29,0
47,54411.62,Unemployed,708,4989.97,0.33,1,0.641,0.116,50,0
70,71723.61,Retired,649,13117.14,0.085,1,0.316,0.285,58,0
52,42434.78,Employed,633,10445.28,0.052,2,0.0,0.044,37,0
35,48816.14,Self-Employed,684,10215.11,0.295,1,0.621,0.063,8,0
59,35213.61,Retired,721,25992.59,0.54,2,0.0,0.067,33,1
41,77036.34,Self-Employed,662,15488.32,0.244,1,0.517,0.19,33,0
47,34658.33,Employed,570,5380.48,0.25,0,0.24,0.129,60,0
27,103009.67,Retired,625,21403.27,0.204,2,0.506,-0.054,42,0
26,41859.87,Self-Employed,681,5714.59,0.156,0,0.178,0.074,29,0
49,49526.06,Employed,736,22381.54,0.213,0,0.401,0.052,56,0
30,71636.79,Employed,569,11102.82,0.392,3,0.025,0.235,33,0
70,49609.23,Employed,700,15555.11,0.276,0,0.403,0.035,33,0
63,42236.74,Employed,697,14545.78,0.269,1,0.399,0.099,27,0
56,48290.41,Employed,646,13509.17,0.256,0,0.558,-0.026,52,0
57,76642.66,Employed,636,16742.65,0.386,1,0.295,0.113,27,1
50,35191.99,Unemployed,625,15508.3,0.409,2,0.462,0.251,45,0
24,46022.31,Self-Employed,691,45335.14,0.07,1,0.313,0.033,41,0
40,49273.58,Employed,765,16888.18,0.236,0,0.5,0.175,36,0
45,75530.56,Employed,770,17125.29,0.337,0,0.486,0.084,49,0
66,46633.63,Employed,596,9645.89,0.416,4,0.594,0.098,58,0
31,121073.07,Employed,666,18555.79,0.369,0,0.142,0.15,17,0
45,45330.29,Self-Employed,515,7989.2,0.473,1,0.38,-0.001,33,0
38,43527.93,Employed,688,29439.03,0.138,0,0.462,0.039,31,0
27,45002.98,Retired,725,6059.55,0.412,1,0.8,0.028,37,0
26,25379.05,Employed,798,8899.98,0.658,0,0.836,0.235,26,0
39,29191.61,Employed,546,5555.37,0.357,0,0.101,0.184,20,0
25,37596.51,Unemployed,598,18992.25,0.363,1,0.265,0.179,33,1
24,86501.32,Employed,691,11449.21,0.428,0,0.0,0.181,50,0
38,48215.56,Employed,559,22282.49,0.268,1,0.883,0.165,32,0
31,38471.69,Employed,693,8222.63,0.208,0,0.47,-0.03,41,0
48,90514.68,Self-Employed,727,20310.34,0.359,0,0.528,0.052,58,0
21,106466.81,Employed,584,20908.31,0.102,1,0.33,0.083,37,0
36,91829.72,Unemployed,690,16765.5,0.409,0,0.399,0.111,50,0
43,31998.84,Self-Employed,589,15040.83,0.435,0,0.648,0.019,51,0
69,38268.24,Unemployed,783,16031.64,0.109,1,0.17,-0.011,54,0
52,121402.66,Self-Employed,695,8549.13,0.374,1,0.152,0.016,66,0
65,55302.3,Self-Employed,632,7745.28,0.318,1,0.347,0.039,33,0
38,42881.1,Self-Employed,587,20461.97,0.572,1,0.402,0.071,49,0
43,70204.94,Employed,709,11834.63,0.546,1,0.522,0.134,38,0
42,81117.14,Self-Employed,782,19380.74,0.476,0,0.404,0.088,42,0
65,36837.63,Self-Employed,622,37443.67,0.532,2,0.214,0.197,41,1
68,54705.52,Employed,647,11222.83,0.295,1,0.316,0.15,53,0
69,77907.7,Self-Employed,624,10300.48,0.389,2,0.439,0.075,27,1
58,27442.73,Employed,797,12154.2,0.312,0,0.545,0.136,41,0
46,49324.33,Employed,537,15114.09,0.2,0,0.62,0.092,16,0
48,28079.78,Employed,776,21343.09,0.362,2,0.34,0.053,23,0
70,29977.72,Employed,652,14515.44,0.338,2,0.244,0.105,26,0
35,36991.74,Employed,675,51386.37,0.32,0,0.202,0.133,44,0
38,62227.96,Employed,654,19005.99,0.341,1,0.657,0.18,41,0
65,41730.55,Employed,698,23588.03,0.359,0,0.304,0.276,56,0
40,35446.89,Employed,625,14441.82,0.483,1,0.232,0.202,50,0
32,50300.85,Employed,759,27094.84,0.262,1,0.437,0.02,35,0
49,27626.17,Employed,762,13053.82,0.158,1,0.755,-0.028,80,0
37,60742.66,Retired,606,10031.3,0.452,1,0.197,0.203,38,0
65,86309.36,Unemployed,730,25417.85,0.478,0,0.53,0.09,14,0
66,47117.42,Employed,653,14265.89,0.404,0,0.3,0.044,16,0
36,44297.14,Employed,684,17105.56,0.179,0,0.424,0.231,45,0
47,59084.28,Employed,794,26612.32,0.33,0,0.578,0.085,12,0
70,17778.86,Employed,629,16048.81,0.393,1,0.668,0.091,38,0
58,64113.4,Employed,749,13500.08,0.19,1,0.283,0.049,30,0
31,231177.92,Self-Employed,714,10708.17,0.235,0,0.565,-0.063,64,0
50,46104.32,Self-Employed,665,27917.49,0.328,1,0.452,0.026,17,0
51,46186.25,Employed,708,12027.66,0.527,0,0.489,0.049,50,0
53,71097.22,Self-Employed,699,14318.96,0.384,0,0.672,-0.031,30,0
22,111598.88,Employed,593,17538.34,0.264,0,0.244,0.106,28,0
35,79816.37,Unemployed,634,17495.01,0.32,1,0.57,0.121,58,0
63,16683.85,Retired,602,27125.23,0.25,0,0.435,0.173,27,1
33,64971.2,Employed,659,14159.04,0.288,0,0.66,0.039,22,0
35,177365.01,Self-Employed,781,33719.47,0.458,0,0.49,-0.05,28,0
37,66917.82,Unemployed,724,12717.65,0.062,1,0.367,0.074,20,0
29,27520.85,Employed,573,18443.31,0.547,0,0.592,-0.0,12,1
28,56438.95,Employed,659,13223.3,0.678,3,0.275,0.098,23,0
38,25839.42,Self-Employed,698,51838.27,0.374,1,0.312,0.169,11,1
64,90798.85,Employed,736,11963.53,0.225,1,0.235,0.058,22,0
21,30395.77,Employed,631,12630.64,0.524,0,0.262,0.094,22,0
35,50874.74,Self-Employed,587,15817.06,0.392,1,0.0,-0.064,39,0
24,31923.89,Employed,676,12580.91,0.271,0,0.288,0.069,16,0
49,37301.02,Employed,723,17830.98,0.204,1,0.384,0.228,44,0
33,103060.9,Retired,698,30867.31,0.289,1,0.567,0.145,3,0
60,51623.31,Employed,614,16129.14,0.379,0,0.197,0.037,21,0
50,37063.9,Employed,812,16490.87,0.484,0,0.29,0.01,32,0
60,27650.14,Self-Employed,673,12868.14,0.393,0,0.361,0.098,29,0
52,19228.51,Employed,695,10904.77,0.418,0,0.568,0.141,36,0
42,26222.15,Self-Employed,630,15645.18,0.3,2,0.44,0.039,15,0
64,51843.23,Self-Employed,763,14832.26,0.478,0,0.482,0.084,64,0
44,80026.8,Employed,723,29850.5,0.319,2,0.594,-0.054,59,0
68,37042.61,Employed,704,8304.5,0.626,1,0.511,0.165,2,0
70,107502.76,Retired,594,35338.24,0.252,2,0.267,0.031,44,1
50,34243.42,Retired,762,13519.81,0.409,0,0.776,0.151,30,0
54,43520.79,Employed,737,16141.05,0.678,0,0.0,0.128,33,0
33,28572.83,Employed,756,7793.91,0.506,0,0.598,0.137,33,0
61,80449.17,Employed,683,20684.96,0.462,2,0.497,0.079,23,0
54,139910.09,Retired,674,8297.54,0.395,0,0.674,0.232,33,0
66,20314.53,Unemployed,666,18472.42,0.358,0,0.349,0.048,58,0
34,41229.9,Employed,850,17420.79,0.324,2,0.291,0.233,62,0
60,92262.21,Retired,639,12144.45,0.266,0,0.158,0.12,33,0
44,23778.27,Employed,591,4276.27,0.12,0,0.166,0.11,11,0
30,65078.01,Employed,652,53980.32,0.446,1,0.363,0.082,31,0
29,90285.86,Employed,640,7843.85,0.119,1,0.215,0.109,30,0
49,50976.21,Employed,774,17389.96,0.448,1,0.243,0.101,56,0
36,64545.88,Self-Employed,578,9529.2,0.304,0,0.167,0.239,17,0
26,118237.57,Employed,638,27689.32,0.207,1,0.627,0.003,7,0
42,129860.14,Self-Employed,694,11758.22,0.561,1,0.241,0.084,24,0
53,47525.25,Retired,775,9403.29,0.133,0,0.488,0.024,45,0
36,37564.36,Employed,733,21101.39,0.25,0,0.372,0.054,21,0
68,30946.34,Employed,801,6883.11,0.264,0,0.476,0.101,31,0
59,79896.08,Self-Employed,706,11522.22,0.372,0,0.342,0.22,46,0
46,24688.98,Employed,665,22340.29,0.258,2,0.57,0.139,12,0
67,43205.06,Self-Employed,744,36464.9,0.569,0,0.535,0.023,33,1
42,51603.51,Employed,577,8287.91,0.144,2,0.666,0.077,38,0
27,38120.17,Employed,552,10229.84,0.963,1,0.255,0.192,44,0
22,56382.28,Unemployed,753,18238.36,0.191,2,0.214,0.053,28,0
67,176708.48,Employed,696,4453.95,0.793,2,0.314,0.111,58,0
68,46129.17,Employed,752,33342.04,0.514,0,0.425,0.133,27,0
57,39430.59,Employed,616,8105.53,0.333,0,0.516,0.082,47,0
26,81443.59,Self-Employed,776,11356.6,0.384,1,0.262,0.027,52,0
35,55259.29,Retired,730,17266.21,0.293,1,0.444,0.12,2,0
23,100676.52,Employed,678,15225.73,0.402,1,0.36,0.284,58,0
23,53228.21,Employed,696,8281.92,0.239,2,0.341,0.063,18,0
33,43294.83,Employed,706,41476.21,0.456,0,0.398,0.057,28,0
49,20093.22,Self-Employed,616,3149.25,0.377,1,0.73,0.159,51,0
24,21810.19,Employed,651,7531.09,0.202,0,0.574,0.291,28,0
70,19577.78,Employed,705,10076.24,0.414,0,0.631,0.032,33,0
43,59258.8,Employed,648,8351.34,0.405,1,0.48,0.005,49,0
34,24806.85,Employed,570,30691.23,0.242,0,0.787,0.164,37,1
46,91838.67,Self-Employed,702,5458.85,0.286,0,0.596,0.166,20,0
60,49767.79,Employed,743,37589.42,0.427,1,0.086,0.022,53,0
36,43386.63,Employed,760,12495.45,0.514,0,0.56,0.076,40,0
23,32146.94,Employed,720,6525.25,0.329,0,0.474,0.007,11,0
23,66911.72,Employed,741,4185.82,0.49,0,0.537,0.071,33,0
63,32785.81,Employed,754,12976.84,0.525,3,0.07,0.077,40,0
26,29950.79,Employed,686,9689.69,0.545,0,0.078,0.176,29,0
52,88802.93,Employed,521,17015.79,0.413,0,0.379,0.198,10,0
40,58530.93,Employed,767,11267.26,0.215,4,0.014,0.092,14,0
59,43587.92,Employed,613,26199.13,0.484,0,0.555,0.22,25,0
24,67556.29,Self-Employed,595,13554.93,0.321,1,0.433,0.177,40,0
65,49240.21,Employed,597,11448.97,0.426,0,0.829,-0.006,52,0
55,59367.76,Employed,850,26474.9,0.256,1,0.482,0.191,14,0
43,32583.98,Self-Employed,713,16931.0,0.26,0,0.553,0.165,26,0
31,138026.27,Employed,602,23500.55,0.245,1,0.527,0.254,3,0
69,36687.45,Employed,629,29413.13,0.151,0,0.417,0.121,34,0
36,106724.73,Unemployed,680,12378.54,0.262,1,0.426,0.242,57,0
45,44603.41,Employed,721,15107.53,0.195,0,0.388,-0.039,50,0
40,73390.41,Retired,701,24496.42,0.435,0,0.0,0.065,31,0
32,70764.43,Employed,610,3393.46,0.19,1,0.647,-0.058,30,0
41,86979.34,Unemployed,704,13890.21,0.25,1,0.649,0.075,29,0
28,32198.92,Unemployed,634,12901.25,0.35,0,0.59,0.113,30,0
21,83936.66,Employed,759,18479.76,0.622,1,0.42,0.098,35,1
35,123404.14,Employed,684,9130.12,0.246,1,0.37,0.174,29,0
26,43073.08,Self-Employed,623,28488.86,0.143,3,0.15,0.298,34,0
41,49878.88,Employed,732,9483.82,0.153,0,0.125,0.071,18,0
64,37732.49,Employed,709,11210.32,0.221,2,0.269,0.202,41,0
29,41224.25,Retired,644,9910.54,0.251,0,0.445,0.157,44,0
21,115348.29,Self-Employed,735,30882.01,0.696,1,0.482,0.13,72,1
26,29669.73,Retired,727,4224.49,0.495,1,0.287,0.169,42,0
46,30605.67,Unemployed,770,43136.64,0.303,0,0.113,0.073,32,0
34,109694.06,Unemployed,733,35739.88,0.628,1,0.253,0.185,59,0
45,66988.36,Self-Employed,664,10520.5,0.258,3,0.374,-0.015,56,0
22,141518.41,Self-Employed,553,27341.32,0.288,1,0.056,0.113,24,0
37,39135.32,Retired,694,15963.4,0.279,0,0.44,0.076,61,0
41,52215.81,Employed,706,39804.96,0.504,0,0.755,0.299,40,0
42,35230.29,Employed,684,26118.32,0.34,0,0.223,0.014,14,0
48,52662.06,Employed,454,55043.92,0.576,0,0.866,0.14,24,1
60,20190.18,Employed,731,5783.2,0.415,0,0.245,0.201,26,0
44,69042.48,Retired,612,16561.02,0.486,0,0.351,0.055,57,0
63,57626.46,Self-Employed,731,5247.66,0.078,3,0.506,0.103,38,0
47,47630.22,Employed,808,10815.89,0.095,0,0.39,0.059,36,0
34,40328.67,Employed,661,56942.18,0.1,1,0.027,0.065,34,1
32,31339.14,Employed,713,19553.71,0.286,0,0.455,0.235,65,0
37,70534.45,Employed,682,26654.8,0.119,2,0.417,-0.051,32,0
50,27294.9,Self-Employed,719,20097.75,0.536,1,0.342,0.122,29,0
33,63319.46,Employed,688,19346.7,0.32,1,0.416,-0.067,53,0
66,138306.25,Employed,641,10792.33,0.442,1,0.497,0.176,37,0
44,103028.48,Employed,612,9650.98,0.276,0,0.205,0.069,56,0
64,23096.49,Employed,799,10620.12,0.474,2,0.518,-0.038,29,0
55,37482.56,Employed,713,2869.13,0.055,1,0.266,0.088,38,0
37,60519.77,Unemployed,742,14055.61,0.343,1,0.738,0.004,62,0
32,47328.08,Retired,710,17050.08,0.425,0,0.629,0.18,27,0
58,24350.24,Self-Employed,753,10182.93,0.438,2,0.181,0.184,50,0
37,59436.15,Employed,613,13651.31,0.302,2,0.671,0.009,12,0
33,48775.9,Employed,686,20232.17,0.093,1,0.49,0.144,46,0
67,127664.72,Retired,718,25106.48,0.502,0,0.517,0.049,25,0
45,43190.92,Retired,777,7196.24,0.291,2,0.36,0.077,48,0
23,87904.1,Employed,850,9164.88,0.304,0,0.325,0.26,18,0
45,26015.71,Self-Employed,711,23196.94,0.683,0,0.341,0.07,50,0
44,29319.13,Employed,630,21023.67,0.364,0,0.19,0.218,34,0
64,70321.37,Employed,590,33078.51,0.272,0,0.0,0.242,41,0
56,84277.09,Retired,612,32265.54,0.263,0,0.26,0.075,37,1
30,30372.83,Retired,622,62876.26,0.447,1,0.259,0.123,33,1
28,49614.51,Retired,462,12386.23,0.227,2,0.16,0.063,25,0
51,24568.25,Employed,629,38068.35,0.427,2,0.528,0.102,20,1
23,44774.32,Employed,734,8501.44,0.515,0,0.454,0.154,45,0
36,74493.07,Retired,686,62095.68,0.337,3,0.27,0.094,18,0
27,39439.41,Self-Employed,661,19395.92,0.498,1,0.331,0.133,32,0
22,43281.59,Employed,558,20439.24,0.34,1,0.449,0.046,20,0
66,27864.32,Employed,759,26741.06,0.247,1,0.24,0.03,30,0
25,35447.95,Employed,718,6547.13,0.1,0,0.0,0.072,6,0
21,118072.66,Employed,679,7747.67,0.391,1,0.663,0.113,52,0
67,50841.21,Unemployed,515,15825.92,0.394,0,0.375,0.205,45,1
30,29698.33,Employed,643,18168.27,0.497,0,0.459,0.087,34,0
61,41882.11,Employed,713,51510.06,0.483,1,0.438,0.134,37,0
22,22054.81,Employed,678,8353.87,0.66,3,0.083,0.026,52,0
28,29522.86,Employed,694,37201.93,0.263,3,0.249,0.17,27,0
26,96777.51,Employed,731,12589.85,0.403,1,0.397,0.07,54,0
56,45650.0,Employed,692,12485.03,0.247,0,0.356,0.084,24,0
52,126167.43,Self-Employed,729,13382.38,0.49,1,0.15,0.106,34,0
44,46738.62,Employed,617,12293.6,0.211,1,0.475,0.058,14,0
33,48146.83,Self-Employed,588,19770.04,0.487,0,0.525,0.013,55,0
25,67538.09,Employed,716,11649.68,0.24,0,0.316,0.138,30,0
49,12883.55,Employed,731,6334.24,0.465,1,0.621,0.174,40,0
32,54310.33,Employed,719,12573.09,0.531,2,0.517,-0.005,23,0
50,47834.71,Self-Employed,690,19418.54,0.117,0,0.485,0.121,32,0
55,103055.14,Employed,656,6365.21,0.148,0,0.29,0.12,20,0
63,79406.83,Employed,696,20933.33,0.385,0,0.363,0.073,22,0
45,27810.09,Employed,708,29980.78,0.369,0,0.583,0.072,10,1
21,91223.64,Employed,713,35880.83,0.306,1,0.081,0.187,31,0
35,42995.16,Employed,850,18080.66,0.279,0,0.095,0.275,24,0
63,31187.52,Employed,611,5000.08,0.222,2,0.31,0.205,68,0
47,54097.95,Employed,850,21776.18,0.4,2,0.396,0.145,18,0
51,44294.48,Employed,586,26378.45,0.205,0,0.379,0.196,24,0
43,105792.26,Self-Employed,709,9721.35,0.405,0,0.515,0.139,46,0
29,58122.67,Employed,590,14134.73,0.264,1,0.453,0.046,19,0
65,54329.87,Retired,703,19735.21,0.287,1,0.405,0.13,32,0
59,76904.8,Self-Employed,754,43146.49,0.532,2,0.334,-0.006,45,0
70,84663.16,Employed,682,12663.64,0.493,1,0.58,0.042,44,0
63,72533.41,Self-Employed,753,25203.89,0.2,3,0.664,0.176,35,0
35,99681.14,Employed,648,17850.35,0.219,1,0.335,0.086,33,0
33,66459.05,Retired,526,16641.53,0.467,0,0.486,0.034,48,0
33,53307.15,Retired,727,32803.21,0.135,3,0.343,0.052,52,0
66,91088.43,Unemployed,682,8965.57,0.568,0,0.134,0.003,35,0
48,46842.77,Employed,644,16953.74,0.37,0,0.033,0.126,42,0
43,49842.5,Retired,649,15007.59,0.263,0,0.659,0.066,26,1
69,115935.4,Self-Employed,710,5978.04,0.352,1,0.576,0.081,51,0
51,110300.32,Unemployed,619,30932.11,0.554,0,0.489,0.133,45,0
66,48820.82,Employed,708,24280.05,0.03,0,0.62,0.127,29,0
70,39074.46,Retired,769,15067.99,0.504,0,0.224,0.005,26,0
24,101883.65,Self-Employed,835,12621.7,0.529,0,0.596,0.008,61,0
39,73145.74,Employed,785,14766.75,0.302,0,0.477,0.094,26,0
57,57399.49,Retired,692,22571.04,0.339,1,0.305,0.152,31,0
61,41733.68,Self-Employed,699,15240.89,0.37,0,0.0,0.047,15,0
28,57863.86,Retired,650,9892.18,0.46,1,0.085,0.058,49,0
36,48491.6,Employed,645,10826.5,0.241,0,0.778,0.111,26,0
48,35165.86,Employed,745,14657.76,0.348,1,0.771,0.11,34,0
60,52287.95,Self-Employed,657,8437.52,0.335,5,0.088,0.096,33,0
26,55977.89,Employed,707,18033.64,0.452,0,0.0,0.131,69,0
51,40631.64,Self-Employed,608,9174.56,0.751,1,0.687,0.027,61,0
35,77027.12,Self-Employed,783,8328.15,0.24,1,0.382,0.221,39,0
31,93378.48,Employed,656,100295.81,0.362,0,0.242,0.076,24,0
46,79614.29,Self-Employed,762,47283.22,0.236,1,0.129,0.234,36,0
41,42696.65,Employed,627,16096.66,0.277,0,0.127,-0.074,33,0
52,71532.76,Unemployed,623,24602.66,0.189,0,0.687,-0.036,58,0
36,50969.4,Unemployed,780,27243.46,0.12,2,0.455,0.093,73,0
62,26426.62,Employed,633,14111.34,0.527,1,0.006,0.18,39,0
24,68621.74,Employed,562,17494.7,0.403,1,0.246,0.119,46,0
64,52736.64,Employed,602,12615.7,0.364,0,0.748,0.091,64,0
22,179292.53,Employed,744,31363.57,0.219,0,0.466,0.123,42,0
57,101583.4,Unemployed,737,31623.63,0.339,1,0.093,0.098,22,0
38,69952.73,Employed,623,37690.05,0.177,0,0.257,0.257,33,0
40,55524.81,Employed,633,17319.69,0.346,1,0.376,0.059,34,0
21,53202.52,Employed,730,54213.38,0.4,3,0.609,0.202,24,0
56,29677.82,Self-Employed,779,14103.66,0.269,0,0.378,0.041,35,0
29,20547.74,Unemployed,675,50420.76,0.236,0,0.703,0.076,12,1
53,31688.86,Employed,722,11181.55,0.276,3,0.458,0.022,5,0
57,47865.08,Employed,746,6778.67,0.472,0,0.0,0.168,34,0
63,17106.78,Employed,841,49845.57,0.38,0,0.518,0.197,31,1
56,37340.7,Employed,593,21943.5,0.109,0,0.36,0.086,61,0
36,43312.37,Employed,630,20160.36,0.459,0,0.289,0.144,27,0
57,44015.04,Self-Employed,642,11893.05,0.431,1,0.487,0.11,39,0
62,35211.86,Employed,742,8892.03,0.378,1,0.345,0.148,28,0
36,41325.83,Employed,661,9413.02,0.597,1,0.444,0.195,7,0
27,116069.79,Self-Employed,703,16044.61,0.354,1,0.285,0.009,34,0
65,68259.55,Self-Employed,689,13492.37,0.415,0,0.276,0.016,38,0
28,37043.55,Employed,680,4608.47,0.42,1,0.644,0.056,27,0
50,47373.87,Employed,688,40792.58,0.482,1,0.425,0.065,32,0
32,48331.72,Self-Employed,757,11477.84,0.317,1,0.49,0.117,49,0
27,33390.35,Employed,607,31040.43,0.253,2,0.273,0.101,31,1
59,33370.74,Unemployed,669,9668.33,0.496,0,0.634,0.084,54,0
28,81248.04,Unemployed,589,16202.25,0.488,1,0.445,0.094,38,0
54,39739.77,Retired,697,26459.93,0.541,0,0.326,0.118,51,0
55,28357.64,Employed,665,24357.8,0.412,0,0.679,0.039,59,0
24,47974.74,Employed,760,12571.95,0.103,2,0.326,-0.069,21,0
29,52000.31,Unemployed,680,20041.82,0.375,0,0.44,0.028,51,0
60,18281.55,Employed,647,22149.45,0.355,0,0.135,0.189,55,0
46,48032.2,Employed,661,13510.77,0.534,1,0.262,-0.1,51,0
27,75658.87,Employed,809,7568.64,0.509,0,0.571,0.191,31,0
70,61427.61,Employed,562,10150.31,0.442,0,0.389,0.055,2,0
34,149476.96,Self-Employed,633,11760.04,0.039,0,0.42,0.168,72,0
21,91633.73,Retired,683,14997.45,0.226,1,0.38,0.018,11,0
67,101160.84,Self-Employed,632,38385.24,0.295,1,0.389,-0.1,65,0
21,198797.69,Employed,717,25450.47,0.299,1,0.281,0.031,18,0
48,71616.31,Retired,676,9048.57,0.375,0,0.296,0.089,16,0
70,53185.18,Self-Employed,699,44440.81,0.572,2,0.335,0.131,36,0
49,79767.4,Employed,689,14082.7,0.467,1,0.336,-0.013,34,0
50,37063.27,Self-Employed,672,22100.85,0.212,1,0.502,0.13,68,0
40,51732.59,Employed,583,8405.22,0.226,2,0.494,0.102,25,0
27,35459.13,Employed,693,11256.02,0.212,1,0.69,0.051,49,0
49,59813.84,Employed,548,27522.61,0.332,1,0.552,0.109,43,0
65,35385.08,Employed,630,8713.92,0.471,1,0.205,0.107,22,0
25,34770.89,Employed,717,15261.72,0.495,1,0.253,0.142,43,0
65,60278.85,Employed,769,19585.53,0.294,1,0.605,0.116,34,0
41,45759.02,Employed,850,7992.33,0.345,1,0.545,0.108,53,0
47,18699.26,Employed,648,5082.11,0.601,3,0.629,0.258,32,0
29,23676.1,Employed,615,25448.97,0.127,0,0.399,-0.056,57,0
52,27621.97,Self-Employed,719,82292.03,0.446,1,0.343,-0.004,41,1
30,31524.3,Retired,820,19444.5,0.429,5,0.475,0.187,17,0
34,60307.49,Employed,795,21817.08,0.306,1,0.098,-0.017,8,0
57,54691.82,Self-Employed,602,8686.77,0.347,2,0.357,0.172,63,1
23,83503.15,Employed,669,35660.71,0.413,0,0.831,0.126,34,0
43,71424.83,Employed,744,11777.43,0.306,1,0.327,-0.005,34,0
50,83780.16,Employed,749,29680.05,0.254,1,0.397,0.179,39,0
27,66449.54,Employed,724,21255.66,0.243,0,0.355,0.195,35,0
35,54439.19,Employed,646,21569.12,0.629,1,0.731,0.103,37,0
38,84937.92,Self-Employed,724,21077.97,0.284,1,0.139,0.092,11,0
54,77629.78,Self-Employed,750,20678.73,0.38,3,0.548,0.204,49,0
69,59162.77,Retired,610,17501.36,0.468,1,0.312,-0.036,38,0
62,92552.93,Retired,780,26411.58,0.318,1,0.257,0.156,46,0
30,15170.47,Employed,754,9550.71,0.355,0,0.031,-0.015,27,0
21,42394.27,Employed,624,12793.7,0.425,0,0.777,0.146,35,0
23,42070.61,Employed,749,35626.79,0.223,0,0.559,0.09,14,0
50,87233.3,Employed,741,16378.81,0.12,1,0.108,0.097,52,0
28,107548.53,Unemployed,744,12142.13,0.24,0,0.123,0.232,33,0
32,23739.85,Employed,798,27471.97,0.609,0,0.258,-0.025,2,0
63,99268.5,Employed,679,24402.94,0.264,1,0.51,0.157,30,0
64,27290.05,Employed,705,6769.0,0.37,2,0.372,0.094,41,0
62,27705.67,Retired,482,22878.64,0.151,0,0.199,0.108,57,1
33,43601.95,Employed,764,16032.97,0.551,1,0.382,0.169,13,0
51,41810.25,Self-Employed,756,22632.47,0.305,3,0.679,0.165,55,0
51,22489.22,Employed,782,14859.92,0.282,0,0.531,0.15,46,0
30,67842.15,Employed,610,19508.01,0.33,1,0.003,0.03,28,0
48,68851.08,Employed,752,4921.66,0.727,0,0.169,0.149,49,0
47,83035.28,Self-Employed,756,8630.34,0.416,1,0.371,0.161,40,0
40,39469.06,Self-Employed,631,23018.67,0.326,3,0.429,0.14,27,0
58,48060.15,Employed,759,71172.5,0.0,1,0.688,0.151,52,0
54,48280.66,Employed,715,18404.77,0.553,0,0.398,0.108,56,0
47,114005.02,Employed,553,9743.12,0.246,0,0.519,0.007,14,0
57,12000.0,Employed,724,16014.44,0.222,0,0.0,0.068,41,0
59,30379.64,Employed,622,8638.16,0.236,2,0.313,0.063,33,0
49,49156.8,Employed,554,31253.73,0.57,0,0.554,0.102,42,0
34,28487.34,Self-Employed,707,15196.92,0.344,2,0.815,0.068,30,1
58,43081.11,Unemployed,675,27775.92,0.122,0,0.105,0.245,58,0
56,46026.02,Self-Employed,785,13466.05,0.319,1,0.362,0.136,7,0
70,35283.01,Self-Employed,694,29295.12,0.225,2,0.012,0.095,38,0
28,50626.7,Retired,738,5573.86,0.404,0,0.355,0.123,27,0
41,67109.08,Retired,718,14983.23,0.292,1,0.629,0.134,31,0
67,43558.79,Employed,757,20409.45,0.115,1,0.603,0.274,6,0
46,39081.43,Employed,614,12569.01,0.338,0,0.389,0.136,54,0
68,45121.65,Employed,695,18319.22,0.341,1,0.343,0.068,14,0
21,48838.87,Retired,669,18133.68,0.162,0,0.972,0.018,42,0
22,20534.06,Employed,729,27703.11,0.056,0,0.352,0.118,27,0
60,61745.54,Employed,699,21437.9,0.392,0,0.279,0.264,31,0
38,39124.31,Employed,634,18690.24,0.308,0,0.276,0.088,44,0
47,92112.65,Employed,655,25026.19,0.318,0,0.077,0.025,54,0
42,65875.82,Employed,804,6556.22,0.462,1,0.496,0.179,15,0
41,87994.82,Self-Employed,553,9400.84,0.059,3,0.542,0.11,29,0
67,29569.48,Employed,733,6430.74,0.359,3,0.535,-0.03,39,0
25,40713.16,Unemployed,773,20520.12,0.449,2,0.57,0.117,34,0
59,26338.07,Employed,723,18925.93,0.323,0,0.269,0.191,48,0
65,34454.83,Unemployed,828,33900.23,0.138,0,0.364,-0.068,58,0
53,91679.37,Employed,750,18233.2,0.251,2,0.653,0.158,25,0
40,103129.97,Employed,709,10106.96,0.282,0,0.296,-0.0,22,0
29,27610.0,Retired,645,16000.9,0.113,0,0.276,0.084,43,0
55,38982.23,Retired,710,4792.21,0.406,1,0.619,0.062,17,0
44,47188.34,Unemployed,731,11557.2,0.35,1,0.225,0.189,42,0
28,65696.62,Retired,680,3610.99,0.254,0,0.148,0.18,34,0
38,20334.92,Employed,624,17981.75,0.498,0,0.169,-0.008,33,0
69,21993.45,Employed,590,12486.72,0.272,0,0.994,-0.059,46,0
34,62618.31,Employed,694,13638.26,0.572,1,0.621,-0.021,28,0
29,18499.16,Unemployed,569,8442.63,0.31,4,0.536,0.134,84,0
55,39206.64,Unemployed,645,9884.13,0.207,1,0.193,-0.083,31,0
30,53159.17,Retired,498,22372.1,0.211,3,0.509,0.048,24,0
66,60344.98,Unemployed,742,6237.65,0.364,2,0.773,0.174,69,0
63,45667.44,Self-Employed,767,19998.5,0.189,0,0.479,0.148,35,0
70,40827.93,Employed,686,9074.89,0.372,0,0.157,-0.036,19,0
66,74778.48,Employed,817,5385.14,0.29,1,0.517,0.116,33,0
33,56534.31,Employed,781,30816.52,0.286,0,0.365,0.023,62,0
31,35471.74,Self-Employed,716,32777.86,0.344,1,0.43,0.048,39,0
38,49954.18,Employed,672,10682.04,0.501,2,0.187,0.054,21,0
44,59372.39,Retired,654,10619.37,0.269,0,0.232,0.064,49,0
64,115741.97,Self-Employed,722,12701.5,0.378,0,0.296,0.093,44,0
57,72632.07,Employed,669,9081.19,0.417,0,0.229,0.041,44,0
53,89974.22,Retired,721,10093.95,0.169,0,0.387,0.044,10,0
64,36123.41,Employed,727,19342.05,0.428,1,0.25,0.171,19,0
53,37718.6,Self-Employed,663,51243.1,0.472,2,0.76,0.1,12,1
39,43578.1,Employed,762,11934.33,0.495,1,0.508,0.013,30,0
41,45625.12,Employed,663,27278.73,0.184,0,0.567,0.108,57,0
46,29613.56,Employed,682,18246.62,0.194,0,0.369,-0.019,7,0
25,92315.45,Employed,607,5413.54,0.342,0,0.0,0.109,17,0
58,76242.61,Self-Employed,660,14549.88,0.333,1,0.585,0.145,9,0
53,42072.98,Retired,842,13493.57,0.353,0,0.376,0.165,47,0
57,67565.67,Retired,612,35550.97,0.297,1,0.492,0.134,63,0
47,54800.23,Employed,713,36427.97,0.378,0,0.384,0.013,39,0
60,70256.91,Retired,646,18510.25,0.0,0,0.0,0.055,42,0
68,25030.4,Employed,514,30593.89,0.449,2,0.305,0.191,34,1
49,45577.5,Employed,722,13523.5,0.571,1,0.218,0.075,32,0
43,47618.7,Self-Employed,638,28900.48,0.267,0,0.446,0.093,45,0
26,66958.01,Retired,704,15680.96,0.38,0,0.501,0.154,21,0
59,35802.79,Retired,754,28526.96,0.602,1,0.874,0.221,45,0
66,14045.18,Unemployed,698,30322.53,0.355,0,0.503,0.094,30,1
55,28542.52,Employed,705,22694.33,0.396,1,0.277,0.069,34,0
64,47547.1,Employed,615,9462.08,0.626,0,0.307,0.252,27,0
64,50611.91,Employed,733,11472.1,0.655,1,0.513,0.257,3,0
60,113763.16,Employed,666,23187.14,0.191,1,0.586,0.103,46,0
46,65602.77,Employed,530,25237.25,0.288,2,0.126,0.102,33,1
25,51060.43,Employed,742,16236.78,0.484,1,0.346,0.173,34,0
21,48233.27,Employed,765,12241.97,0.425,4,0.366,0.135,63,0
31,85143.36,Employed,791,16561.45,0.456,1,0.045,0.102,37,0
42,36495.52,Self-Employed,843,12492.89,0.0,1,0.558,0.159,24,0
58,45700.21,Employed,738,12534.66,0.057,0,0.45,0.048,12,0
43,28434.85,Employed,719,47859.27,0.618,0,0.357,0.189,30,1
22,99653.36,Self-Employed,762,11100.08,0.466,1,0.454,0.153,41,0
31,59650.0,Self-Employed,613,20023.72,0.403,2,0.544,0.136,13,0
69,34414.68,Employed,555,16183.61,0.164,2,0.825,0.091,51,0
70,46294.22,Employed,644,7073.22,0.288,4,0.544,0.05,29,0
39,63248.42,Retired,776,6928.43,0.435,0,0.148,-0.041,32,0
61,43245.16,Self-Employed,630,14063.38,0.143,0,1.0,-0.041,34,0
56,37525.08,Employed,715,4575.1,0.244,0,0.153,-0.034,13,0
67,35343.27,Employed,723,44278.01,0.406,2,0.486,0.198,27,0
65,58074.44,Employed,698,11884.99,0.438,2,0.354,0.047,41,0
52,40985.47,Employed,584,11317.27,0.272,2,0.374,0.003,33,0
40,39070.43,Employed,706,30755.93,0.497,0,0.483,0.093,27,0
52,25133.81,Retired,648,13569.34,0.492,1,0.5,0.024,30,0
36,50961.22,Employed,808,21820.95,0.081,1,0.704,0.069,43,0
38,44774.24,Employed,765,10471.88,0.596,0,0.255,0.144,56,0
51,41738.36,Self-Employed,651,15172.81,0.525,0,0.488,0.074,32,1
49,54143.07,Employed,812,26399.14,0.381,1,0.534,0.074,21,0
50,71253.64,Self-Employed,706,8803.57,0.329,0,0.918,0.098,72,0
40,69618.3,Employed,555,20264.81,0.468,3,0.51,-0.012,50,0
41,64625.49,Employed,674,3463.7,0.43,2,0.147,0.123,33,0
21,43462.98,Employed,803,31549.18,0.309,0,0.702,0.214,26,0
51,36919.71,Retired,619,10573.97,0.591,0,0.302,0.071,61,0
49,29086.87,Self-Employed,675,14025.12,0.034,2,0.211,0.108,22,0
67,36439.98,Unemployed,578,13922.03,0.25,1,0.692,0.033,35,1
46,49504.81,Employed,590,8226.25,0.417,1,0.429,0.042,45,0
44,33085.72,Self-Employed,617,7855.91,0.342,1,0.356,0.179,38,0
24,51432.66,Employed,588,20187.25,0.455,0,0.771,0.113,21,0
30,30250.61,Self-Employed,634,20764.53,0.141,1,0.287,0.153,29,0
37,21364.89,Employed,810,8680.51,0.312,1,0.286,0.121,35,0
39,73843.48,Self-Employed,677,20427.52,0.523,0,0.509,0.087,17,0
39,38668.97,Employed,739,20634.85,0.126,0,0.0,0.197,32,0
40,32256.77,Employed,762,11767.17,0.314,1,0.435,-0.043,57,0
59,28369.69,Self-Employed,597,6794.73,0.27,0,0.417,0.035,62,0
27,60567.76,Employed,618,14435.91,0.405,1,0.212,0.07,32,0
37,97485.01,Employed,737,18380.56,0.409,3,0.396,0.104,34,0
29,40073.2,Retired,632,14252.41,0.365,0,0.457,0.076,32,0
36,44012.03,Employed,732,10347.53,0.307,1,0.39,0.117,3,0
55,83768.8,Employed,806,19539.27,0.359,1,0.58,0.21,42,0
23,19826.55,Unemployed,571,31545.77,0.325,2,0.459,0.008,39,1
37,131063.12,Self-Employed,653,9300.49,0.345,2,0.363,0.222,50,0
22,166383.42,Employed,665,12347.33,0.569,2,0.554,0.083,51,0
68,12667.96,Employed,641,76564.25,0.17,0,0.459,0.115,44,1
57,46688.28,Employed,634,17580.06,0.401,0,1.0,0.102,44,1
33,34218.66,Employed,643,6904.41,0.209,2,0.625,0.122,19,0
30,42942.36,Self-Employed,679,11086.13,0.643,0,0.284,0.196,37,0
25,39767.59,Retired,692,9375.43,0.363,0,0.022,0.008,14,0
44,73561.68,Employed,752,18550.2,0.16,2,0.251,0.043,29,0
58,46337.88,Employed,678,17758.8,0.315,0,0.0,0.15,59,0
50,31087.04,Self-Employed,764,10077.98,0.131,1,0.546,0.036,43,0
65,44977.04,Employed,636,44971.61,0.255,0,0.336,-0.05,39,0
38,63410.97,Self-Employed,590,15538.56,0.442,2,0.231,0.152,34,0
34,27123.05,Employed,657,11232.45,0.554,3,0.532,0.038,34,0
44,21523.12,Employed,715,7096.29,0.512,1,0.319,0.17,37,0
31,132769.71,Self-Employed,745,8631.22,0.334,0,0.487,0.064,36,0
69,35553.24,Retired,790,6991.05,0.436,1,0.341,0.191,45,0
30,45767.23,Employed,702,13169.5,0.471,0,0.417,0.12,65,0
44,40179.1,Unemployed,736,8682.13,0.687,1,0.684,0.044,56,0
47,64475.71,Employed,783,23632.79,0.259,2,0.601,0.002,28,0
23,118942.44,Employed,622,10397.71,0.576,2,0.715,0.081,26,1
44,65510.58,Employed,664,24443.52,0.186,1,0.476,0.104,27,0
43,22944.13,Employed,850,19828.6,0.527,1,0.002,0.049,25,0
33,24537.02,Self-Employed,744,21748.6,0.257,1,0.249,-0.003,9,0
27,40155.62,Employed,718,25287.09,0.247,1,0.045,0.082,37,0
23,42868.11,Employed,747,48824.82,0.307,0,0.602,0.223,29,0
21,20723.52,Employed,580,8871.52,0.234,1,0.403,0.12,35,0
45,73841.08,Unemployed,631,24528.71,0.414,0,0.677,0.048,27,0
25,28476.65,Retired,604,18748.54,0.534,1,0.628,0.112,36,0
68,103430.05,Employed,711,27944.29,0.033,0,0.372,0.15,25,0
33,121822.01,Employed,652,15779.68,0.324,0,0.784,0.026,25,0
53,43298.5,Retired,687,29899.79,0.187,0,0.611,0.079,65,0
54,61052.31,Employed,657,6802.45,0.486,2,0.418,0.088,17,0
45,26476.86,Unemployed,558,8082.16,0.563,1,0.496,0.068,82,1
65,66959.16,Employed,746,10493.11,0.324,2,0.711,0.001,15,0
26,38211.96,Retired,548,14117.21,0.245,1,0.498,0.153,22,0
32,28463.63,Employed,625,15181.21,0.108,1,0.253,-0.068,16,0
33,42418.19,Employed,581,9470.94,0.642,1,0.141,0.047,29,0
27,38836.9,Employed,614,8147.58,0.548,1,0.342,0.042,2,0
35,41665.15,Employed,695,9964.92,0.053,2,0.25,0.055,50,0
36,78813.53,Employed,773,5294.46,0.448,0,0.445,0.217,23,0
59,33101.91,Retired,563,12420.69,0.183,2,0.287,0.075,40,0
36,116717.47,Employed,638,14256.33,0.274,2,0.316,0.185,61,0
64,25272.45,Employed,549,19237.6,0.163,3,0.667,0.111,27,1
59,109942.76,Employed,635,16319.61,0.05,0,0.764,0.136,41,0
66,29488.18,Employed,685,43305.67,0.343,1,0.229,0.076,21,1
26,48995.97,Employed,738,24038.79,0.634,0,0.321,0.158,47,0
70,38365.04,Employed,521,22980.19,0.211,1,0.349,0.051,40,0
51,41280.09,Self-Employed,721,18376.37,0.484,2,0.469,0.064,16,1
70,73180.09,Unemployed,607,20362.19,0.507,1,0.476,0.058,55,0
38,103768.05,Employed,589,12933.24,0.458,1,0.288,0.016,33,0
68,88899.55,Self-Employed,685,15674.23,0.649,0,0.512,0.098,32,0
50,40037.5,Employed,727,46767.05,0.493,0,0.298,0.169,45,0
24,53751.54,Employed,672,14157.04,0.621,4,0.318,0.073,50,1
41,33155.41,Retired,598,6640.09,0.178,0,0.2,0.036,19,0
27,29858.5,Retired,672,22428.43,0.462,0,0.628,0.256,49,0
68,27635.31,Employed,626,24962.38,0.577,1,0.6,0.069,36,0
36,39387.88,Employed,725,16199.15,0.234,2,0.476,0.158,31,0
32,55536.89,Employed,761,4783.81,0.0,0,0.546,0.1,25,0
48,18846.69,Employed,756,31951.16,0.16,0,0.644,0.186,38,1
42,47897.72,Self-Employed,679,16948.66,0.241,1,0.565,0.096,14,1
25,104611.9,Employed,764,12256.91,0.434,1,0.56,0.096,22,0
61,85901.41,Retired,603,30116.71,0.265,3,0.306,0.095,10,0
63,36585.53,Self-Employed,814,4381.81,0.35,0,0.069,0.08,48,0
58,24381.1,Employed,603,15789.76,0.259,0,0.226,0.105,37,0
51,61692.35,Unemployed,528,10673.55,0.331,2,0.883,0.038,39,1
41,15387.12,Self-Employed,782,36144.78,0.34,2,0.348,0.14,28,1
48,85397.92,Employed,627,17081.13,0.255,2,0.752,0.317,32,0
47,44055.53,Employed,689,8788.57,0.473,1,0.519,0.025,32,0
29,122473.52,Unemployed,603,29229.71,0.557,1,0.393,0.125,40,1
25,20671.62,Retired,850,3376.45,0.178,0,0.201,0.101,12,0
33,77580.63,Employed,817,20025.09,0.383,1,0.245,0.009,36,0
43,46618.17,Self-Employed,796,6918.99,0.136,1,0.371,0.162,42,0
29,41542.6,Unemployed,687,11187.33,0.087,1,0.37,0.065,42,0
26,24712.84,Retired,754,12779.45,0.505,1,0.52,0.045,65,0
63,66030.63,Employed,676,25490.66,0.651,1,0.251,0.209,39,0
39,68738.77,Employed,764,55384.04,0.301,0,0.259,0.073,48,0
50,119678.46,Unemployed,649,5075.95,0.625,0,0.592,0.193,49,0
47,81147.61,Employed,799,19298.5,0.253,1,0.818,0.143,24,0
57,36426.52,Employed,645,55352.31,0.315,1,0.419,0.108,47,1
57,29675.25,Employed,654,10469.72,0.6,1,0.498,0.151,6,0
35,24729.55,Employed,645,10086.98,0.213,0,0.368,0.163,23,0
63,102396.95,Self-Employed,694,17010.19,0.488,1,0.386,0.086,45,0
39,33220.18,Employed,651,24277.4,0.298,1,0.353,0.071,18,0
62,102756.25,Self-Employed,717,21906.94,0.242,1,0.323,0.169,51,0
41,63737.99,Employed,644,11905.77,0.274,0,0.522,0.322,51,0
26,57811.99,Unemployed,739,9122.31,0.025,0,0.536,-0.03,42,0
59,42047.95,Employed,794,32522.19,0.539,0,0.346,0.011,39,0
22,68209.32,Employed,686,9276.67,0.384,1,0.274,0.023,32,0
59,48643.07,Retired,846,4676.42,0.328,2,0.295,0.074,38,0
23,40757.43,Self-Employed,765,6173.14,0.246,1,0.543,0.022,51,0
31,69425.01,Employed,840,10449.57,0.397,0,0.223,0.149,52,0
51,45616.01,Employed,675,36152.57,0.483,0,0.176,-0.016,37,0
68,32887.0,Employed,555,7237.15,0.309,0,0.462,0.066,15,0
41,66165.43,Retired,627,36796.24,0.495,2,0.385,0.06,31,0
27,47477.31,Employed,635,32341.01,0.391,0,0.369,0.18,39,0
32,62595.9,Retired,609,16901.18,0.336,2,0.583,0.096,47,0
65,39068.43,Employed,515,3198.84,0.487,2,0.389,-0.007,42,0
57,26780.77,Self-Employed,757,7255.86,0.274,2,0.256,0.124,55,0
26,116720.44,Employed,540,10095.84,0.162,1,0.438,0.026,25,0
40,106224.04,Employed,750,41706.87,0.342,1,0.257,0.005,25,0
34,76259.13,Retired,844,10493.37,0.355,1,0.595,0.189,50,0
29,40380.19,Employed,622,9285.79,0.317,1,0.405,0.066,21,0
63,42185.89,Retired,709,16530.81,0.528,4,0.174,0.139,20,0
51,97847.33,Employed,650,6337.78,0.425,0,0.434,0.062,36,1
29,41072.13,Employed,742,14548.27,0.333,0,0.225,0.12,46,0
53,35729.14,Retired,590,9144.11,0.349,0,0.626,0.212,38,0
41,125006.04,Self-Employed,670,74061.41,0.362,0,0.378,0.115,2,0
24,47866.02,Employed,764,8513.65,0.429,0,0.539,0.071,33,0
43,118683.16,Employed,676,47002.72,0.358,2,0.264,-0.005,24,0
30,24362.59,Employed,558,7449.48,0.327,1,0.357,0.171,53,0
33,63518.88,Unemployed,773,17286.23,0.15,0,0.491,0.138,12,0
64,138073.48,Employed,583,19934.13,0.244,0,0.365,0.126,44,0
56,49755.45,Employed,686,16075.61,0.392,1,0.204,0.094,35,0
27,42958.84,Employed,724,15494.5,0.378,0,0.558,0.19,39,0
63,27340.49,Self-Employed,689,24757.26,0.127,0,0.462,0.065,47,0
49,84218.64,Retired,850,18966.33,0.266,2,0.163,0.144,32,0
64,33354.1,Unemployed,735,13309.84,0.211,0,0.32,0.245,36,0
58,46751.22,Employed,665,9851.12,0.555,0,0.22,0.106,61,0
37,26443.06,Employed,725,13367.14,0.388,1,0.293,0.073,50,0
47,106771.61,Employed,696,13268.49,0.415,0,0.301,0.056,49,0
47,87329.42,Unemployed,683,13112.76,0.34,0,0.348,0.055,48,0
56,48252.73,Employed,698,15455.49,0.256,1,0.088,0.103,64,0
33,27527.08,Self-Employed,647,6338.56,0.283,3,0.309,0.232,44,0
37,105657.03,Employed,696,7970.1,0.424,1,0.612,0.135,37,0
33,40824.36,Retired,642,24320.24,0.311,0,0.779,0.116,45,0
35,28209.03,Employed,538,3826.67,0.425,0,0.149,0.112,27,0
29,20311.47,Employed,766,30279.29,0.371,0,0.637,-0.024,48,0
22,35490.4,Retired,638,10558.09,0.394,2,0.892,0.092,50,0
68,23686.98,Retired,691,40202.44,0.402,1,0.357,0.026,30,1
24,35903.48,Employed,623,30814.15,0.271,1,0.512,0.22,33,1
65,71125.73,Self-Employed,625,12131.49,0.303,0,0.623,0.03,40,0
21,40631.54,Self-Employed,602,12910.16,0.486,1,0.304,-0.007,26,1
59,58562.32,Employed,751,38405.52,0.624,0,0.609,-0.038,20,0
37,34143.68,Employed,769,31695.83,0.488,1,0.358,0.038,31,0
46,50644.43,Self-Employed,682,26466.74,0.0,0,0.611,-0.1,36,0
35,128085.13,Self-Employed,640,29334.36,0.236,0,0.734,0.115,45,0
45,41182.02,Employed,553,7688.55,0.367,1,0.677,0.119,43,0
43,59409.81,Employed,740,16700.24,0.185,1,0.331,0.013,34,0
47,22409.41,Self-Employed,629,9300.04,0.178,1,0.532,0.169,44,0
40,104825.58,Employed,596,7570.86,0.287,0,0.297,0.087,27,0
47,38615.02,Self-Employed,682,16290.42,0.402,0,0.149,0.088,12,0
62,82889.76,Self-Employed,655,11518.32,0.443,0,0.351,0.169,32,0
42,46092.7,Employed,566,13363.07,0.295,3,0.58,0.19,39,0
39,66555.38,Employed,576,10937.79,0.283,0,0.34,0.019,26,0
27,68562.86,Employed,705,6955.68,0.223,0,0.72,-0.015,13,0
38,39096.17,Employed,631,40866.91,0.426,0,0.417,0.07,22,0
27,84622.31,Employed,718,16211.82,0.416,1,0.165,0.224,17,0
30,33540.45,Self-Employed,691,6214.77,0.486,1,0.34,0.038,15,0
68,72328.04,Unemployed,759,16468.13,0.369,0,0.259,0.177,36,0
25,40331.87,Employed,618,36784.57,0.153,0,0.69,0.022,53,0
45,58382.94,Self-Employed,697,26245.15,0.298,1,0.511,0.088,36,0
62,38909.88,Employed,728,10815.84,0.479,1,0.386,0.054,53,0
68,50261.16,Unemployed,633,10972.81,0.09,0,0.564,0.133,2,0
28,28642.68,Employed,765,8314.49,0.337,1,0.23,0.112,38,0
29,55480.03,Employed,555,9458.3,0.393,1,0.15,0.028,43,0
39,50115.92,Employed,618,9931.52,0.651,0,0.124,0.061,24,1
48,37418.6,Employed,552,6118.28,0.26,0,0.0,0.015,22,0
68,47690.43,Retired,625,11311.92,0.332,0,0.167,0.118,30,0
31,52417.84,Employed,668,18149.3,0.603,1,0.524,0.019,48,0
29,36019.71,Employed,742,11517.26,0.262,1,0.561,0.108,17,0
33,45964.32,Self-Employed,668,16821.48,0.511,1,0.209,0.132,23,0
64,29650.2,Employed,635,39071.94,0.409,1,0.0,0.153,15,0
22,158398.06,Employed,564,44417.96,0.317,1,0.311,0.154,44,0
40,83246.33,Employed,589,14175.12,0.418,0,0.51,0.127,25,0
26,56192.98,Employed,703,25036.98,0.328,0,0.583,0.013,34,0
28,88084.91,Unemployed,746,13359.89,0.689,1,0.454,0.031,42,0
66,18221.8,Employed,649,11017.89,0.04,0,0.179,0.03,28,0
21,13645.43,Employed,771,7554.55,0.308,1,0.56,0.095,13,0
37,40149.07,Employed,609,15552.36,0.312,0,0.487,0.187,43,0
66,24605.32,Retired,651,28300.35,0.33,0,0.563,0.044,44,0
51,43551.4,Retired,657,6872.95,0.512,0,0.204,0.075,59,0
24,54329.81,Employed,795,12428.45,0.283,2,0.513,0.196,40,0
44,77668.67,Self-Employed,690,12073.82,0.424,0,0.591,-0.01,36,0
69,27746.58,Employed,545,17122.13,0.385,2,0.103,0.222,39,0
41,59863.09,Employed,751,17286.12,0.476,2,0.265,0.15,32,0
47,49374.77,Unemployed,818,20380.65,0.329,3,0.065,0.044,35,0
47,58323.17,Retired,661,46082.54,0.398,0,0.221,0.073,26,0
54,37801.88,Employed,613,8757.82,0.331,1,0.377,0.236,39,0
30,97886.86,Unemployed,745,8473.75,0.202,1,0.082,0.06,39,0
62,46548.3,Self-Employed,827,17127.14,0.59,0,0.645,0.157,33,0
70,119025.27,Self-Employed,744,35299.85,0.236,1,0.648,0.263,21,0
28,33017.92,Self-Employed,558,6139.96,0.278,2,0.371,0.097,13,0
61,71069.51,Employed,737,18012.54,0.221,1,0.256,0.099,27,0
61,47579.9,Retired,710,13084.67,0.41,0,0.39,0.277,25,0
58,41611.37,Employed,608,24651.0,0.278,0,0.721,0.013,29,0
39,67249.02,Employed,777,21523.79,0.577,2,0.537,0.099,28,0
44,42210.03,Employed,713,15200.9,0.43,0,0.004,0.134,61,0
62,12952.15,Unemployed,779,19781.72,0.308,2,0.0,-0.023,29,1
28,12000.0,Employed,600,9947.07,0.214,1,0.201,0.007,15,0
62,92615.43,Employed,710,23864.2,0.333,1,0.391,0.054,35,0
67,90683.37,Self-Employed,613,33925.23,0.428,0,0.025,0.133,29,0
55,125953.8,Employed,699,15679.29,0.343,0,0.355,0.061,63,0
38,48593.05,Employed,791,11559.1,0.329,2,0.031,0.093,39,0
48,25685.52,Employed,573,13533.3,0.197,0,0.402,0.163,48,0
23,39743.76,Self-Employed,577,23714.07,0.686,0,0.448,0.148,35,1
67,49301.62,Employed,752,14398.52,0.32,0,0.775,-0.064,38,0
38,29628.17,Employed,679,7188.33,0.144,1,0.371,0.115,27,0
23,111779.94,Employed,768,26141.07,0.189,0,0.322,0.144,34,0
60,150204.27,Retired,619,8186.97,0.298,1,0.693,0.093,21,0
53,62264.1,Self-Employed,684,19047.6,0.642,0,0.544,0.142,28,0
52,48755.25,Employed,732,4818.33,0.324,1,0.409,0.162,40,0
23,25655.58,Retired,696,15754.64,0.294,3,0.333,0.126,41,0
58,106214.61,Unemployed,546,14171.98,0.477,1,0.774,0.092,38,0
52,50927.25,Self-Employed,850,4535.81,0.488,0,0.239,0.12,26,0
60,42421.81,Employed,696,18028.13,0.449,0,0.075,-0.086,68,0
62,62354.25,Employed,579,7624.97,0.38,1,0.358,0.213,34,0
31,36575.88,Self-Employed,704,15535.01,0.184,1,0.33,0.206,39,0
31,52756.25,Employed,712,11532.9,0.237,0,0.665,0.2,54,0
67,23831.57,Employed,755,6073.35,0.111,0,0.434,0.11,21,0
47,84418.65,Employed,750,7883.79,0.316,0,0.601,0.146,32,0
42,46527.3,Employed,664,8271.6,0.286,1,0.0,0.111,63,0
35,87500.56,Employed,551,26620.79,0.271,0,0.326,0.126,42,0
52,44330.66,Employed,715,24379.29,0.392,3,0.725,0.209,47,1
58,45793.62,Self-Employed,557,55088.75,0.251,0,0.163,-0.042,29,1
21,26738.01,Unemployed,771,10860.35,0.299,3,0.339,0.135,29,0
48,71673.65,Employed,625,10652.61,0.277,2,0.585,0.033,19,0
70,31636.92,Employed,728,16009.28,0.345,2,0.289,0.008,65,1
35,38437.5,Employed,631,11930.34,0.405,1,0.572,0.09,28,0
35,49046.47,Employed,643,10409.38,0.148,1,0.267,-0.0,15,0
64,52083.95,Unemployed,620,15254.88,0.418,0,0.392,-0.0,53,0
24,20888.45,Self-Employed,734,22520.14,0.39,0,0.548,-0.033,25,0
40,43677.88,Unemployed,633,4157.69,0.413,0,0.16,0.061,46,0
43,72956.24,Retired,738,10474.3,0.37,0,0.221,0.143,45,0
60,40571.9,Employed,635,6363.44,0.404,1,0.601,0.166,51,0
27,43810.73,Self-Employed,663,13463.01,0.288,1,0.227,0.258,14,0
42,53167.52,Employed,683,19140.81,0.417,0,0.428,0.068,41,0
28,46028.67,Employed,692,28858.65,0.522,0,0.614,0.164,19,0
60,29282.41,Employed,611,11381.59,0.276,2,0.42,0.114,36,0
52,48137.99,Employed,733,15736.9,0.281,0,0.46,0.112,48,0
45,80582.48,Self-Employed,660,5381.51,0.445,2,0.741,0.13,9,0
40,28981.47,Self-Employed,721,8810.69,0.267,0,0.906,0.164,28,0
28,40650.2,Employed,679,16718.73,0.242,1,0.43,0.138,21,0
67,24567.61,Employed,724,6532.8,0.413,2,0.307,0.068,37,0
53,78487.21,Employed,649,31014.41,0.285,2,0.583,0.147,18,0
36,46808.54,Self-Employed,621,20213.58,0.533,0,0.229,0.05,45,0
41,32045.12,Employed,712,8580.53,0.28,1,0.689,0.147,31,0
57,51335.24,Employed,643,6067.5,0.227,1,0.28,0.109,34,0
56,26854.8,Employed,789,9589.48,0.349,0,0.307,-0.049,38,0
44,29238.81,Self-Employed,685,8607.66,0.415,0,0.174,0.089,2,0
36,23621.99,Self-Employed,577,7113.87,0.398,0,0.213,0.175,19,0
53,28756.25,Employed,636,6348.12,0.431,1,0.66,0.09,57,0
53,96632.34,Employed,605,12858.49,0.267,2,0.475,0.118,17,0
50,33977.06,Employed,760,22910.63,0.52,0,0.388,0.062,19,0
24,61889.92,Self-Employed,738,9636.86,0.102,1,0.851,0.078,30,0
44,32268.58,Employed,675,19282.05,0.233,0,0.426,0.176,47,1
51,71665.65,Self-Employed,702,12129.0,0.356,1,0.396,0.066,14,0
68,29347.39,Retired,673,21319.77,0.245,0,0.155,0.008,31,0
47,49991.78,Employed,745,9210.63,0.304,2,0.222,-0.074,53,0
38,50333.48,Employed,719,17476.19,0.203,0,0.194,0.039,40,0
48,156984.55,Employed,732,15868.3,0.319,1,0.249,0.012,20,0
29,67185.49,Employed,666,33436.11,0.419,1,0.297,-0.019,51,0
25,36444.58,Retired,633,20645.36,0.27,1,0.337,0.014,30,0
54,69045.74,Retired,730,17216.17,0.218,0,0.554,0.021,42,0
70,142783.85,Employed,796,6112.35,0.281,2,0.394,0.015,23,0
63,21702.48,Retired,763,10773.57,0.516,1,0.793,0.211,50,0
50,32169.01,Employed,799,9134.02,0.514,0,0.539,-0.032,30,0
23,43545.05,Employed,692,9015.29,0.278,0,0.245,0.146,38,0
70,39793.38,Self-Employed,607,14902.79,0.426,1,0.499,0.143,8,0
43,41507.18,Employed,614,17060.01,0.347,1,0.433,0.149,57,0
35,25537.01,Employed,783,17465.18,0.543,1,0.707,0.096,55,0
65,98911.23,Self-Employed,540,31472.4,0.379,4,0.581,0.201,17,1
58,24069.38,Employed,793,19734.62,0.32,2,0.415,0.1,58,0
58,44351.14,Retired,621,7067.69,0.59,0,0.785,0.083,15,0
34,82695.07,Employed,824,16672.64,0.211,1,0.523,0.193,16,0
70,48286.51,Employed,675,20965.35,0.398,0,0.532,0.086,32,0
43,30040.54,Retired,734,31486.48,0.555,0,0.731,-0.027,38,1
47,24975.79,Employed,850,13460.1,0.45,0,0.588,0.14,48,0
58,43695.5,Employed,655,13538.86,0.236,1,0.448,0.187,34,0
53,33573.26,Employed,654,28207.35,0.227,2,0.383,0.123,19,0
29,54318.25,Employed,628,16434.7,0.139,1,0.0,0.071,51,0
36,24325.35,Employed,605,5658.73,0.572,2,0.0,0.121,32,0
39,73608.65,Employed,655,4975.48,0.18,0,0.374,0.155,45,0
68,51936.38,Employed,638,44554.4,0.457,1,0.278,0.017,49,0
56,53901.75,Employed,586,5280.43,0.136,0,0.404,-0.063,27,0
39,100764.2,Unemployed,664,13355.36,0.734,1,0.624,0.089,31,0
57,39383.5,Retired,714,25081.11,0.147,1,0.23,0.183,45,0
57,34101.33,Employed,613,5121.67,0.356,1,0.053,0.009,49,0
40,37276.49,Retired,668,7716.09,0.532,0,0.114,-0.002,26,0
41,44521.91,Unemployed,785,6988.04,0.245,0,0.183,0.116,35,0
65,46841.16,Retired,574,43506.94,0.435,2,0.149,0.081,14,0
49,32359.12,Self-Employed,825,49557.68,0.308,1,0.41,0.045,29,0
28,17826.78,Employed,629,9504.27,0.408,1,0.739,0.193,57,0
56,37031.92,Employed,695,20904.07,0.512,1,0.535,0.046,8,1
50,58683.44,Retired,776,17762.37,0.286,0,0.552,0.129,62,0
46,52476.94,Employed,799,12475.53,0.575,2,0.448,0.167,63,0
57,89301.83,Retired,715,5563.23,0.403,0,0.127,0.083,17,0
66,130319.35,Self-Employed,628,58951.98,0.642,0,0.893,0.167,19,0
37,71658.49,Employed,621,4966.11,0.225,0,0.33,0.153,35,0
41,97856.79,Employed,637,16768.59,0.254,1,0.571,0.115,29,0
30,71925.57,Retired,822,10011.02,0.315,1,0.0,0.07,51,0
53,115260.45,Employed,651,27033.63,0.168,1,0.38,0.215,47,0
41,123676.78,Self-Employed,704,24527.94,0.489,1,0.362,0.173,34,0
38,78872.08,Retired,602,8206.75,0.339,0,0.341,0.159,15,0
55,69786.1,Employed,593,9190.48,0.178,1,0.092,0.105,31,0
41,44239.97,Employed,682,5824.97,0.227,1,0.444,0.057,73,0
44,48018.01,Employed,656,16595.4,0.22,0,0.668,-0.055,39,0
43,41401.87,Unemployed,661,22618.57,0.489,1,0.862,0.142,57,0
33,66878.03,Employed,569,11327.65,0.419,0,0.763,0.073,41,0
27,34194.7,Employed,674,12747.84,0.33,0,0.678,0.118,61,0
62,44553.54,Employed,796,46383.92,0.295,2,0.776,0.297,34,0
25,15099.47,Employed,616,25893.38,0.314,1,0.802,0.2,53,1
37,116023.14,Employed,747,33145.39,0.617,2,0.197,0.136,50,0
54,43904.09,Employed,420,3845.94,0.315,0,0.455,0.092,37,0
27,61561.39,Unemployed,620,20502.77,0.479,1,0.119,0.162,37,0
53,101609.61,Employed,537,17168.36,0.301,3,0.519,0.172,13,0
57,56962.4,Unemployed,773,6966.09,0.602,1,0.346,0.069,30,0
54,100928.93,Retired,746,7892.45,0.167,1,0.366,0.079,73,0
36,26347.56,Self-Employed,602,12951.13,0.471,3,0.34,0.119,62,1
21,162541.45,Self-Employed,702,6599.85,0.236,0,0.0,0.039,34,0
65,84419.62,Employed,770,9143.33,0.682,0,0.0,0.045,23,0
37,54426.22,Employed,782,11193.0,0.455,1,0.588,0.01,54,0
61,99961.43,Employed,650,20829.21,0.094,0,0.252,0.239,40,0
30,27328.42,Employed,514,9661.62,0.21,0,0.625,-0.008,43,0
29,42433.46,Employed,613,11289.83,0.453,1,0.365,-0.005,31,0
59,100924.22,Employed,737,27298.89,0.449,0,0.051,-0.083,58,0
67,19273.18,Employed,837,5122.74,0.437,1,0.092,0.149,39,0
64,64875.73,Self-Employed,676,16922.03,0.373,1,0.252,0.024,45,0
58,63964.79,Employed,634,18650.76,0.302,0,0.196,0.161,20,0
33,131217.68,Employed,850,18960.2,0.513,0,0.381,0.096,24,0
66,22214.98,Employed,710,10929.13,0.22,1,0.455,0.202,18,0
54,109624.43,Employed,588,7793.79,0.358,0,0.475,0.032,42,0
29,37058.93,Employed,671,36743.22,0.257,0,0.45,0.105,37,0
27,39202.48,Employed,755,8831.7,0.245,1,0.594,0.189,15,0
64,26608.81,Employed,675,7553.62,0.281,2,0.621,0.197,40,0
34,28454.85,Employed,740,14944.83,0.24,1,0.195,0.187,37,0
59,59979.68,Retired,560,9476.09,0.432,0,0.0,0.144,7,0
27,28108.69,Employed,572,27735.89,0.129,0,0.251,0.098,24,0
35,70979.2,Employed,625,12592.98,0.415,0,0.418,0.147,39,0
35,35189.99,Self-Employed,659,29979.95,0.255,0,0.284,-0.005,20,0
35,26728.43,Unemployed,705,19327.12,0.355,3,0.539,0.07,31,0
54,37650.27,Retired,728,11696.84,0.325,2,0.107,0.213,24,0
66,58009.01,Employed,850,28808.05,0.275,1,0.748,0.174,11,0
66,42673.07,Employed,625,9991.58,0.532,0,0.573,0.002,3,0
58,49866.52,Employed,656,12184.43,0.294,1,0.315,0.128,17,0
31,69432.04,Self-Employed,627,20282.13,0.456,0,0.232,0.028,65,0
69,84221.94,Employed,761,16915.32,0.457,1,0.367,0.077,16,0
48,41980.16,Retired,765,9855.53,0.309,2,0.653,0.219,32,0
48,29082.42,Employed,646,5873.41,0.161,0,0.312,-0.046,34,0
56,50921.84,Employed,835,14600.54,0.218,1,0.272,-0.002,64,0
59,62026.98,Employed,627,9544.58,0.542,0,0.399,0.112,4,0
68,23615.0,Employed,757,15029.76,0.424,2,0.124,0.138,24,0
50,31404.17,Employed,789,11469.15,0.371,0,0.637,0.076,39,0
51,34214.56,Self-Employed,578,9599.43,0.265,2,0.537,0.193,33,0
58,44182.71,Employed,723,12570.48,0.61,1,0.599,0.082,28,0
33,33506.11,Employed,476,14128.44,0.22,0,0.705,0.122,43,0
36,69809.15,Self-Employed,742,22404.25,0.371,0,0.226,0.105,3,0
52,21970.01,Retired,597,19032.69,0.425,1,0.403,0.08,30,1
24,22250.96,Self-Employed,723,51878.2,0.154,1,0.379,0.16,26,1
37,41483.69,Self-Employed,737,16072.44,0.236,0,0.749,0.035,48,0
56,44899.13,Employed,764,9860.0,0.281,3,0.309,0.203,3,0
69,23686.91,Retired,747,13362.71,0.479,1,0.006,0.177,31,0
46,36193.17,Employed,684,20764.37,0.284,1,0.299,0.178,32,0
40,40113.9,Retired,651,26958.54,0.135,1,0.595,0.283,28,0
43,40269.56,Unemployed,674,33020.44,0.12,1,0.517,0.134,25,1
55,52888.48,Employed,596,8020.83,0.235,1,0.379,0.11,32,0
48,35214.41,Employed,664,31837.64,0.126,0,0.316,0.137,51,0
22,102633.34,Self-Employed,658,14362.67,0.465,1,0.475,0.067,44,0
47,62573.82,Self-Employed,621,8466.14,0.471,0,0.525,0.093,23,0
41,32742.96,Employed,549,13065.54,0.351,0,0.448,0.033,23,0
56,51392.92,Retired,584,30529.63,0.311,1,0.323,0.209,18,0
64,52156.69,Employed,444,19425.95,0.461,2,0.393,0.02,49,1
69,89981.62,Employed,657,7135.05,0.455,1,0.28,0.035,25,0
51,36308.56,Employed,707,7167.23,0.202,1,0.627,0.083,16,0
39,71945.87,Employed,479,7048.87,0.223,1,0.371,0.012,35,0
43,50057.48,Employed,698,9519.3,0.456,2,0.194,0.048,38,0
29,103340.36,Retired,671,15467.09,0.391,2,0.897,0.072,30,0
67,93474.67,Employed,592,7512.26,0.441,0,0.24,0.164,35,0
63,54094.6,Unemployed,648,11418.66,0.216,2,0.203,-0.016,31,0
63,42995.84,Unemployed,759,34242.46,0.237,1,0.135,0.058,41,0
37,63152.2,Employed,607,38975.36,0.42,0,0.249,0.124,38,1
37,44791.56,Unemployed,686,37432.1,0.248,0,0.564,0.14,24,0
63,113567.6,Self-Employed,706,5029.41,0.122,1,0.052,0.308,43,0
48,50982.36,Employed,618,40305.1,0.25,0,0.435,0.217,21,0
56,40021.76,Employed,756,15599.88,0.319,1,0.272,0.232,18,0
45,38956.17,Employed,710,15471.92,0.605,1,0.221,-0.023,36,1
43,26728.41,Employed,661,27373.81,0.224,0,0.017,0.127,39,0
52,64749.39,Employed,850,22518.12,0.341,1,0.39,0.15,47,0
61,32532.48,Employed,756,4811.64,0.656,2,0.023,0.002,61,0
37,84886.82,Retired,554,10224.28,0.186,1,0.338,0.081,6,0
61,25681.66,Self-Employed,651,11853.27,0.449,0,0.475,0.165,25,0
33,52240.89,Self-Employed,850,6646.46,0.243,0,0.0,0.17,36,0
41,87126.11,Retired,606,26857.33,0.41,1,0.553,0.202,59,0
66,16711.9,Employed,685,35008.91,0.7,1,0.0,0.111,28,1
68,134474.89,Employed,772,14671.51,0.469,1,0.8,0.057,9,0
67,39630.62,Self-Employed,729,17661.73,0.373,0,0.357,0.149,17,0
36,52604.01,Employed,740,14665.17,0.207,0,0.21,0.116,31,0
63,65233.25,Employed,735,15669.82,0.324,1,0.445,0.138,40,0
67,70478.61,Self-Employed,682,28871.47,0.265,0,0.202,-0.049,67,0
69,56215.17,Employed,621,5118.93,0.132,0,0.0,0.101,24,0
22,80716.02,Employed,713,19764.88,0.031,0,0.65,0.134,42,0
58,63547.02,Employed,650,14870.17,0.225,1,0.324,0.1,49,0
70,118236.31,Self-Employed,644,9623.05,0.345,0,0.417,0.09,25,0
59,63650.58,Employed,791,10916.04,0.518,0,0.364,0.09,59,0
32,130916.86,Employed,651,44330.24,0.239,0,0.217,0.03,25,0
59,76921.4,Retired,808,6657.5,0.379,2,0.154,0.169,18,0
26,19873.15,Retired,699,13344.58,0.095,2,0.56,0.077,57,0
45,180873.17,Employed,668,39249.42,0.23,1,0.513,-0.1,33,0
52,36784.36,Employed,544,6890.66,0.0,0,0.39,0.051,17,0
43,103546.08,Employed,839,11229.51,0.685,1,0.625,0.039,27,0
55,49681.94,Employed,680,15144.39,0.38,0,0.384,0.074,23,0
33,83328.44,Employed,510,18912.84,0.375,1,0.646,0.048,25,0
51,34743.94,Employed,754,14070.18,0.43,1,0.725,0.091,36,0
53,67028.44,Employed,676,8628.12,0.73,1,0.638,0.116,28,0
52,43191.75,Employed,610,19311.22,0.285,1,0.49,0.037,64,0
35,107958.43,Employed,750,13899.92,0.203,1,0.178,0.104,28,0
36,61043.02,Unemployed,489,21518.18,0.65,1,0.498,0.153,31,1
33,78274.04,Employed,626,25699.23,0.165,1,0.296,0.071,56,0
44,16613.34,Employed,658,6052.68,0.545,1,0.558,0.153,52,0
50,46967.62,Employed,744,27443.31,0.339,3,0.755,0.206,45,0
39,60190.86,Unemployed,848,12672.92,0.415,0,0.38,0.025,27,0
41,54819.84,Employed,662,24224.66,0.134,1,0.154,0.124,55,0
35,79267.11,Employed,714,19857.23,0.739,1,0.554,0.263,28,0
31,40824.92,Self-Employed,850,44911.51,0.293,2,0.398,0.119,18,0
53,50231.3,Self-Employed,680,14820.29,0.245,0,0.738,0.034,25,0
61,88487.22,Unemployed,715,11591.31,0.432,0,0.412,0.139,45,0
35,15688.06,Employed,587,10853.25,0.253,2,0.385,0.087,30,0
64,65819.75,Employed,827,7924.73,0.414,0,0.421,-0.001,36,0
49,41483.77,Employed,627,23977.26,0.161,1,0.468,0.086,19,0
29,31065.12,Employed,700,7624.7,0.372,1,0.0,0.008,46,0
39,58004.28,Employed,698,23851.37,0.26,0,0.221,-0.031,22,0
21,90556.17,Employed,686,12911.86,0.233,0,0.644,0.169,20,0
22,82419.05,Employed,647,5125.92,0.209,1,0.257,-0.087,30,0
37,45818.51,Retired,698,36060.85,0.483,2,0.394,0.212,14,1
43,75953.04,Employed,812,1947.9,0.297,0,0.35,0.145,20,0
60,75662.2,Employed,850,14057.97,0.322,1,0.249,0.22,20,0
27,46925.4,Retired,667,16989.92,0.414,0,0.365,0.233,37,0
62,34664.1,Self-Employed,646,3701.05,0.521,0,0.175,0.19,23,0
32,35681.33,Employed,619,19240.11,0.212,2,0.074,0.066,38,0
27,74527.74,Self-Employed,850,9878.61,0.383,0,0.445,0.05,31,0
55,47998.57,Employed,690,12719.46,0.214,2,0.755,0.109,26,1
59,29053.93,Unemployed,764,33050.98,0.319,1,0.564,0.18,52,0
51,21111.4,Employed,732,16084.83,0.51,0,0.569,0.251,9,0
26,74303.68,Retired,846,11964.06,0.0,2,0.632,0.02,43,0
26,37294.86,Employed,661,13329.36,0.212,1,0.445,0.165,16,0
40,57826.01,Self-Employed,597,42858.62,0.315,1,0.405,0.103,21,0
43,91112.79,Employed,819,18821.74,0.407,2,0.211,0.103,27,0
70,25477.16,Employed,748,8688.38,0.533,2,0.573,0.152,30,0
35,47926.86,Employed,714,11014.96,0.095,0,0.461,-0.1,33,0
30,45010.58,Self-Employed,795,7229.73,0.562,1,0.249,0.102,35,0
68,59270.76,Employed,718,11259.57,0.428,0,0.331,0.001,26,0
28,91087.88,Retired,798,38744.19,0.314,0,0.152,0.159,2,0
22,25217.01,Employed,698,13362.4,0.13,0,0.516,0.125,22,0
42,65179.41,Self-Employed,748,6619.61,0.264,0,0.74,0.236,46,0
41,82105.63,Employed,719,19121.27,0.504,0,0.151,0.22,42,0
51,44659.01,Employed,656,11666.22,0.354,0,0.63,0.052,42,0
64,45765.07,Self-Employed,665,20678.42,0.323,2,0.666,0.122,30,1
67,60429.02,Self-Employed,651,12766.26,0.204,1,0.144,0.229,40,0
35,58244.71,Employed,700,35142.35,0.46,0,0.0,0.138,26,0
70,65589.85,Employed,646,8549.37,0.328,0,0.414,0.158,28,0
52,64902.42,Employed,713,7338.59,0.315,2,0.362,0.232,24,0
24,30001.84,Employed,710,25914.56,0.336,2,0.352,0.22,48,0
67,80429.25,Employed,695,4437.59,0.253,0,0.648,0.118,2,0
27,87850.48,Employed,697,13317.58,0.228,0,0.323,0.188,35,0
50,53800.68,Employed,638,23869.78,0.122,0,0.932,0.175,35,1
60,23223.56,Retired,659,3957.48,0.257,1,0.062,0.239,36,0
33,46287.5,Employed,555,15348.7,0.08,2,0.209,0.112,32,0
34,54025.04,Employed,671,6017.52,0.423,0,0.208,0.205,52,0
44,27658.82,Employed,606,4880.94,0.25,1,0.359,0.072,34,0
65,40942.79,Employed,687,7788.75,0.291,1,0.712,0.142,30,0
32,24229.24,Self-Employed,626,13226.33,0.344,1,0.154,0.177,43,0
54,66412.87,Self-Employed,526,9667.01,0.23,1,0.201,0.161,9,0
43,53261.96,Self-Employed,849,28688.17,0.174,1,0.26,0.131,22,0
26,21527.97,Self-Employed,663,15512.97,0.383,0,0.38,0.104,49,0
56,58438.63,Employed,789,11010.74,0.633,0,0.436,0.163,37,0
62,47655.13,Employed,640,6728.16,0.487,1,0.314,0.147,12,0
49,63462.67,Employed,807,16889.8,0.542,0,0.116,0.115,72,0
29,40305.12,Retired,594,50784.14,0.155,1,0.379,0.16,31,1
28,32835.33,Self-Employed,693,9684.19,0.321,1,0.715,-0.014,22,0
42,33342.15,Employed,598,10390.73,0.32,1,0.601,0.139,12,0
46,37455.73,Employed,850,7813.21,0.564,0,0.299,-0.031,53,0
48,49484.39,Employed,661,30046.68,0.488,1,0.416,0.035,19,0
33,52784.84,Retired,742,25750.35,0.325,1,0.51,0.131,27,0
46,44562.15,Employed,714,11296.38,0.007,1,0.595,0.101,38,0
35,39669.59,Employed,678,10306.95,0.176,0,0.738,-0.031,3,0
55,41121.99,Employed,719,8380.71,0.445,1,0.459,-0.046,45,0
60,171761.54,Self-Employed,782,12411.93,0.302,0,0.142,0.077,20,0
53,33344.14,Self-Employed,730,27225.99,0.333,0,0.063,-0.042,49,0
21,37086.71,Employed,692,15137.27,0.442,0,0.533,-0.007,37,1
70,254467.16,Self-Employed,719,31971.12,0.52,0,0.082,0.055,50,0
22,60506.53,Employed,824,9584.51,0.233,0,0.579,0.172,36,0
70,24587.9,Unemployed,649,3686.27,0.439,0,0.269,0.008,49,0
22,74708.09,Employed,541,70488.25,0.592,1,0.133,-0.071,40,0
46,31100.54,Employed,598,16793.55,0.564,2,0.513,0.208,32,1
26,77229.03,Employed,603,23555.52,0.27,0,0.175,0.169,38,0
25,44113.4,Employed,614,9204.9,0.394,1,0.504,0.129,2,1
55,39344.13,Employed,616,6518.99,0.463,1,0.44,0.097,25,0
57,109598.89,Employed,678,16201.34,0.353,1,0.0,0.267,51,0
26,65068.81,Employed,699,4469.29,0.313,0,0.712,0.126,14,0
69,79737.46,Employed,698,12578.74,0.09,1,0.685,0.107,24,0
37,60928.71,Unemployed,625,27265.76,0.22,0,0.609,0.086,10,0
36,39252.79,Employed,755,19323.6,0.246,0,0.614,0.135,7,0
35,66547.9,Employed,720,17204.76,0.161,0,0.24,0.042,27,0
44,89734.24,Self-Employed,799,42034.4,0.366,0,0.655,0.189,39,0
29,52437.07,Employed,744,18494.06,0.48,4,0.567,0.204,29,0
42,120670.78,Unemployed,654,4709.53,0.287,1,0.0,0.202,14,0
31,75000.02,Employed,778,13501.53,0.019,1,0.188,0.096,15,0
23,54501.92,Retired,701,46872.7,0.332,1,0.233,0.13,18,0
39,55589.15,Unemployed,740,12262.95,0.391,1,0.725,-0.006,28,1
54,52502.63,Employed,734,45182.16,0.381,0,0.188,-0.0,19,0
59,26222.7,Employed,671,27287.57,0.242,1,0.271,0.162,49,0
38,46862.07,Self-Employed,688,11555.47,0.169,1,0.118,0.173,22,0
37,54753.32,Self-Employed,670,7721.02,0.483,2,0.295,-0.039,26,0
60,39813.35,Employed,616,18104.87,0.403,2,0.628,-0.003,41,0
55,58037.14,Employed,519,31643.88,0.248,1,0.087,0.026,2,0
62,49545.85,Employed,628,5726.25,0.125,1,0.504,0.128,56,0
66,72174.78,Self-Employed,695,15870.74,0.383,1,0.207,0.066,45,0
62,68292.57,Self-Employed,761,4337.99,0.215,1,0.814,0.007,45,0
67,53293.87,Employed,740,12043.08,0.407,0,0.425,0.075,22,0
41,24745.37,Employed,659,5470.69,0.374,1,0.382,0.074,20,0
40,120013.72,Self-Employed,629,20688.67,0.662,0,0.272,0.173,24,1
37,45663.5,Retired,667,9765.4,0.338,0,0.447,0.079,27,0
32,47077.8,Employed,607,29579.05,0.65,0,0.076,0.217,52,0
58,41305.03,Employed,521,10675.48,0.362,1,0.421,-0.064,4,1
56,38399.29,Employed,564,10107.74,0.25,1,0.271,0.137,52,0
61,106088.51,Self-Employed,783,5602.12,0.192,1,0.261,0.268,30,0
29,98029.35,Employed,819,18669.19,0.218,0,0.853,0.089,49,0
45,61218.01,Employed,737,19836.14,0.414,1,0.709,0.078,39,0
32,46455.49,Self-Employed,676,25947.92,0.369,1,0.721,0.047,43,0
65,66806.72,Employed,576,21875.46,0.074,1,0.587,-0.016,47,0
34,50863.38,Employed,668,18784.02,0.503,4,0.49,0.185,31,0
28,44573.22,Employed,726,21110.18,0.572,1,0.723,0.037,19,0
49,58049.59,Employed,742,22428.75,0.073,0,0.472,0.173,19,0
64,39317.35,Employed,732,25453.13,0.502,0,0.536,0.131,47,0
66,55610.77,Employed,771,5904.42,0.602,1,0.705,0.153,56,0
25,54290.82,Employed,826,11191.49,0.081,0,0.58,0.024,22,0
37,66268.37,Employed,650,5575.66,0.28,2,0.498,0.127,50,0
28,35969.68,Retired,850,18020.77,0.223,2,0.575,0.1,47,0
36,69917.28,Retired,529,39260.56,0.496,0,0.424,0.115,10,0
47,31158.56,Employed,622,25280.91,0.288,2,0.512,-0.1,47,0
35,36817.06,Self-Employed,695,10257.54,0.282,0,0.533,0.142,24,0
24,37629.27,Employed,721,19995.21,0.413,3,0.128,0.279,56,0
46,28680.54,Unemployed,666,18203.41,0.584,0,0.238,-0.002,37,0
23,81457.05,Unemployed,643,16981.47,0.341,1,0.56,0.176,71,0
32,30196.27,Employed,845,6754.69,0.279,1,0.429,0.081,33,0
21,34563.1,Employed,639,32502.79,0.307,2,0.396,0.017,24,0
25,91830.88,Employed,604,7281.89,0.449,3,0.465,0.044,42,1
42,36853.6,Employed,807,11848.47,0.15,0,0.0,0.217,45,0
63,44619.61,Employed,744,26251.67,0.348,0,0.363,0.123,42,0
59,29554.33,Employed,762,11801.13,0.209,0,0.365,0.09,28,0
25,74345.29,Self-Employed,695,15484.29,0.17,2,0.44,-0.026,45,0
22,74859.49,Employed,577,15863.3,0.058,1,0.588,0.144,16,0
37,70931.72,Employed,686,15360.4,0.273,1,0.32,0.186,2,0
53,64136.24,Employed,566,15820.05,0.512,1,0.696,0.124,39,0
58,50858.09,Self-Employed,698,16786.85,0.052,0,0.186,0.009,67,0
62,37714.94,Employed,729,15441.62,0.431,0,0.553,0.142,43,0
38,32614.6,Employed,761,8627.48,0.253,0,0.286,0.249,22,0
29,93428.6,Unemployed,673,5825.35,0.19,0,0.657,0.087,29,0
22,71854.76,Employed,736,26873.0,0.402,2,0.449,0.183,34,0
28,34660.22,Employed,612,27619.22,0.547,1,0.135,0.082,20,1
24,50006.88,Employed,752,18078.6,0.575,1,0.423,0.086,19,0
64,42190.17,Employed,731,17988.24,0.393,0,0.488,0.116,39,0
34,27886.41,Retired,620,8526.1,0.339,0,0.45,0.071,40,0
62,53574.35,Employed,720,3418.13,0.409,0,0.472,0.063,20,0
48,39825.14,Employed,762,12718.17,0.722,0,0.351,0.102,13,0
47,30446.66,Employed,686,4729.57,0.306,1,0.277,0.177,30,1
43,23398.65,Retired,618,16492.15,0.52,0,0.038,0.107,27,0
61,22428.74,Unemployed,693,32290.99,0.261,1,0.528,0.097,43,1
23,40712.36,Employed,721,10201.77,0.225,0,0.512,0.116,22,0
25,46978.84,Employed,618,10559.52,0.615,0,0.82,0.227,38,0
42,31645.45,Employed,604,8074.8,0.35,3,0.391,0.021,40,0
40,67871.38,Self-Employed,719,15162.06,0.384,0,0.461,0.154,45,0
48,47440.27,Employed,742,14473.31,0.432,2,0.433,0.167,32,0
57,65410.8,Employed,841,8010.61,0.216,1,0.591,0.087,23,0
50,44736.48,Employed,730,25528.35,0.284,0,0.287,0.198,29,0
33,33071.96,Retired,589,74713.93,0.254,0,0.433,0.175,31,1
37,51899.21,Employed,833,30149.25,0.4,2,0.406,0.167,63,0
58,26073.19,Employed,759,13816.76,0.405,0,0.564,-0.002,25,0
31,64197.48,Retired,530,13718.14,0.26,0,0.889,0.057,62,0
46,30681.81,Employed,603,10849.39,0.654,0,0.473,0.047,34,0
47,77583.98,Employed,643,10716.03,0.346,0,0.082,0.158,27,0
58,41389.07,Employed,743,26236.16,0.365,0,0.142,0.172,23,0
56,83388.59,Employed,502,26930.75,0.552,4,0.632,0.08,17,1
44,27964.42,Employed,671,7319.39,0.219,2,0.034,0.08,31,0
36,34930.48,Employed,739,18394.17,0.272,0,0.47,0.278,32,0
39,59306.1,Employed,467,28758.11,0.393,1,0.239,0.116,33,0
41,88013.77,Employed,736,11966.79,0.129,0,0.994,0.137,66,0
31,112792.42,Unemployed,745,13004.88,0.314,2,0.133,0.081,54,0
52,50045.26,Employed,617,22417.33,0.658,0,0.254,0.207,35,0
31,122868.85,Self-Employed,594,22803.08,0.624,1,0.572,0.133,27,0
53,42411.2,Employed,615,19099.84,0.485,0,0.349,0.115,12,0
58,84913.11,Employed,480,17197.81,0.527,2,0.242,0.118,37,1
69,30604.72,Employed,656,18641.63,0.424,0,0.188,0.067,48,0
26,60481.95,Employed,696,12498.57,0.285,0,0.255,0.025,53,0
58,15201.56,Employed,589,7550.51,0.597,1,0.201,0.101,25,0
25,27978.86,Employed,753,5802.43,0.208,2,0.397,0.224,13,0
37,61903.9,Self-Employed,688,21106.51,0.495,2,0.824,0.077,33,0
29,25432.43,Retired,700,15755.08,0.274,1,0.854,0.185,40,0
29,60686.39,Employed,650,19405.5,0.283,2,0.85,0.069,28,0
29,77128.57,Retired,736,8979.26,0.431,1,0.371,-0.05,40,0
23,38152.25,Employed,777,15702.13,0.655,0,0.557,0.058,31,0
62,30197.77,Employed,649,15478.14,0.564,0,0.428,-0.03,36,0
24,38673.38,Employed,737,31805.81,0.401,1,0.219,0.16,37,0
40,30245.23,Unemployed,738,24613.56,0.359,1,0.003,-0.047,32,0
55,46601.74,Self-Employed,711,9471.32,0.467,0,0.012,0.107,14,0
70,51588.05,Retired,806,19984.89,0.555,0,0.434,0.04,51,0
63,42065.99,Self-Employed,626,9432.02,0.086,0,0.1,0.05,24,0
27,113230.36,Employed,648,3078.54,0.331,1,0.225,0.169,2,0
70,34210.85,Retired,622,41588.15,0.192,2,0.481,0.091,31,1
53,98293.84,Retired,734,11790.41,0.317,1,0.0,0.098,38,0
29,29125.82,Self-Employed,660,27547.8,0.161,2,0.723,0.093,47,0
43,50837.46,Employed,628,9928.79,0.079,0,0.412,0.068,36,0
66,88570.37,Unemployed,805,9096.01,0.152,2,0.317,0.036,34,0
40,86308.09,Employed,816,10636.47,0.267,0,0.26,-0.033,35,0
30,39730.37,Retired,655,17181.52,0.438,1,0.504,0.131,22,0
64,64701.19,Retired,577,16410.69,0.228,1,0.188,0.124,28,0
68,60511.55,Self-Employed,820,19902.85,0.22,2,0.691,0.192,46,0
69,37422.61,Employed,715,10961.88,0.409,0,0.591,0.132,25,0
68,66700.98,Employed,712,15127.3,0.393,1,0.241,0.064,35,0
64,124398.59,Retired,688,8902.59,0.605,0,0.357,0.087,26,0
43,62059.59,Unemployed,620,35652.65,0.49,1,0.667,0.146,23,1
30,65067.35,Self-Employed,649,6711.65,0.196,2,0.489,0.188,30,0
51,68602.04,Retired,731,9016.56,0.249,2,0.35,0.068,30,0
32,23612.03,Employed,646,11452.3,0.462,0,0.236,0.189,31,0
44,61704.51,Retired,712,61905.18,0.217,2,0.375,0.094,37,0
53,29484.51,Employed,681,23390.82,0.301,0,0.309,0.047,4,0
68,36499.6,Employed,601,8847.17,0.093,0,0.468,0.049,27,0
35,144490.77,Employed,802,24180.81,0.154,0,0.331,0.077,41,0
33,43190.21,Employed,725,20120.57,0.539,2,0.187,0.099,54,0
57,33857.4,Employed,705,17400.37,0.375,1,0.641,0.192,15,0
21,87228.93,Self-Employed,722,22415.06,0.256,0,0.52,0.251,16,0
49,30520.73,Employed,546,15288.3,0.277,0,0.181,0.083,36,0
58,39194.45,Self-Employed,643,16358.1,0.607,3,0.27,-0.01,48,0
48,91539.52,Employed,565,5815.28,0.251,2,0.556,0.053,21,0
40,50080.34,Unemployed,689,35096.59,0.421,1,0.215,0.076,6,0
62,22453.49,Employed,704,11288.02,0.481,1,0.363,0.122,36,0
39,64343.73,Self-Employed,691,7028.05,0.567,1,0.336,-0.043,20,0
56,40205.82,Employed,768,10909.68,0.222,2,0.241,0.185,57,0
44,105865.61,Employed,568,11176.49,0.14,1,0.166,0.028,31,0
22,36203.34,Employed,620,9129.43,0.184,1,0.388,0.125,15,0
47,82918.46,Employed,711,23543.14,0.46,0,0.195,0.09,19,0
23,119115.52,Employed,700,26489.82,0.649,0,0.269,0.047,35,0
67,32033.21,Employed,581,4557.28,0.465,1,0.587,0.207,28,0
51,44506.63,Employed,770,10841.48,0.251,1,0.242,0.064,34,0
39,59534.58,Self-Employed,796,11317.86,0.528,0,0.501,0.024,77,0
45,31930.83,Employed,712,13315.88,0.28,2,0.611,0.143,17,0
51,56114.38,Employed,567,41101.1,0.225,0,0.376,0.171,44,0
34,43806.6,Employed,692,9062.07,0.3,0,0.512,0.084,53,0
35,43367.53,Employed,706,37701.2,0.263,0,0.211,0.115,51,0
41,50235.1,Employed,660,13524.72,0.245,2,0.563,0.177,18,0
33,50799.02,Self-Employed,781,37912.52,0.533,0,0.542,0.083,34,0
58,53206.74,Employed,671,12251.77,0.273,2,0.72,0.08,11,0
26,36336.82,Employed,838,11420.34,0.112,1,0.658,0.163,45,0
62,37138.67,Employed,739,14565.6,0.438,0,0.458,0.088,26,0
38,46198.67,Employed,701,32059.55,0.207,1,1.0,0.038,38,0
49,47935.96,Self-Employed,749,16236.06,0.212,0,0.594,0.1,53,0
28,39362.75,Employed,795,16739.92,0.455,0,0.68,0.023,36,0
40,57639.87,Unemployed,747,21633.94,0.241,2,0.299,0.095,36,0
58,19783.81,Employed,674,8709.47,0.282,1,0.319,0.178,29,0
34,34022.14,Self-Employed,631,18070.08,0.356,1,0.416,0.003,52,1
27,42618.18,Employed,596,10128.53,0.307,1,0.179,0.097,25,0
47,31950.48,Retired,497,35694.76,0.286,2,0.408,0.148,39,1
29,110702.2,Employed,693,18981.07,0.0,0,0.391,0.095,42,0
36,49485.3,Employed,651,22373.58,0.324,0,0.641,0.212,44,0
43,53550.74,Retired,655,4343.36,0.592,0,0.657,0.105,38,0
49,38498.89,Employed,757,22562.38,0.444,0,0.427,0.131,18,0
52,48635.58,Employed,672,13272.85,0.294,1,0.318,0.211,33,0
54,26698.78,Employed,822,6233.57,0.421,0,0.794,0.142,8,0
63,45030.33,Employed,637,15630.63,0.444,1,0.066,0.099,29,0
24,30683.97,Unemployed,607,5937.4,0.224,0,0.059,0.066,43,0
39,42672.0,Employed,586,21303.3,0.539,0,0.506,0.088,48,0
21,13630.18,Employed,734,34904.9,0.374,2,0.385,0.128,24,1
21,27889.3,Employed,766,5042.51,0.303,0,0.332,0.038,64,0
31,101922.01,Retired,635,14501.55,0.589,2,0.0,0.206,10,0
50,74250.43,Employed,600,13373.97,0.04,1,0.207,0.284,40,0
65,94799.52,Employed,795,4474.98,0.174,0,0.725,0.101,42,0
59,98111.58,Retired,571,25588.6,0.446,1,0.688,-0.037,42,1
53,68630.6,Employed,756,21491.79,0.451,1,0.574,0.162,39,0
59,39087.8,Self-Employed,637,49794.16,0.597,0,0.22,0.109,35,1
29,29183.96,Self-Employed,710,19884.59,0.012,0,0.327,0.154,59,0
62,86974.68,Employed,761,8713.25,0.479,0,0.311,0.098,18,0
65,50629.21,Self-Employed,716,20102.54,0.163,1,0.251,0.176,29,0
25,170588.83,Retired,658,31916.69,0.413,2,0.28,0.043,35,0
44,40841.38,Employed,785,11171.02,0.34,1,0.378,0.134,31,0
62,131458.69,Employed,702,24623.3,0.477,2,0.075,0.126,19,0
44,45324.55,Unemployed,850,3594.12,0.315,0,0.66,0.133,43,0
63,95609.2,Employed,552,35776.27,0.502,0,0.37,0.163,37,0
67,114501.81,Employed,551,23866.54,0.226,2,0.29,0.174,59,0
44,29393.39,Employed,755,3207.92,0.338,2,0.053,0.01,46,0
23,38464.88,Unemployed,678,18575.4,0.379,0,0.572,0.164,50,1
38,29246.36,Self-Employed,739,4483.23,0.602,0,0.171,0.115,49,0
31,26503.39,Retired,598,10232.75,0.475,2,0.506,0.085,18,0
44,68427.73,Employed,684,22188.31,0.381,1,0.206,0.123,29,0
50,44430.69,Retired,714,13607.61,0.446,1,0.425,0.119,29,0
44,50321.27,Employed,639,31381.31,0.513,1,0.118,0.108,51,0
30,64739.03,Self-Employed,697,15340.33,0.406,0,0.363,-0.041,37,0
36,19366.63,Self-Employed,578,14436.72,0.196,0,0.383,0.111,35,0
54,93282.05,Employed,710,28541.0,0.444,3,0.436,0.084,33,0
22,41169.5,Employed,788,12057.5,0.346,2,0.594,0.128,51,0
31,63971.99,Employed,587,14543.51,0.297,0,0.514,0.096,20,0
65,66860.02,Employed,583,15740.64,0.232,0,0.744,0.27,35,0
25,97284.82,Self-Employed,769,14178.74,0.437,0,0.085,0.084,57,0
41,46516.92,Employed,581,29617.8,0.427,1,0.86,-0.022,42,0
31,16952.68,Self-Employed,743,9896.33,0.207,2,0.607,0.092,29,0
26,50441.21,Employed,684,8971.57,0.184,0,0.303,0.064,39,0
42,54195.51,Employed,649,7808.68,0.634,0,0.618,0.117,13,0
47,29227.62,Self-Employed,790,4084.28,0.479,0,0.789,0.064,25,0
29,52772.49,Employed,750,35962.98,0.363,1,0.645,0.151,30,0
24,40924.77,Retired,701,8600.09,0.441,1,0.183,0.099,18,0
27,25049.85,Retired,519,12795.42,0.28,1,0.409,0.128,45,0
53,68579.06,Employed,733,37601.22,0.324,0,0.566,0.218,17,0
64,36980.18,Employed,600,13559.84,0.353,1,0.393,0.105,52,0
30,40007.03,Employed,663,20103.37,0.495,0,0.497,-0.007,43,0
37,38898.48,Self-Employed,681,6295.84,0.138,1,0.512,0.062,25,0
38,90920.37,Employed,822,34166.9,0.197,3,0.183,-0.01,27,0
39,48028.12,Retired,661,13725.92,0.166,0,0.677,0.053,35,0
33,50998.42,Retired,573,8014.63,0.478,1,0.42,-0.1,48,0
23,39327.6,Employed,790,8011.12,0.335,0,0.39,0.167,34,0
47,61786.08,Self-Employed,734,40700.09,0.213,1,0.202,-0.019,50,0
38,96245.65,Employed,737,10386.83,0.317,1,0.347,0.158,34,0
38,67773.76,Employed,792,8119.66,0.255,0,0.606,0.049,44,0
34,69108.53,Employed,809,11386.21,0.135,0,0.453,0.078,56,0
67,66377.61,Self-Employed,613,15172.25,0.539,0,0.556,0.23,38,0
51,24584.68,Employed,576,16172.89,0.328,2,0.393,0.075,19,0
41,31632.51,Retired,743,19275.97,0.543,0,0.419,0.022,32,0
31,44245.38,Employed,660,16998.1,0.133,2,0.039,0.06,64,0
61,34100.52,Self-Employed,667,21769.89,0.426,1,0.486,0.0,27,0
65,28788.51,Retired,596,12535.9,0.134,0,0.357,0.168,7,0
22,19223.95,Self-Employed,724,51190.42,0.717,0,0.47,0.144,20,1
67,25002.61,Employed,710,11014.15,0.091,1,0.0,0.076,31,0
55,43119.79,Employed,668,33237.57,0.619,0,0.957,0.161,42,0
25,47348.33,Employed,576,10307.14,0.347,1,0.416,0.148,52,0
58,32973.95,Employed,771,6268.8,0.323,0,0.502,0.078,22,0
26,50993.97,Retired,699,5430.28,0.438,0,0.485,0.119,55,0
23,39461.59,Employed,764,17718.6,0.209,0,0.33,0.081,45,0
26,84565.93,Employed,522,29648.75,0.468,2,0.493,0.047,51,0
43,45215.13,Self-Employed,684,7401.12,0.479,0,0.661,-0.1,49,0
51,69436.33,Employed,626,8721.12,0.352,2,0.439,0.077,29,0
41,54263.49,Retired,683,18614.14,0.388,2,0.589,0.099,62,0
27,24317.81,Employed,751,14742.28,0.639,2,0.569,-0.012,54,0
30,46848.34,Employed,708,10390.13,0.448,2,0.555,0.166,36,0
63,26428.23,Self-Employed,681,6853.01,0.233,1,0.807,0.081,56,0
69,46441.07,Employed,681,17773.17,0.463,0,0.478,0.132,74,0
58,33773.6,Retired,563,21845.69,0.269,2,0.383,0.121,50,0
26,59336.6,Employed,612,19831.95,0.24,1,0.391,0.09,6,0
61,25054.85,Employed,764,15001.54,0.427,0,0.49,0.053,11,0
55,49382.48,Employed,642,7836.73,0.199,0,0.103,0.041,39,0
47,65264.78,Employed,766,17831.7,0.357,1,0.708,-0.037,21,0
28,77172.45,Employed,742,17049.85,0.451,0,0.346,0.215,24,0
70,33453.65,Employed,746,6714.81,0.636,1,0.38,0.124,39,0
43,49457.82,Employed,705,12315.27,0.446,0,0.113,0.02,30,0
23,53748.63,Retired,647,18395.44,0.13,1,0.424,0.143,48,0
31,106251.39,Employed,669,14087.68,0.153,0,0.102,0.005,50,0
41,23372.96,Self-Employed,728,4553.63,0.609,1,0.03,0.146,20,0
24,31084.01,Employed,521,10054.62,0.255,3,0.239,0.133,39,0
37,199233.19,Unemployed,773,9661.21,0.123,0,0.346,0.046,28,0
44,42763.98,Employed,642,20652.18,0.199,0,0.211,-0.029,46,0
68,19043.92,Employed,674,70194.84,0.469,0,0.463,0.058,32,1
25,36633.74,Employed,674,16000.56,0.367,1,0.67,0.106,49,0
49,12277.99,Employed,677,7195.56,0.447,0,0.448,-0.028,34,0
66,55296.25,Employed,581,13409.2,0.345,0,0.0,0.042,59,0
61,73489.1,Employed,691,14859.29,0.185,1,0.396,0.202,39,0
67,31075.31,Retired,725,23247.6,0.082,1,0.528,0.092,12,0
29,38740.39,Employed,527,31109.64,0.225,1,0.319,0.309,43,0
61,77794.58,Retired,582,34016.83,0.368,2,0.469,0.133,31,0
69,20432.71,Employed,747,20380.58,0.172,0,0.458,0.082,5,0
37,25316.57,Employed,733,14757.76,0.497,0,0.158,0.026,30,0
45,43736.68,Employed,702,35955.64,0.2,3,0.665,0.006,43,0
47,33652.16,Employed,629,11986.05,0.102,2,0.336,0.11,47,0
45,42322.18,Unemployed,734,15255.38,0.35,0,0.328,0.059,45,0
35,26059.17,Employed,590,12758.31,0.464,0,0.499,0.072,35,0
69,54565.48,Unemployed,670,4110.19,0.574,0,0.047,0.113,29,0
68,45496.17,Employed,582,31667.76,0.108,0,0.679,0.043,21,0
40,64511.27,Employed,668,22143.77,0.564,0,0.184,0.167,48,0
61,54187.19,Employed,603,3561.7,0.378,1,0.798,0.12,46,0
40,54357.89,Self-Employed,737,26931.52,0.257,1,0.648,0.051,26,0
60,23785.85,Employed,712,12307.17,0.452,1,0.178,0.117,57,0
50,62711.23,Retired,637,26718.93,0.553,0,0.473,-0.085,49,0
44,41546.43,Employed,762,15451.7,0.098,1,0.19,0.13,49,0
27,45102.86,Employed,608,6539.37,0.285,0,0.159,0.128,35,0
53,82795.76,Self-Employed,677,15000.1,0.268,0,0.0,-0.066,65,0
37,34210.31,Employed,634,8612.14,0.444,1,0.54,-0.05,23,0
31,96335.5,Unemployed,736,7088.78,0.569,0,0.3,0.074,3,0
30,100935.57,Employed,728,24840.17,0.361,1,0.573,0.048,49,0
70,71424.21,Self-Employed,778,18674.75,0.306,2,0.45,0.095,49,0
26,30022.12,Employed,686,36262.57,0.417,1,0.132,0.104,48,0
60,16429.82,Retired,458,11653.58,0.315,2,0.585,0.222,54,1
64,84071.04,Employed,648,8285.46,0.025,1,0.514,0.071,52,0
22,51828.35,Unemployed,797,21661.3,0.428,1,0.294,0.148,53,0
50,33772.47,Employed,656,8953.42,0.498,2,0.615,0.062,41,0
49,88148.76,Self-Employed,536,12257.38,0.511,2,0.34,0.13,41,0
38,31863.63,Unemployed,714,20232.74,0.177,0,0.227,0.066,37,0
54,39653.02,Unemployed,719,13690.16,0.441,1,0.358,-0.006,51,1
41,63732.2,Employed,625,11012.23,0.58,1,0.319,0.05,25,0
42,28090.83,Employed,661,6363.94,0.73,0,0.074,0.13,33,0
42,46409.5,Unemployed,616,25903.54,0.422,1,0.0,0.006,19,0
61,84505.22,Employed,719,11836.51,0.498,0,0.762,0.105,45,0
52,54478.17,Self-Employed,684,21393.79,0.201,1,0.649,0.125,60,0
39,91465.14,Employed,593,19763.57,0.181,0,0.725,0.126,23,0
67,86405.03,Employed,679,28417.84,0.498,1,0.598,0.158,11,0
61,49210.84,Employed,625,12818.68,0.045,0,0.309,0.262,34,0
67,15239.25,Self-Employed,790,11984.49,0.373,0,0.361,-0.003,40,0
57,28201.03,Employed,747,7593.43,0.565,1,0.264,0.069,33,0
40,71801.96,Employed,671,10661.66,0.457,1,0.519,0.095,17,0
59,22581.23,Unemployed,686,18118.67,0.456,0,0.504,0.059,52,1
37,41633.22,Employed,756,9043.19,0.343,1,0.325,0.193,40,0
34,58060.47,Retired,667,17844.88,0.289,1,0.496,0.199,62,0
43,102210.06,Employed,737,35609.77,0.673,0,0.655,0.278,50,0
69,36771.93,Employed,791,11303.56,0.535,0,0.399,0.088,22,0
49,35534.39,Employed,643,6710.16,0.477,1,0.144,0.007,42,0
40,47752.04,Employed,803,11521.38,0.354,0,0.5,0.081,44,0
44,58422.51,Self-Employed,782,6288.04,0.262,2,0.131,0.022,60,0
35,45382.26,Employed,699,32877.18,0.512,2,0.222,0.166,26,1
53,82837.34,Employed,647,15535.93,0.304,1,0.461,0.16,16,0
38,32873.7,Employed,698,9536.94,0.362,0,0.536,0.161,36,0
48,52056.27,Self-Employed,662,10552.16,0.442,1,0.421,0.267,32,0
39,61243.09,Unemployed,621,7264.34,0.381,0,0.177,0.101,32,0
37,40130.17,Employed,720,27083.61,0.582,1,1.0,0.048,40,0
69,74596.96,Employed,603,44458.78,0.152,1,0.285,0.096,2,0
38,52811.24,Employed,655,6024.23,0.36,2,0.5,0.022,18,0
24,72723.72,Self-Employed,656,27610.64,0.671,1,0.271,0.044,37,0
39,54016.89,Employed,578,12739.84,0.485,0,0.193,0.101,34,0
47,59171.91,Employed,729,31586.79,0.32,4,0.411,0.139,65,0
25,35732.08,Self-Employed,663,4913.31,0.47,1,0.303,0.033,35,0
36,35761.03,Employed,777,16902.84,0.343,2,0.421,-0.005,15,0
29,90417.96,Self-Employed,662,11559.47,0.57,0,0.256,0.157,25,0
46,67356.54,Employed,650,21926.55,0.473,3,0.43,0.029,50,0
57,29393.16,Retired,612,15316.49,0.22,0,0.235,0.112,31,0
69,53660.46,Employed,683,14963.27,0.386,2,0.637,0.191,5,0
40,14959.65,Employed,683,13855.09,0.413,0,0.466,0.164,45,0
64,36791.79,Employed,736,37698.64,0.42,0,0.372,0.147,52,0
31,79261.98,Employed,685,13293.3,0.398,1,0.396,0.187,33,0
60,46047.43,Self-Employed,837,24799.28,0.435,0,0.317,0.119,27,0
49,51997.78,Employed,714,21527.96,0.413,0,0.426,0.011,48,0
58,12000.0,Employed,606,25166.91,0.242,0,0.729,0.296,5,1
58,40290.59,Self-Employed,600,8031.69,0.282,0,0.274,0.135,46,0
47,58054.42,Employed,720,22568.35,0.312,2,0.435,0.138,36,0
33,61860.98,Self-Employed,604,18072.05,0.364,3,0.231,0.114,48,0
47,79314.63,Self-Employed,725,7232.4,0.312,3,0.0,-0.036,18,0
62,44128.94,Employed,747,12998.15,0.515,0,0.535,0.03,34,0
69,45124.12,Self-Employed,749,58487.47,0.206,0,0.637,0.231,50,0
67,25183.42,Unemployed,615,11671.63,0.09,1,0.496,-0.054,43,0
30,44255.69,Unemployed,749,11842.03,0.645,0,0.914,0.09,2,0
50,26087.52,Employed,704,19349.58,0.227,2,0.321,0.121,48,0
26,19459.0,Employed,634,10673.06,0.515,1,0.203,0.072,51,0
54,28492.9,Retired,668,16062.97,0.441,2,0.66,0.262,41,0
70,104228.66,Employed,715,11278.51,0.233,1,0.674,-0.023,36,0
23,42818.24,Employed,630,18796.61,0.33,3,0.642,0.042,50,0
53,54717.49,Employed,703,14226.59,0.308,1,0.162,0.126,37,0
68,37920.68,Self-Employed,788,47628.93,0.403,1,0.246,0.132,8,0
63,20024.75,Self-Employed,752,15178.03,0.235,1,0.039,0.108,24,0
40,78280.72,Retired,686,12918.73,0.324,1,0.834,0.121,58,0
26,16546.02,Retired,698,27382.56,0.344,1,0.198,0.049,31,1
67,37145.71,Employed,640,6408.3,0.515,1,0.135,0.073,38,0
67,47700.28,Employed,642,40742.76,0.288,2,0.377,0.016,10,0
49,55008.6,Employed,565,8159.28,0.204,2,0.426,0.132,43,0
69,34090.2,Employed,699,30196.12,0.268,1,0.547,-0.036,44,0
21,19555.64,Employed,731,35382.26,0.405,0,0.371,-0.009,69,0
51,32841.67,Retired,675,10769.96,0.084,1,0.251,0.17,47,0
22,33712.4,Employed,614,11409.16,0.53,2,0.313,0.053,50,0
67,33304.68,Employed,685,13828.59,0.353,0,0.267,0.293,8,0
55,79620.69,Employed,781,21438.16,0.415,0,0.707,0.063,27,0
66,26720.83,Employed,747,8112.53,0.383,1,0.399,0.063,67,0
49,56981.94,Employed,678,13828.19,0.25,2,0.54,0.205,49,0
25,53058.4,Employed,834,12233.64,0.188,1,0.354,0.178,42,0
22,79239.29,Employed,850,7399.83,0.245,0,0.0,0.084,62,0
37,45863.92,Employed,644,7887.21,0.124,0,0.761,0.093,22,0
58,72806.86,Unemployed,662,15945.76,0.402,0,0.528,0.18,41,0
28,44976.25,Self-Employed,732,15777.11,0.326,2,0.485,0.116,42,0
63,60912.66,Unemployed,612,9335.82,0.12,0,0.0,0.073,33,0
32,23121.76,Employed,744,15483.73,0.258,0,0.369,0.085,14,0
45,13106.47,Employed,688,10014.89,0.448,0,0.739,0.258,57,1
31,59205.72,Employed,708,32346.29,0.544,0,0.685,0.075,36,0
44,60814.99,Retired,637,13880.09,0.157,1,0.352,0.075,42,0
43,62177.67,Employed,621,28524.57,0.674,1,0.668,0.097,25,0
21,37704.46,Employed,531,5347.51,0.206,1,0.745,0.105,24,0
49,103245.11,Retired,791,17919.76,0.094,0,0.366,0.041,30,0
60,38951.05,Retired,751,21113.06,0.614,0,0.69,0.228,32,0
67,60502.47,Employed,731,13592.45,0.194,1,0.68,0.071,52,0
37,65993.93,Self-Employed,706,10685.98,0.579,4,0.585,0.14,41,0
65,115771.08,Employed,507,13462.58,0.25,0,0.606,0.232,20,0
64,41834.86,Employed,624,23051.34,0.306,3,0.208,0.074,12,1
70,35362.37,Employed,661,7141.51,0.154,1,0.573,0.133,49,0
39,23177.27,Retired,599,22478.03,0.542,0,0.372,0.003,51,0
63,106530.17,Employed,553,17872.52,0.521,0,0.201,0.039,30,0
49,60518.56,Self-Employed,607,12626.14,0.251,0,0.735,0.112,26,0
23,61483.9,Employed,684,12954.03,0.339,1,0.374,0.069,36,0
34,232897.13,Self-Employed,684,15323.09,0.449,4,0.452,0.162,36,0
54,57671.73,Self-Employed,748,39941.52,0.279,2,0.431,0.06,39,0
29,25561.42,Self-Employed,835,18193.17,0.555,2,0.058,0.081,51,0
42,44446.8,Retired,731,8386.55,0.334,0,0.335,0.052,50,0
59,30109.88,Self-Employed,667,11371.0,0.272,0,0.57,0.19,48,0
28,40217.83,Self-Employed,815,7429.79,0.113,0,0.403,0.086,20,0
45,40082.9,Employed,561,4751.08,0.156,2,0.322,0.05,43,0
31,36551.88,Retired,524,7351.92,0.438,0,0.473,0.032,40,0
47,24424.91,Employed,613,15867.78,0.385,2,0.636,0.014,16,1
33,108689.54,Employed,741,31709.59,0.472,1,0.04,0.157,29,0
69,56921.25,Employed,693,26835.05,0.266,0,0.377,0.095,42,0
24,43794.52,Employed,595,7382.32,0.104,0,0.404,0.337,14,0
69,71597.75,Employed,625,9149.09,0.276,0,0.789,0.058,26,0
60,62039.94,Employed,587,8406.75,0.656,0,0.665,-0.023,36,0
63,56265.98,Employed,587,3137.04,0.205,0,0.096,0.084,29,0
63,69043.98,Retired,796,13351.92,0.345,0,0.695,0.282,51,0
30,52416.01,Retired,669,23907.63,0.0,3,0.367,0.129,46,0
67,68535.75,Employed,813,12689.95,0.272,0,0.046,0.094,15,0
50,71435.92,Retired,613,6900.23,0.288,0,0.104,0.058,22,0
69,53175.84,Employed,717,8892.03,0.4,0,0.7,0.075,52,0
64,43905.85,Employed,697,12120.97,0.302,2,0.5,0.196,44,0
49,105366.38,Retired,746,23438.42,0.122,0,0.184,0.034,2,0
39,38601.61,Self-Employed,699,13230.89,0.25,2,0.748,0.103,56,0
26,59614.66,Self-Employed,754,21610.74,0.319,0,0.556,0.112,35,0
26,60291.97,Employed,722,14061.49,0.201,1,0.344,0.101,34,0
40,36142.37,Employed,598,17018.79,0.222,1,0.466,0.076,22,0
61,32731.36,Employed,735,8399.26,0.501,1,0.207,-0.016,54,0
46,41071.67,Retired,672,9783.9,0.256,0,0.84,0.118,43,0
45,38326.3,Employed,622,6950.12,0.416,4,0.139,0.078,33,0
33,23645.66,Employed,732,21183.83,0.323,0,0.117,0.199,2,0
49,35392.4,Employed,749,12397.98,0.166,1,0.443,0.087,28,0
52,56000.25,Self-Employed,644,1705.17,0.3,1,1.0,0.096,19,0
70,92315.91,Employed,654,19706.28,0.394,2,0.091,0.113,29,0
57,64679.25,Self-Employed,576,26489.0,0.611,1,0.579,0.138,22,0
51,13362.84,Employed,545,9072.23,0.234,0,0.415,-0.044,47,0
66,67551.93,Employed,662,19696.0,0.337,0,0.488,0.125,58,0
42,37083.38,Employed,739,13018.98,0.486,0,0.651,-0.036,34,0
67,61484.48,Employed,637,4143.55,0.539,1,0.249,0.071,18,0
39,48675.56,Self-Employed,787,47656.8,0.253,1,0.343,0.151,30,0
27,44518.33,Unemployed,665,13065.99,0.327,0,0.248,0.266,28,0
41,46577.93,Employed,665,16661.39,0.517,1,0.708,0.021,59,0
27,48474.24,Employed,658,10150.17,0.427,0,0.68,0.034,36,0
26,96009.51,Employed,754,12365.7,0.505,0,0.153,-0.035,57,0
65,48541.28,Retired,608,16268.69,0.526,0,0.484,0.042,14,0
60,84353.2,Retired,670,7898.88,0.433,1,0.631,0.283,35,0
32,78429.31,Self-Employed,639,40797.61,0.372,2,0.05,-0.027,19,0
62,68427.0,Employed,638,24413.41,0.249,1,0.705,-0.1,33,0
24,20064.16,Employed,683,20132.63,0.313,1,0.386,0.171,43,0
35,85675.0,Retired,672,13560.69,0.323,1,0.3,0.169,12,0
56,38989.57,Employed,759,9351.28,0.53,2,0.707,0.104,27,0
36,70113.01,Self-Employed,679,27393.3,0.376,1,0.649,0.11,32,0
57,30143.77,Retired,722,21299.01,0.378,2,0.099,0.163,38,0
64,27104.72,Self-Employed,693,11618.41,0.201,1,0.559,0.165,12,0
24,131688.47,Employed,785,7702.4,0.531,0,0.55,0.018,41,0
22,30379.05,Employed,657,5735.66,0.235,1,0.0,-0.0,42,0
68,86946.94,Retired,658,15020.08,0.307,0,0.523,0.02,50,0
47,52010.98,Employed,736,12716.37,0.546,0,0.309,0.038,11,0
46,39733.1,Retired,656,30072.75,0.483,1,0.648,0.158,30,0
44,47934.25,Employed,717,26777.65,0.223,2,0.212,0.184,35,0
42,25577.1,Self-Employed,850,15113.39,0.188,1,0.427,0.073,38,0
55,48684.83,Retired,607,14063.36,0.319,0,0.282,0.123,36,0
49,28527.67,Employed,795,7396.39,0.264,1,0.26,0.093,27,0
29,40226.37,Employed,643,27905.71,0.13,0,0.0,0.033,36,0
52,77858.61,Employed,780,14270.68,0.237,0,0.634,0.03,78,0
54,55664.36,Unemployed,731,21229.96,0.0,0,0.655,0.105,44,0
26,23363.14,Self-Employed,725,29914.02,0.486,0,0.416,0.161,12,1
39,75037.56,Employed,669,10515.81,0.476,0,0.482,0.133,58,0
60,48847.09,Unemployed,661,8984.45,0.561,2,0.239,0.084,60,0
51,37380.61,Retired,626,64940.28,0.403,1,0.636,0.211,47,0
27,71206.41,Retired,680,21092.68,0.283,1,0.454,0.225,54,0
23,45089.13,Employed,666,12491.97,0.504,1,0.414,-0.021,70,0
50,27369.08,Retired,694,31068.12,0.245,1,0.724,0.005,39,0
44,123488.69,Unemployed,574,12271.64,0.151,1,0.114,-0.016,51,0
69,48598.9,Employed,682,17949.03,0.328,1,0.0,0.172,58,0
47,47066.06,Retired,775,10499.26,0.412,0,0.498,0.078,23,0
67,40032.52,Employed,751,14615.2,0.228,0,0.354,0.105,58,0
31,88431.44,Retired,682,12525.95,0.193,1,0.15,0.148,38,0
43,37705.48,Self-Employed,850,9403.82,0.287,1,0.438,0.099,50,0
27,22640.83,Self-Employed,637,17080.92,0.412,1,0.48,0.049,49,0
49,34914.63,Employed,673,10065.24,0.328,0,0.593,0.012,25,0
30,95166.88,Employed,571,20860.07,0.745,0,0.157,0.081,55,0
45,74314.85,Employed,650,12299.0,0.33,1,0.31,0.164,28,0
38,43152.35,Self-Employed,814,5260.28,0.463,0,0.466,-0.035,39,0
30,97404.49,Unemployed,653,21429.18,0.133,1,0.644,0.061,47,0
25,71251.5,Employed,565,21645.62,0.438,0,0.6,-0.055,44,0
46,42903.36,Employed,745,57075.56,0.281,0,0.292,0.174,27,0
68,45118.38,Self-Employed,709,14922.61,0.349,3,0.514,-0.033,16,1
30,57795.08,Employed,742,16481.49,0.603,2,0.285,-0.029,23,0
41,32339.88,Employed,658,19675.98,0.294,0,0.309,0.167,46,1
32,49131.35,Employed,604,27223.1,0.154,0,0.331,0.048,43,0
61,57197.0,Self-Employed,666,26221.1,0.177,1,0.259,-0.045,32,1
41,21089.21,Employed,722,17877.02,0.376,0,0.562,0.142,32,0
69,44593.34,Unemployed,675,14475.53,0.368,1,0.605,0.109,30,1
33,42128.17,Employed,709,24479.64,0.362,1,0.312,0.255,19,0
25,81963.89,Employed,640,14118.49,0.157,0,0.438,0.002,49,0
50,19491.85,Self-Employed,712,6812.4,0.654,1,0.315,0.021,18,0
53,40507.69,Retired,680,5998.5,0.57,1,0.194,0.04,37,0
70,38527.31,Employed,627,12382.52,0.37,1,0.16,0.178,54,0
64,79224.07,Unemployed,690,15866.76,0.122,1,0.785,-0.059,34,0
65,47964.99,Self-Employed,651,65069.91,0.588,1,0.236,0.07,59,1
52,120336.51,Retired,726,13738.88,0.521,1,0.54,0.119,19,0
38,68261.88,Employed,745,15183.44,0.365,1,0.486,0.193,15,0
42,39930.21,Employed,718,11584.23,0.53,0,0.138,0.029,2,0
27,55261.37,Employed,557,21402.94,0.276,0,0.493,0.121,46,0
42,41067.22,Self-Employed,608,17469.4,0.206,0,0.465,0.047,5,0
39,75334.84,Unemployed,632,10066.8,0.374,0,0.395,-0.001,59,0
22,25182.41,Employed,620,8047.56,0.117,0,0.304,0.088,61,0
31,32472.6,Employed,639,11597.91,0.183,0,0.399,0.075,39,0
47,61564.76,Employed,749,8901.52,0.432,2,0.504,0.137,23,0
39,90479.47,Employed,732,12852.63,0.386,0,0.211,0.255,7,0
70,16301.55,Retired,648,16072.87,0.143,1,0.716,0.132,41,0
44,97463.73,Employed,724,10930.19,0.289,1,0.551,0.097,35,0
68,45703.6,Self-Employed,705,35337.48,0.149,2,0.0,0.141,38,0
54,19111.82,Employed,678,29603.17,0.277,0,0.351,0.038,43,1
23,12000.0,Retired,766,12865.0,0.26,1,0.869,0.16,19,0
31,22818.05,Unemployed,630,8279.19,0.499,0,0.479,0.044,32,0
56,48540.2,Employed,684,14503.19,0.326,0,0.241,0.122,37,0
48,47431.93,Self-Employed,601,13626.46,0.314,2,0.541,0.078,69,0
36,67278.78,Unemployed,605,14218.95,0.291,0,0.0,0.075,47,0
47,37244.38,Retired,578,11628.16,0.092,2,0.459,0.224,37,1
66,28169.07,Employed,606,7866.45,0.335,1,0.29,0.025,20,0
40,39873.08,Employed,686,15077.12,0.422,0,0.409,0.135,54,0
23,49851.56,Employed,657,11961.89,0.385,0,0.107,0.062,60,0
36,55016.39,Self-Employed,660,12617.48,0.454,1,0.305,0.168,12,0
67,33038.13,Employed,658,15621.08,0.461,0,0.0,-0.009,7,0
59,76935.55,Retired,813,14162.95,0.68,0,0.264,0.069,36,0
62,35929.06,Employed,595,15418.63,0.181,0,0.427,0.022,32,0
66,31733.92,Retired,587,11634.03,0.385,1,0.645,0.222,56,0
26,37376.75,Employed,617,18326.2,0.402,1,0.942,0.199,18,0
35,83903.29,Employed,675,9598.1,0.302,0,0.22,0.039,21,0
23,45871.61,Employed,719,7686.61,0.255,0,0.511,0.004,12,0
21,34639.27,Self-Employed,726,8656.04,0.425,0,0.326,0.06,20,0
62,77890.08,Unemployed,751,9837.79,0.41,0,0.334,0.161,37,0
67,143110.78,Employed,672,6817.98,0.192,0,0.42,0.12,12,0
28,54439.28,Employed,650,5347.45,0.08,2,0.365,0.066,84,0
57,90846.02,Retired,803,19971.8,0.276,0,0.811,0.188,2,0
47,82292.81,Employed,471,31715.03,0.249,0,0.334,0.125,27,1
24,36213.24,Employed,685,20632.49,0.44,1,0.148,0.03,38,0
66,49677.98,Retired,712,11049.52,0.211,2,0.44,-0.068,54,0
64,25815.43,Employed,821,5271.86,0.323,0,0.164,0.263,20,0
49,44246.38,Employed,555,16566.97,0.094,0,0.319,0.076,7,0
56,35843.04,Employed,648,5628.6,0.117,0,0.633,-0.092,20,0
40,40076.97,Self-Employed,578,14016.69,0.235,0,0.345,0.123,62,0
60,33693.24,Employed,545,9138.51,0.312,1,0.514,-0.035,4,0
43,42465.68,Retired,665,3758.0,0.227,0,0.354,0.202,51,0
70,63966.6,Employed,742,35893.82,0.371,0,0.457,0.197,39,0
24,46177.78,Retired,770,6950.14,0.095,0,0.247,0.081,41,0
29,19299.09,Employed,640,11926.59,0.318,1,0.579,0.011,53,0
69,33756.89,Employed,730,13665.34,0.319,1,0.11,0.138,24,0
35,22932.27,Employed,665,11133.68,0.133,1,0.224,0.197,50,0
36,55383.12,Employed,722,19511.28,0.384,0,0.418,0.091,37,0
60,63048.45,Employed,767,9465.58,0.025,1,0.581,0.069,15,0
30,55730.01,Unemployed,665,18567.07,0.247,0,0.447,0.04,34,0
46,33067.22,Unemployed,761,17874.01,0.468,0,0.513,0.072,34,0
35,55460.53,Self-Employed,589,6459.77,0.016,1,0.132,0.087,2,0
30,38752.2,Employed,729,17009.11,0.451,4,0.33,0.06,20,0
69,27747.12,Unemployed,758,7844.88,0.175,0,0.452,0.022,42,0
30,71037.63,Employed,750,7336.49,0.261,3,0.412,0.232,37,0
25,73792.61,Self-Employed,591,17576.84,0.561,0,0.162,0.08,51,0
54,78782.62,Self-Employed,665,11556.32,0.256,1,0.215,0.057,54,0
64,36164.23,Employed,703,18467.41,0.592,1,0.371,0.116,22,1
27,88404.77,Employed,713,18565.18,0.304,1,0.564,0.119,24,0
56,38300.14,Retired,689,6267.9,0.337,2,0.862,0.095,11,0
48,67965.17,Employed,787,23025.8,0.476,0,0.16,0.009,43,0
62,37969.7,Self-Employed,583,17518.45,0.432,0,0.411,0.099,27,0
27,43827.16,Retired,662,10383.96,0.373,0,0.176,0.112,53,0
69,14609.26,Employed,553,13608.85,0.281,1,0.395,0.126,51,0
51,42152.25,Employed,727,23423.28,0.117,1,0.315,0.121,42,0
63,51305.08,Employed,722,12188.32,0.125,1,0.49,0.115,28,0
39,39933.67,Unemployed,850,52530.84,0.547,1,0.0,0.014,51,1
68,117959.19,Employed,757,36113.27,0.605,2,0.327,0.303,35,0
52,27412.84,Employed,705,15836.46,0.369,1,0.424,0.136,39,0
27,36982.84,Employed,699,12877.12,0.084,1,0.445,0.161,6,0
67,31180.98,Retired,656,13216.16,0.234,1,0.472,0.149,41,0
60,36979.22,Retired,690,10297.0,0.227,0,0.435,0.09,36,0
36,82101.09,Employed,701,15916.84,0.267,1,0.677,0.02,33,0
48,102643.38,Retired,533,22304.15,0.217,2,0.693,0.082,26,0
40,34530.69,Self-Employed,695,6570.29,0.428,0,0.354,0.023,12,0
48,34149.26,Retired,688,21713.02,0.387,0,0.285,-0.022,34,0
69,27486.1,Employed,812,25851.67,0.587,3,0.444,0.267,2,0
65,94196.91,Employed,670,20812.44,0.292,1,0.578,0.165,31,0
31,85862.48,Retired,623,13657.35,0.38,1,0.409,0.108,26,0
69,46490.77,Employed,700,20300.04,0.461,0,0.16,0.105,55,0
42,24390.53,Employed,686,32195.07,0.503,0,0.611,0.149,63,0
56,25505.99,Self-Employed,670,14258.14,0.165,1,0.487,0.09,12,0
59,53386.58,Self-Employed,584,14975.43,0.411,0,0.787,0.05,47,1
45,64516.03,Employed,668,53078.48,0.372,1,0.236,0.208,25,0
43,17447.08,Employed,637,17753.65,0.395,0,0.452,0.026,28,0
43,41745.42,Employed,664,8067.7,0.359,2,0.495,0.194,28,0
64,110100.4,Employed,735,24928.89,0.607,2,0.351,0.101,54,0
40,43969.23,Employed,629,18791.6,0.216,0,0.192,0.119,33,0
34,103240.76,Employed,663,9964.16,0.207,0,0.462,0.071,41,0
39,67813.94,Self-Employed,721,7613.12,0.227,1,0.305,0.007,10,0
30,28505.72,Employed,660,17037.27,0.306,1,0.406,0.04,18,0
40,42347.49,Employed,850,14241.84,0.394,0,0.409,0.123,27,0
26,45965.8,Self-Employed,699,6998.49,0.282,0,0.167,0.029,35,0
25,30447.04,Employed,587,14001.44,0.501,1,0.304,0.03,45,0
57,30183.96,Employed,617,13482.35,0.349,0,0.31,0.156,26,0
24,104128.84,Employed,610,14222.08,0.336,2,0.415,0.131,56,0
49,30071.09,Self-Employed,618,19830.05,0.15,0,0.504,-0.006,31,0
59,84054.28,Employed,720,5130.02,0.623,2,0.471,0.193,25,0
57,39409.33,Employed,597,7575.87,0.343,0,0.592,0.2,48,0
43,48396.38,Employed,655,11024.03,0.596,2,0.434,0.078,46,0
30,64920.73,Unemployed,766,32718.88,0.257,1,0.839,-0.038,8,0
67,36341.68,Self-Employed,641,61124.56,0.475,1,0.486,-0.014,59,1
62,65117.73,Retired,730,14807.75,0.266,1,0.107,0.053,27,0
51,17619.92,Self-Employed,554,15173.82,0.623,0,0.315,0.194,32,0
25,61074.74,Employed,652,3408.34,0.518,0,1.0,0.111,22,0
22,14267.43,Employed,614,25404.39,0.477,0,0.105,0.001,28,1
36,43764.43,Employed,702,19337.21,0.241,1,0.505,0.216,9,0
28,75140.99,Employed,602,17498.69,0.636,0,0.897,0.095,39,0
64,66912.94,Employed,835,6990.25,0.656,1,0.13,0.163,25,0
31,25611.45,Employed,557,48432.81,0.293,0,0.749,0.074,30,1
35,27314.36,Self-Employed,765,36765.89,0.374,1,0.749,-0.055,50,0
69,34740.59,Self-Employed,746,17616.87,0.489,2,0.342,-0.042,42,0
61,53804.26,Employed,703,26774.28,0.054,0,0.0,0.032,35,0
31,17748.09,Employed,684,15224.57,0.522,0,0.538,0.124,64,0
40,48697.76,Employed,819,24164.65,0.504,1,0.385,0.134,17,0
46,57280.45,Employed,850,6738.88,0.266,0,0.364,0.248,36,0
54,42551.97,Employed,664,3773.56,0.021,0,0.552,0.098,54,0
67,63745.92,Employed,692,6893.3,0.4,0,0.407,0.092,58,0
64,54822.83,Employed,639,9100.73,0.18,0,0.056,0.022,13,0
69,37390.53,Retired,592,10035.28,0.112,0,0.379,0.173,24,0
23,18618.39,Employed,715,19319.45,0.406,1,0.485,0.216,52,0
32,52402.34,Employed,699,12652.33,0.548,2,0.513,0.049,28,0
49,30438.46,Employed,559,14513.02,0.317,1,0.686,0.09,36,1
23,36710.89,Employed,714,7253.46,0.528,1,0.0,0.128,27,0
38,62290.37,Employed,701,6886.38,0.45,1,0.627,0.035,35,0
28,99575.03,Retired,635,15133.44,0.144,0,0.32,-0.043,2,0
67,48096.75,Employed,630,10665.15,0.267,1,0.446,0.111,29,0
24,64668.69,Employed,712,14805.28,0.512,1,0.596,0.146,34,0
28,23807.6,Retired,801,20468.44,0.266,0,0.237,0.025,28,1
30,55423.66,Employed,710,39485.61,0.473,2,0.32,0.098,37,0
28,47574.25,Employed,739,14584.71,0.288,0,0.528,0.265,15,0
49,90636.64,Self-Employed,618,43827.04,0.458,0,0.274,0.188,39,0
39,37412.9,Employed,649,18840.52,0.414,1,0.477,0.14,60,0
66,43441.97,Retired,726,22330.35,0.313,0,0.167,0.057,54,0
34,83233.67,Employed,578,27773.87,0.454,0,0.67,0.15,46,0
47,46816.13,Self-Employed,696,22739.25,0.026,0,0.57,-0.031,39,0
54,28157.79,Employed,717,9126.85,0.187,2,0.236,0.092,24,0
52,175574.13,Unemployed,677,28277.82,0.28,1,0.644,0.058,28,0
60,28586.89,Unemployed,704,11796.41,0.526,0,0.497,0.16,48,0
31,47460.35,Unemployed,684,17694.57,0.133,2,0.194,-0.075,33,0
46,58299.22,Unemployed,633,15989.87,0.345,1,0.555,0.3,67,0
61,56039.31,Self-Employed,592,29332.69,0.398,0,0.56,0.064,9,0
64,44583.9,Employed,673,18691.8,0.387,1,0.055,0.229,32,0
51,44695.13,Employed,778,6427.26,0.335,0,0.0,0.158,27,0
53,43587.87,Employed,757,51792.16,0.257,1,0.314,0.126,47,0
64,28058.11,Employed,654,24366.4,0.313,0,0.241,0.119,50,0
52,143646.34,Employed,653,10611.62,0.496,0,0.543,0.106,16,0
68,43914.71,Self-Employed,647,7462.31,0.247,1,0.257,0.061,15,0
27,66069.7,Self-Employed,647,26096.64,0.026,2,0.271,0.134,23,0
38,41467.84,Retired,702,8010.91,0.42,2,0.802,0.084,43,0
26,41052.96,Employed,759,23871.25,0.574,1,0.68,0.144,42,0
25,39037.51,Self-Employed,850,28041.75,0.192,1,0.068,0.133,11,0
44,22585.81,Self-Employed,618,9997.99,0.554,0,0.701,0.068,39,0
32,45237.85,Retired,729,9476.86,0.428,2,0.749,0.06,37,0
41,39994.46,Self-Employed,721,11135.23,0.177,0,0.373,0.121,34,0
42,88058.99,Employed,655,8157.33,0.244,1,0.318,0.134,44,0
52,26947.61,Employed,603,16945.22,0.238,1,0.0,0.06,38,0
68,36732.84,Retired,701,18460.11,0.375,0,0.109,0.019,36,0
63,31281.43,Self-Employed,839,22845.18,0.323,2,0.38,0.12,52,0
39,100837.46,Unemployed,700,8955.34,0.516,3,0.301,0.128,58,0
37,31738.82,Self-Employed,621,24439.98,0.477,0,0.329,0.109,29,1
59,64935.51,Self-Employed,668,8163.22,0.118,2,0.483,0.092,34,0
27,79624.79,Self-Employed,594,24431.67,0.137,0,0.795,0.164,45,0
48,45566.98,Retired,681,6051.15,0.442,0,0.275,0.022,32,0
42,24626.9,Retired,731,37821.91,0.273,0,0.275,0.033,45,0
30,24783.24,Employed,628,10797.72,0.324,4,0.375,0.054,37,1
51,75348.71,Employed,436,21151.23,0.432,0,0.347,0.091,47,0
37,26100.32,Employed,701,22182.9,0.479,0,0.778,0.049,45,1
30,59635.92,Employed,642,6893.12,0.165,2,0.362,0.051,34,0
53,51905.22,Unemployed,624,24369.31,0.017,2,0.605,0.173,48,0
29,59193.45,Unemployed,623,10609.99,0.333,0,0.974,0.093,46,1
54,62056.0,Employed,710,12287.72,0.222,1,0.787,0.164,70,0
29,30735.22,Employed,649,9876.04,0.36,0,0.365,0.1,7,0
42,30098.66,Employed,750,38881.59,0.337,1,0.302,0.043,45,0
61,70084.96,Unemployed,751,7317.44,0.204,3,0.195,0.189,51,0
32,35786.56,Self-Employed,660,19113.93,0.663,0,0.428,0.068,68,0
59,12393.48,Employed,641,10155.83,0.353,0,0.058,0.127,27,0
57,67804.08,Employed,690,28414.17,0.264,1,0.898,0.159,37,0
66,29198.4,Employed,669,59445.35,0.365,0,0.285,0.085,28,1
29,61918.11,Employed,549,10115.18,0.429,2,0.413,0.08,62,1
56,98362.11,Unemployed,824,16059.17,0.255,0,0.465,0.037,23,0
67,49433.38,Retired,734,11717.97,0.698,1,0.141,0.108,28,0
59,80650.71,Employed,645,27524.8,0.122,0,0.625,0.039,13,0
30,52939.17,Employed,536,12718.07,0.132,1,0.509,0.078,2,0
62,108414.23,Employed,666,25420.56,0.11,2,0.345,0.071,35,0
26,28823.5,Employed,636,11630.21,0.351,1,0.489,0.054,33,0
50,48819.86,Employed,675,56740.44,0.421,0,0.387,0.121,32,1
45,68636.57,Employed,518,3964.3,0.3,0,0.402,0.191,44,0
47,44569.01,Employed,645,18510.98,0.42,2,0.258,0.162,47,0
46,87213.07,Unemployed,649,14671.69,0.418,0,0.432,-0.056,25,0
22,39497.01,Employed,666,14356.52,0.296,1,0.498,0.103,36,0
46,137955.38,Unemployed,662,17522.42,0.414,0,0.224,0.277,33,0
67,141647.77,Employed,684,15291.62,0.321,2,0.469,0.107,35,0
42,56445.79,Employed,794,16838.5,0.289,0,0.0,0.073,57,0
34,64621.38,Employed,641,18861.16,0.275,0,0.679,0.202,41,0
70,88950.54,Employed,612,42166.81,0.385,1,0.136,0.098,51,0
25,27075.95,Employed,550,2809.19,0.533,1,0.026,0.193,32,0
45,25438.02,Unemployed,642,44723.2,0.169,0,0.296,0.086,18,0
46,91877.32,Retired,575,68588.41,0.278,1,0.456,0.133,51,1
44,56218.11,Employed,752,5163.41,0.374,0,0.341,0.049,46,0
67,43771.9,Employed,673,15194.88,0.614,0,0.586,0.18,28,0
42,49294.2,Employed,750,33616.61,0.415,2,0.355,0.096,32,0
69,14868.19,Self-Employed,790,25619.78,0.228,0,0.364,0.11,43,1
24,44565.66,Employed,615,40365.3,0.211,2,0.379,0.175,40,0
57,33640.19,Employed,654,18456.39,0.498,0,0.785,0.137,33,0
50,77577.74,Retired,780,4360.42,0.303,2,0.319,0.086,19,0
33,80621.08,Unemployed,694,32298.55,0.165,1,0.964,-0.011,64,0
32,65404.09,Self-Employed,719,21618.08,0.502,0,0.849,0.091,35,0
56,59738.34,Employed,757,35589.51,0.396,0,0.152,0.071,52,0
52,23186.53,Employed,747,5881.73,0.171,1,0.617,0.101,2,0
51,65862.3,Employed,711,7118.17,0.149,0,0.278,0.083,16,0
23,67150.99,Self-Employed,785,14911.29,0.025,2,0.446,0.2,52,0
50,91363.04,Self-Employed,675,32854.91,0.257,0,0.062,0.143,32,0
70,141365.63,Employed,719,38830.2,0.396,1,0.395,0.072,51,0
21,21030.3,Retired,667,9552.44,0.494,2,1.0,0.155,26,1
44,40366.75,Employed,757,11569.61,0.414,0,0.244,0.215,33,0
45,33822.0,Self-Employed,627,82716.69,0.154,2,0.584,0.049,24,1
65,53436.73,Employed,554,10597.07,0.307,0,0.448,0.082,50,0
35,49350.39,Employed,729,22141.49,0.564,1,0.304,0.046,30,0
44,43606.39,Employed,603,11258.67,0.273,1,0.689,0.129,47,0
56,81944.89,Self-Employed,596,19630.81,0.465,0,0.321,0.267,58,0
24,28262.55,Employed,775,8779.72,0.447,0,0.414,0.195,32,0
61,29127.54,Employed,752,8931.13,0.464,1,0.474,0.075,34,0
62,29374.65,Self-Employed,654,11819.79,0.415,2,0.69,0.151,27,0
56,40938.91,Self-Employed,452,10645.26,0.464,2,0.336,0.199,65,0
53,26521.34,Self-Employed,720,12302.16,0.128,2,0.919,-0.03,33,0
58,47844.63,Self-Employed,730,20241.92,0.577,2,0.028,0.02,31,0
60,45127.85,Self-Employed,719,45900.31,0.079,2,0.29,0.175,18,0
66,33081.93,Self-Employed,715,10359.89,0.397,1,0.694,-0.018,27,0
42,75878.08,Employed,666,8159.36,0.343,3,0.297,0.106,28,1
43,47583.9,Employed,649,14849.26,0.256,0,0.46,0.158,51,0
52,83393.34,Employed,597,8859.03,0.204,1,0.21,0.126,31,0
30,44465.78,Employed,628,5535.41,0.432,1,0.109,0.092,30,0
63,48431.35,Employed,704,27960.82,0.47,1,0.308,0.21,46,0
59,36997.62,Employed,705,15495.48,0.335,0,0.588,0.167,35,0
52,48848.39,Employed,739,16433.81,0.307,1,0.289,0.276,19,0
36,69990.56,Self-Employed,575,4645.72,0.542,1,0.402,0.01,58,0
38,39908.03,Self-Employed,556,10395.65,0.287,0,0.311,0.058,27,0
42,63526.09,Employed,652,6313.68,0.344,0,0.571,0.095,39,0
54,32650.86,Retired,604,14584.55,0.319,2,0.069,0.204,42,1
59,71648.34,Employed,694,16004.02,0.721,0,0.397,0.159,2,0
54,36682.21,Employed,582,15997.05,0.224,0,0.345,0.068,30,0
67,75044.75,Employed,769,9895.47,0.475,2,0.221,0.022,26,0
69,50538.38,Employed,618,8850.4,0.095,2,0.689,0.013,17,0
56,104870.01,Employed,799,13148.59,0.206,1,0.04,0.239,33,0
39,27528.2,Unemployed,719,18291.79,0.304,0,0.501,0.098,37,0
50,23433.26,Employed,601,10430.31,0.33,1,0.521,0.116,43,0
42,36022.22,Employed,837,8413.19,0.309,1,0.335,0.02,37,0
52,24531.04,Employed,700,8631.49,0.335,2,0.849,0.102,34,0
61,24554.06,Employed,692,9946.17,0.247,0,0.516,0.031,59,0
39,66888.03,Self-Employed,675,11253.23,0.543,1,0.263,0.111,30,0
46,48918.48,Self-Employed,715,7639.53,0.2,0,0.556,0.073,10,0
23,38567.28,Self-Employed,719,11301.53,0.462,1,0.317,0.043,23,0
57,40397.32,Employed,615,30998.08,0.452,0,0.332,0.196,52,0
45,36365.7,Employed,664,12373.3,0.208,1,0.669,0.202,32,0
43,111880.27,Employed,689,7021.21,0.295,0,0.54,0.14,22,0
47,33936.52,Self-Employed,724,3808.17,0.35,1,0.657,-0.044,46,0
31,25309.45,Employed,725,44437.19,0.601,1,0.0,0.015,58,1
50,72986.17,Employed,692,29248.74,0.295,1,0.5,0.019,32,0
58,44007.8,Employed,639,17514.12,0.894,0,0.756,0.25,45,0
38,135860.9,Self-Employed,635,29662.0,0.465,0,0.176,0.185,57,0
27,37680.47,Employed,591,20263.11,0.402,0,0.461,0.209,66,0
40,74831.34,Retired,724,14109.42,0.483,1,0.374,0.04,44,0
30,84212.5,Employed,634,7015.57,0.092,1,0.582,-0.023,34,0
39,37772.33,Employed,666,46405.82,0.526,0,0.304,0.181,34,0
52,33810.94,Employed,698,11359.11,0.152,1,0.599,-0.081,2,0
26,71017.62,Employed,680,11737.76,0.48,1,0.361,0.106,16,0
58,65345.64,Employed,680,15100.36,0.261,0,1.0,0.148,43,0
32,24214.21,Self-Employed,612,15256.68,0.23,1,0.505,0.01,74,0
65,27883.27,Employed,700,20844.06,0.616,0,0.928,0.221,27,0
57,13791.19,Employed,657,19452.92,0.335,0,0.567,0.077,32,0
34,66018.71,Employed,674,10445.03,0.12,0,0.341,0.126,41,0
49,43005.63,Employed,767,14995.9,0.496,1,0.434,0.143,59,0
26,45203.27,Retired,718,20452.23,0.167,0,0.51,0.115,23,0
25,21042.05,Employed,637,9924.93,0.554,1,0.0,0.055,28,0
68,28309.39,Self-Employed,669,35171.55,0.348,1,0.637,0.035,36,0
61,38600.5,Employed,800,14586.46,0.159,0,0.462,0.13,37,0
28,35025.69,Employed,657,38525.88,0.473,1,0.545,0.15,38,0
35,51995.79,Unemployed,683,6404.26,0.428,2,0.561,0.178,41,0
30,65626.45,Employed,730,21867.95,0.031,0,0.14,0.088,44,0
40,152482.68,Unemployed,696,8654.01,0.34,1,0.444,0.106,41,0
35,48532.62,Employed,652,10090.17,0.395,2,0.426,0.029,36,0
37,85622.32,Employed,624,25410.32,0.386,0,0.151,0.182,15,0
47,32370.85,Retired,679,12873.34,0.322,0,0.744,0.032,16,0
30,21216.34,Employed,729,70153.93,0.462,0,0.837,0.147,24,1
65,41103.53,Retired,779,20147.12,0.435,1,0.339,0.181,53,0
57,22051.57,Retired,570,9725.77,0.355,0,0.537,0.18,57,0
59,49381.77,Employed,812,20168.56,0.315,0,0.411,-0.009,16,0
29,33182.34,Employed,658,12806.14,0.372,0,0.344,-0.024,50,0
56,18450.82,Unemployed,749,24324.29,0.259,2,0.325,0.026,12,1
62,116775.97,Employed,625,12360.83,0.197,2,0.145,0.015,45,0
29,37467.12,Self-Employed,559,18845.06,0.181,0,0.502,0.269,29,0
58,21616.03,Employed,582,16631.59,0.335,1,0.282,0.13,4,1
38,76809.68,Employed,655,15476.18,0.221,0,0.553,-0.001,21,0
60,34053.66,Employed,719,27586.42,0.326,1,0.322,0.02,27,0
44,84548.7,Self-Employed,682,5004.28,0.55,0,0.161,0.225,42,0
61,33972.37,Self-Employed,661,15654.38,0.319,0,0.268,0.204,35,0
28,37404.68,Employed,764,9694.32,0.371,1,0.496,-0.006,34,0
40,58245.14,Employed,680,6573.55,0.316,1,0.341,0.162,32,0
34,65947.2,Employed,701,8931.28,0.546,2,0.213,0.075,51,0
33,71987.08,Employed,850,10179.67,0.599,1,0.77,0.084,21,0
36,46869.83,Employed,679,12820.46,0.28,4,0.117,-0.008,44,0
40,63851.05,Employed,628,18077.03,0.459,1,0.703,0.068,72,0
27,71169.12,Employed,716,20442.59,0.664,0,0.664,0.017,44,0
56,54191.78,Employed,735,11551.37,0.176,0,0.611,0.201,43,0
48,45645.99,Employed,703,38207.0,0.497,1,0.584,0.023,26,0
62,23797.9,Self-Employed,692,11815.91,0.089,1,0.246,0.193,66,0
56,66143.84,Employed,791,4592.25,0.354,1,0.294,0.069,24,0
28,50065.47,Retired,782,12007.0,0.329,1,0.839,-0.054,34,0
24,39862.53,Employed,671,15188.54,0.094,1,0.649,0.047,3,0
42,92863.24,Employed,632,2071.9,0.513,1,0.527,-0.002,26,0
45,24006.58,Retired,712,30467.07,0.372,1,0.292,0.135,47,1
33,111526.57,Employed,631,13912.65,0.211,1,0.222,0.002,34,0
60,48477.9,Unemployed,746,7395.02,0.399,0,0.162,0.059,51,0
50,57455.1,Employed,712,8299.27,0.486,2,0.265,0.121,39,0
58,40234.41,Employed,850,23319.26,0.085,0,0.359,-0.001,43,0
26,21300.03,Self-Employed,790,25093.21,0.0,1,0.455,0.206,50,0
61,45715.61,Employed,599,10004.0,0.344,1,0.683,0.111,12,0
31,57952.12,Employed,641,6547.41,0.235,1,0.889,0.101,48,0
43,68741.8,Employed,536,15970.98,0.551,0,0.75,-0.026,30,0
42,44399.5,Employed,520,17830.15,0.294,0,0.141,0.053,28,0
62,16378.59,Employed,689,20726.36,0.396,1,0.252,0.072,19,1
34,22678.43,Self-Employed,591,10531.47,0.322,2,0.209,-0.004,42,0
33,136763.69,Employed,803,13721.79,0.118,3,0.661,0.163,37,0
37,28388.29,Retired,767,14944.31,0.355,2,0.595,0.096,48,0
39,100059.94,Employed,660,26372.76,0.151,1,0.315,0.024,12,0
30,30728.83,Employed,655,32780.27,0.144,0,0.4,0.065,51,0
29,44746.66,Employed,791,38577.11,0.185,0,0.474,0.096,43,0
32,67010.47,Self-Employed,809,32256.93,0.172,1,0.548,0.252,22,0
44,32529.5,Unemployed,610,43830.13,0.318,2,0.7,0.124,50,1
38,108673.97,Employed,600,27116.47,0.291,0,0.473,0.028,41,0
40,50912.52,Employed,657,10367.06,0.393,0,0.382,0.039,16,0
56,61723.83,Self-Employed,712,37053.02,0.114,1,0.518,0.06,38,0
33,42881.53,Employed,641,6464.93,0.312,2,0.382,0.138,2,0
66,68142.76,Employed,714,61003.04,0.278,0,0.516,0.124,45,0
58,107947.08,Self-Employed,826,8224.38,0.38,1,0.387,0.13,25,0
29,45906.27,Employed,575,25149.39,0.387,0,0.69,0.084,10,0
36,116407.98,Self-Employed,647,35120.92,0.373,0,0.709,-0.033,2,0
30,36105.56,Self-Employed,576,19449.45,0.201,2,0.384,0.135,40,1
34,71829.32,Employed,617,4314.73,0.354,1,0.885,0.03,33,0
39,62602.29,Employed,658,8360.17,0.273,1,0.472,0.135,30,0
27,28730.34,Employed,625,18289.61,0.547,0,0.52,-0.007,39,0
21,54551.74,Self-Employed,719,21619.97,0.367,1,0.744,0.091,35,0
42,49201.68,Employed,691,13262.89,0.362,2,0.872,0.151,46,0
56,31997.21,Employed,702,15438.22,0.158,1,0.686,0.251,35,0
36,58629.97,Employed,657,6115.97,0.261,1,0.5,0.049,28,0
64,52740.81,Employed,664,42813.61,0.389,2,0.344,0.208,28,0
39,47273.56,Employed,654,11769.18,0.338,3,0.497,0.175,38,0
66,47368.43,Employed,661,23700.59,0.337,1,0.559,0.064,42,0
32,46863.52,Employed,711,34273.83,0.087,0,0.519,0.094,26,0
47,40788.29,Employed,536,7383.29,0.228,0,0.377,0.049,28,0
59,52570.85,Employed,702,15943.54,0.309,2,0.26,0.035,39,0
23,35526.81,Employed,615,17444.77,0.53,0,0.471,-0.023,40,0
67,185054.33,Employed,655,12646.93,0.066,1,0.28,0.014,21,0
39,24229.67,Employed,563,25755.75,0.193,2,0.053,-0.1,16,0
45,36593.72,Employed,653,9893.7,0.065,1,0.226,0.105,36,0
52,38067.99,Employed,701,15259.94,0.399,1,0.321,0.215,42,0
53,135977.77,Retired,714,11818.99,0.528,3,0.246,0.114,39,0
22,25334.76,Employed,591,59594.93,0.404,0,0.466,0.099,14,1
64,60655.23,Employed,711,9920.12,0.437,2,0.139,0.046,40,0
52,55503.26,Employed,765,23085.67,0.195,1,0.162,0.248,48,0
70,57919.02,Self-Employed,643,43390.0,0.405,1,0.691,0.179,29,1
44,90959.68,Employed,680,8509.86,0.234,0,0.619,-0.006,25,0
51,90031.48,Retired,525,15633.94,0.359,1,0.48,0.263,53,0
43,39125.18,Employed,613,8169.41,0.425,1,0.72,0.219,51,0
65,54014.55,Employed,700,4412.73,0.306,0,0.255,0.013,21,0
62,19301.71,Employed,752,9218.7,0.473,0,0.573,0.16,38,0
66,51510.79,Self-Employed,635,10485.85,0.325,0,0.368,0.082,19,0
46,32958.53,Employed,850,10866.53,0.391,1,0.737,-0.061,41,0
60,44658.9,Retired,704,12335.22,0.634,1,0.46,0.024,28,0
38,21106.03,Retired,584,14819.16,0.425,0,0.215,0.158,20,0
44,60020.18,Employed,777,7200.6,0.238,1,0.709,0.148,14,0
59,20988.2,Employed,586,18232.7,0.278,0,0.321,0.318,54,0
25,52793.44,Employed,705,30576.87,0.481,1,0.149,0.112,28,0
56,26549.0,Employed,610,32806.67,0.506,0,0.743,-0.048,83,0
21,32054.07,Employed,578,12630.82,0.345,1,0.548,0.018,56,1
50,87322.73,Employed,752,25243.72,0.121,0,0.217,0.061,55,0
44,65772.62,Retired,661,9812.38,0.207,0,0.385,0.073,4,0
44,87081.66,Employed,809,12015.85,0.377,1,0.378,0.07,33,0
45,106922.93,Unemployed,604,18753.11,0.437,0,0.211,0.122,4,0
45,33308.92,Unemployed,563,12078.39,0.501,0,0.219,0.216,42,1
41,103723.69,Employed,644,6916.44,0.045,1,0.385,0.127,34,0
43,23558.62,Employed,850,24341.87,0.481,0,0.624,-0.059,57,0
49,71185.91,Employed,743,8980.74,0.564,1,0.591,0.125,19,0
59,38304.82,Retired,722,10807.7,0.0,1,0.286,-0.049,42,0
48,30787.07,Employed,724,27859.62,0.349,1,0.59,0.042,36,0
53,66651.64,Unemployed,644,20379.3,0.464,1,0.735,0.234,35,0
62,78627.42,Employed,850,16410.34,0.138,1,0.218,-0.068,47,0
70,77469.08,Employed,714,6114.48,0.275,1,0.569,0.251,42,0
26,54580.39,Retired,707,7346.8,0.434,0,0.41,0.136,48,0
56,52364.21,Employed,754,18739.61,0.272,1,0.347,0.12,43,0
32,63795.2,Self-Employed,585,21547.59,0.295,0,0.411,-0.015,41,0
30,57061.34,Employed,614,17185.33,0.383,3,0.586,0.1,24,0
60,64259.05,Employed,662,11111.72,0.175,0,0.129,0.053,30,0
24,54284.81,Employed,754,10894.76,0.19,0,0.407,0.024,19,0
63,74711.69,Employed,583,16806.12,0.42,0,0.327,0.083,31,0
59,21728.85,Self-Employed,675,6966.98,0.492,1,0.412,0.281,42,0
70,45906.56,Employed,664,15599.8,0.41,0,0.366,0.156,14,0
54,24540.42,Employed,562,6417.2,0.554,1,0.242,0.075,47,0
64,56294.44,Employed,642,7851.21,0.413,0,0.822,0.123,31,0
26,111409.19,Self-Employed,721,16431.06,0.627,0,0.0,0.059,33,0
65,38675.35,Unemployed,569,20950.95,0.36,0,0.533,0.149,35,0
29,52241.16,Self-Employed,786,18125.59,0.388,0,0.534,-0.005,38,0
36,71556.55,Retired,715,7564.95,0.41,1,0.424,0.161,2,0
27,17433.32,Employed,706,4804.89,0.256,1,0.468,-0.029,34,0
41,37757.7,Employed,681,14691.3,0.234,0,0.547,0.07,25,0
58,58821.21,Employed,598,4723.82,0.215,1,0.291,0.182,31,0
34,12000.0,Employed,631,26020.9,0.267,1,0.327,0.238,46,1
62,30079.4,Self-Employed,707,7717.14,0.661,1,0.338,-0.087,28,0
51,85001.91,Self-Employed,631,56416.3,0.623,1,0.512,-0.002,23,1
52,80942.84,Employed,694,8290.0,0.301,2,0.521,0.095,40,0
67,59110.22,Retired,613,19492.25,0.287,1,0.177,0.151,17,0
42,76198.63,Employed,714,9490.39,0.028,3,0.395,0.045,53,0
38,54587.06,Self-Employed,719,13347.65,0.201,1,0.274,0.092,64,0
70,64711.71,Employed,558,16487.93,0.229,1,0.203,0.097,14,0
48,41863.65,Self-Employed,685,24739.97,0.284,1,0.305,0.089,44,0
51,51943.21,Employed,566,27220.05,0.265,0,0.163,0.093,57,1
35,35732.46,Retired,540,22842.81,0.382,0,0.013,0.099,28,0
31,92202.42,Retired,635,27517.53,0.466,0,0.428,0.228,26,0
29,104901.77,Employed,850,10201.92,0.241,0,0.617,0.082,26,0
32,97729.27,Employed,738,21791.55,0.566,1,0.342,0.2,54,0
30,39972.44,Self-Employed,784,12033.67,0.402,1,0.612,0.095,55,0
58,30427.83,Employed,726,26681.79,0.483,0,0.579,0.042,31,0
23,92826.44,Employed,695,15824.97,0.284,1,0.218,0.078,58,0
52,64341.08,Employed,747,21421.65,0.432,0,0.228,-0.039,17,0
68,57773.89,Unemployed,632,17586.47,0.418,0,0.094,0.012,43,0
59,35709.93,Employed,715,23300.43,0.57,1,0.461,0.04,22,0
41,60647.39,Employed,768,9094.35,0.448,0,0.521,0.11,37,0
23,28491.5,Retired,732,5749.4,0.478,2,0.407,0.231,30,0
62,67307.78,Employed,773,26725.69,0.271,0,0.238,0.071,19,0
21,97679.14,Employed,694,33090.34,0.529,0,0.39,0.016,40,0
55,110804.51,Retired,807,13772.94,0.159,0,0.56,0.167,17,0
54,69860.94,Employed,664,24020.44,0.264,0,0.537,0.115,46,0
30,24562.82,Employed,839,5554.78,0.392,1,0.52,0.193,46,0
57,54104.09,Employed,723,10168.77,0.177,0,0.476,0.178,37,0
29,142891.5,Unemployed,651,15508.95,0.212,0,0.659,0.145,30,0
32,31751.47,Employed,592,5212.63,0.212,1,0.191,0.128,46,0
61,47591.49,Employed,619,5897.64,0.407,0,0.273,0.178,47,0
69,99385.57,Employed,608,16232.51,0.326,0,0.2,0.172,28,0
34,66740.48,Employed,673,10265.98,0.495,2,0.316,0.176,38,0
67,169410.18,Employed,584,11991.99,0.632,2,0.728,0.174,29,0
66,33981.29,Employed,777,11570.55,0.391,1,0.238,0.094,42,0
59,29885.3,Retired,688,6835.28,0.273,2,0.242,0.035,24,0
28,90405.71,Self-Employed,685,12958.23,0.405,1,0.03,0.102,38,0
35,26958.68,Unemployed,593,14643.88,0.216,1,0.545,0.068,33,0
54,44427.59,Retired,622,10408.46,0.34,1,0.396,0.026,48,0
70,47437.9,Retired,513,10928.34,0.719,1,0.709,0.228,27,0
61,82289.17,Self-Employed,801,13064.01,0.32,2,0.711,0.099,39,0
42,66644.91,Employed,574,24145.58,0.395,1,0.157,0.016,29,1
32,61607.1,Unemployed,579,13951.23,0.326,0,0.387,0.207,12,0
69,40086.09,Employed,786,4648.05,0.289,0,0.681,0.109,31,0
34,89994.34,Employed,709,7213.33,0.422,4,0.24,0.18,44,1
38,366924.73,Employed,689,25824.74,0.159,0,0.618,0.07,45,0
69,69261.26,Employed,706,9785.3,0.325,0,0.0,0.148,26,0
49,51525.71,Employed,752,14001.34,0.146,1,0.389,0.151,50,0
34,25618.46,Self-Employed,687,46860.7,0.582,0,0.264,0.108,54,0
21,35641.26,Employed,564,21570.66,0.498,0,0.636,0.05,21,1
42,44052.83,Employed,735,4068.4,0.235,1,0.318,0.132,37,0
70,37522.64,Employed,712,35134.71,0.072,0,0.582,0.148,51,0
42,48628.31,Unemployed,768,16151.82,0.424,0,0.517,0.004,55,1
55,119253.65,Employed,586,18427.15,0.343,1,0.236,0.294,38,0
33,91453.27,Employed,625,17720.94,0.687,1,0.597,0.23,52,0
59,45278.32,Self-Employed,709,25540.32,0.56,1,0.521,0.112,55,0
59,26792.04,Unemployed,609,14075.0,0.445,2,0.07,0.168,44,0
51,95672.27,Employed,504,6069.67,0.271,0,0.517,0.099,31,0
59,47833.09,Self-Employed,695,17927.94,0.311,0,0.298,0.049,41,0
49,20676.43,Employed,747,6444.03,0.395,0,0.504,0.176,25,0
39,69997.52,Retired,670,43912.44,0.403,1,0.458,0.035,26,0
57,81866.35,Employed,721,11881.23,0.244,0,0.624,0.13,12,0
62,14574.75,Self-Employed,710,14313.46,0.145,0,0.611,0.047,48,0
63,32458.66,Employed,681,9841.71,0.639,1,0.23,0.033,51,0
31,46386.93,Self-Employed,690,18096.98,0.355,0,0.288,0.112,7,0
54,70774.6,Employed,781,19392.07,0.414,0,0.346,0.183,28,0
21,37878.04,Employed,608,9825.91,0.221,0,0.637,0.121,26,0
49,32335.76,Self-Employed,738,19376.93,0.555,0,0.313,0.105,43,0
49,70515.27,Self-Employed,591,15377.12,0.506,2,0.472,-0.044,35,0
39,38786.94,Employed,620,13939.46,0.359,0,0.601,0.084,45,0
70,64281.51,Unemployed,770,9405.76,0.382,0,0.412,-0.013,35,0
65,28120.16,Employed,589,59197.4,0.393,0,0.782,0.105,39,1
22,24930.16,Employed,662,30021.68,0.365,1,0.282,0.1,36,0
31,71513.0,Employed,850,22857.12,0.434,0,0.52,0.095,53,0
31,55617.88,Employed,757,29024.35,0.406,0,0.488,0.098,20,0
65,77747.98,Retired,625,17675.68,0.324,0,0.429,0.14,24,0
46,37560.32,Employed,638,11972.9,0.175,0,0.0,0.145,22,0
57,32940.14,Retired,667,3023.47,0.346,1,0.34,0.127,42,0
61,96795.85,Employed,778,7105.38,0.463,0,0.017,0.178,11,0
59,22891.49,Self-Employed,605,54123.04,0.451,0,0.291,-0.093,6,1
25,91649.83,Employed,600,29617.5,0.547,1,0.384,0.02,45,0
28,94869.01,Self-Employed,734,16670.42,0.563,0,0.907,0.135,14,1
40,75360.97,Retired,554,5730.04,0.455,2,0.566,0.1,22,1
37,34755.61,Employed,612,21609.01,0.378,2,0.174,0.031,15,0
58,32589.26,Employed,674,12496.12,0.402,1,0.444,0.135,24,0
28,44133.4,Self-Employed,677,22443.91,0.264,0,0.493,0.159,79,0
39,25654.65,Self-Employed,578,7576.82,0.47,1,0.422,0.039,30,0
32,30307.58,Employed,707,11004.18,0.549,0,0.404,0.048,35,0
30,67667.9,Self-Employed,722,25111.16,0.506,1,0.278,-0.031,20,0
29,67824.21,Self-Employed,630,46942.91,0.433,0,0.479,0.092,33,0
30,29004.68,Self-Employed,805,9946.1,0.314,1,0.458,0.096,50,0
49,68738.24,Employed,705,8104.97,0.297,0,0.549,0.015,37,0
41,61522.09,Employed,605,27275.16,0.326,2,0.585,0.058,65,0
42,104291.29,Retired,802,6933.01,0.24,1,0.577,0.096,23,0
44,65157.86,Employed,641,7238.61,0.391,0,0.424,0.174,3,0
58,83223.96,Employed,693,17319.03,0.0,1,0.364,0.069,41,0
64,62226.66,Retired,643,51606.93,0.269,2,0.563,0.028,41,1
47,80014.61,Employed,727,8872.64,0.36,2,0.219,0.219,36,0
53,25756.48,Employed,644,11827.07,0.725,0,0.0,0.155,15,0
57,46125.8,Self-Employed,648,15784.48,0.351,4,0.018,-0.004,27,0
55,48074.57,Self-Employed,668,11118.55,0.356,2,0.0,0.157,38,0
27,43396.11,Retired,642,5114.83,0.225,0,0.524,0.058,39,0
70,61202.5,Self-Employed,760,23889.02,0.608,0,0.429,0.182,45,0
29,67318.46,Employed,586,16511.21,0.228,1,0.573,0.067,20,0
41,59642.79,Employed,677,18400.25,0.655,2,0.514,-0.044,7,0
53,44870.15,Employed,687,13561.33,0.239,0,0.628,0.054,32,0
41,33932.72,Retired,671,36603.72,0.491,0,0.649,0.03,44,0
33,84845.99,Employed,753,10908.27,0.341,0,0.608,0.047,15,0
67,58388.04,Employed,567,7737.0,0.266,0,0.613,-0.084,59,0
24,29457.18,Employed,723,40063.63,0.501,1,0.76,0.09,30,0
33,44496.07,Employed,587,3947.46,0.549,2,0.858,-0.063,52,0
70,20503.49,Employed,642,13463.28,0.322,0,0.416,0.09,62,0
57,49895.46,Self-Employed,579,14110.8,0.346,1,0.738,-0.093,11,0
25,44391.8,Employed,655,13784.07,0.288,2,0.272,0.012,42,0
58,36782.1,Retired,637,5821.27,0.384,2,0.284,0.144,62,0
69,108260.98,Retired,803,7251.57,0.186,1,0.765,0.156,28,0
25,27499.5,Employed,698,26233.55,0.0,0,0.422,0.036,64,0
41,69786.54,Unemployed,713,33901.15,0.069,0,0.034,0.144,50,0
44,146291.15,Employed,597,11494.38,0.317,1,0.136,-0.046,30,0
27,84005.2,Employed,736,8447.3,0.19,0,0.23,0.178,34,0
31,48253.84,Employed,803,5060.02,0.332,0,0.142,0.194,11,0
29,27804.85,Unemployed,745,25960.77,0.273,0,0.518,0.083,25,0
30,24809.18,Self-Employed,582,26897.49,0.244,0,0.21,0.065,45,0
41,39903.69,Employed,645,2734.01,0.253,0,0.338,-0.088,31,0
44,34769.63,Self-Employed,688,3448.36,0.495,0,0.266,0.095,40,0
32,34208.4,Self-Employed,637,16027.97,0.385,1,0.1,0.153,52,0
35,41641.11,Self-Employed,850,17321.58,0.585,0,0.11,0.129,52,0
30,46577.67,Employed,644,11087.83,0.365,1,0.601,0.112,41,0
60,62480.26,Unemployed,677,14475.76,0.064,2,0.472,-0.015,27,1
31,26399.54,Self-Employed,635,12729.23,0.193,0,0.0,0.11,38,0
66,34852.43,Employed,697,15000.77,0.367,0,0.26,0.031,39,0
47,45259.32,Unemployed,784,8599.46,0.386,1,0.596,0.214,25,0
61,44456.1,Employed,689,14656.64,0.262,0,0.524,0.148,41,0
52,122787.67,Self-Employed,664,9851.51,0.231,1,0.868,0.121,23,0
34,55056.95,Self-Employed,599,9370.98,0.259,1,0.343,0.103,35,0
51,21877.31,Employed,771,4816.8,0.328,1,0.483,0.024,26,0
34,60420.92,Employed,669,13288.78,0.343,0,0.206,0.035,28,0
26,64397.61,Self-Employed,666,23903.59,0.185,0,0.06,0.253,49,0
33,46047.83,Unemployed,505,12144.71,0.387,0,0.48,0.028,49,0
34,26723.58,Unemployed,670,11943.11,0.386,2,0.314,0.101,32,0
27,118069.34,Self-Employed,650,31364.48,0.334,0,0.986,0.108,54,0
22,28711.64,Employed,543,27309.49,0.246,1,0.271,0.1,46,1
68,68212.7,Employed,754,41804.1,0.451,0,0.307,0.114,44,0
46,54177.73,Self-Employed,640,57196.68,0.549,1,0.418,0.249,34,1
41,66197.98,Employed,822,15301.29,0.283,0,0.607,0.111,45,0
67,115085.31,Self-Employed,786,7373.88,0.256,1,0.588,0.14,29,0
32,64914.05,Employed,626,10800.17,0.42,1,0.035,0.076,38,0
41,37073.88,Employed,783,20822.75,0.174,1,0.688,0.084,54,0
63,85220.4,Employed,801,35033.61,0.159,0,0.364,0.137,49,0
52,35755.17,Employed,638,7868.97,0.253,0,0.0,0.212,26,0
40,53198.16,Self-Employed,603,17208.64,0.396,1,0.401,0.203,52,0
33,25679.75,Employed,518,9175.42,0.218,1,0.176,-0.1,17,1
22,29241.94,Unemployed,709,13521.11,0.347,0,0.66,-0.034,35,0
25,50296.63,Employed,607,13400.29,0.049,0,0.476,0.266,52,0
29,58926.33,Self-Employed,711,18559.03,0.443,0,0.637,0.057,23,0
60,20927.19,Employed,637,49980.86,0.566,1,0.663,0.069,40,1
52,62858.64,Employed,622,19634.69,0.214,0,0.299,0.053,42,0
42,32541.96,Self-Employed,638,11408.34,0.417,2,0.455,-0.004,54,0
60,92952.51,Employed,583,10332.79,0.319,1,0.65,0.038,28,0
29,41110.46,Employed,638,13167.34,0.366,1,0.449,0.057,48,0
31,27950.46,Self-Employed,625,8751.55,0.313,1,0.219,0.06,25,1
40,50914.46,Employed,679,16055.22,0.304,0,0.718,0.022,30,0
66,31004.34,Retired,688,3474.68,0.225,0,0.406,0.173,35,0
51,92454.56,Employed,600,13007.53,0.186,1,0.227,0.093,33,0
63,49033.8,Employed,763,13640.45,0.515,0,0.821,0.112,50,0
33,45440.62,Self-Employed,668,7358.49,0.098,1,0.0,0.107,72,0
63,65900.45,Employed,793,11739.5,0.347,1,0.253,0.058,35,0
24,29659.16,Retired,698,28910.19,0.34,0,0.274,0.043,36,0
32,25730.26,Employed,685,30188.9,0.343,0,0.593,-0.019,61,0
47,60124.69,Employed,643,10722.69,0.45,0,0.323,0.158,71,0
23,28287.2,Employed,726,20213.2,0.294,0,0.249,0.088,33,0
63,28282.4,Employed,683,6008.31,0.448,1,0.63,0.198,40,0
64,74486.86,Employed,744,12361.04,0.648,0,0.572,0.13,15,0
48,63737.74,Employed,800,16957.8,0.327,3,0.337,0.226,24,0
36,26188.75,Employed,625,36907.0,0.045,0,0.451,0.069,11,0
25,35969.69,Employed,726,30202.56,0.329,2,0.152,0.022,31,0
51,31198.78,Employed,724,16736.68,0.314,2,0.35,0.249,60,0
47,119152.52,Employed,714,8544.87,0.41,1,0.385,0.192,22,0
58,77111.31,Employed,648,33359.89,0.051,0,0.115,-0.049,26,0
51,39718.71,Employed,649,12038.04,0.399,0,0.036,0.137,42,0
27,65388.22,Employed,636,19323.81,0.287,0,0.312,0.157,11,0
27,24882.17,Employed,635,13718.27,0.47,0,0.632,0.082,40,0
60,35020.08,Employed,617,48793.15,0.272,2,0.528,-0.003,2,1
28,51659.62,Employed,672,10239.15,0.48,0,0.268,0.085,31,0
67,61458.37,Retired,623,25584.77,0.123,1,0.971,0.115,12,0
26,46689.31,Employed,713,14018.84,0.353,0,0.164,0.044,24,0
57,55492.7,Employed,684,20774.11,0.204,0,0.521,0.158,33,0
69,50978.96,Self-Employed,693,39026.94,0.277,2,0.284,-0.029,33,0
43,45171.03,Employed,659,4434.88,0.758,3,0.667,0.114,32,1
23,42273.99,Employed,685,14196.72,0.208,0,0.375,0.255,69,0
64,39611.21,Self-Employed,661,8634.85,0.294,0,0.347,0.148,46,0
30,55048.44,Self-Employed,738,19291.87,0.178,0,0.612,0.216,10,0
47,60198.81,Retired,647,22354.85,0.304,0,0.364,0.089,14,0
70,54131.93,Retired,708,11133.5,0.328,1,0.563,0.117,55,0
58,27192.64,Employed,582,10794.25,0.24,1,0.376,0.065,35,0
23,29748.56,Self-Employed,733,16685.31,0.586,1,0.0,0.068,54,0
62,59840.68,Employed,638,6877.96,0.523,2,0.874,0.141,51,0
29,102317.57,Retired,612,18032.49,0.208,0,0.514,0.025,31,0
58,52902.6,Employed,595,9039.63,0.473,3,0.332,0.167,38,0
52,39901.36,Employed,589,22929.71,0.278,0,0.7,0.139,26,0
35,54839.73,Employed,644,6696.04,0.166,1,0.187,0.003,49,0
42,27766.6,Employed,792,10505.34,0.242,2,0.2,0.178,37,0
26,94322.17,Employed,632,9408.02,0.162,0,0.089,0.269,54,0
70,53814.44,Unemployed,514,12346.22,0.491,1,0.356,0.171,25,0
32,35075.96,Employed,707,33718.57,0.219,1,0.255,-0.055,31,0
36,45098.41,Unemployed,596,24528.24,0.543,1,0.336,0.29,27,0
46,37664.82,Employed,741,11072.16,0.371,0,0.077,-0.077,58,0
54,94450.86,Employed,648,11066.39,0.289,0,0.249,-0.037,35,0
46,44306.2,Employed,659,25114.18,0.275,0,0.5,-0.041,33,0
46,52980.69,Employed,770,7343.9,0.613,1,0.7,0.078,32,0
50,65307.57,Employed,726,14964.4,0.352,0,0.41,-0.056,53,0
63,33847.37,Employed,587,10265.48,0.274,1,0.29,-0.08,80,0
40,54006.23,Employed,598,13319.53,0.478,1,0.539,0.044,73,0
62,56230.68,Unemployed,546,23991.74,0.438,1,0.659,0.041,46,1
60,22538.06,Employed,850,9881.79,0.202,1,0.647,0.075,21,0
69,55622.79,Self-Employed,615,26489.11,0.351,0,0.513,0.137,26,0
66,47911.89,Self-Employed,768,55257.1,0.079,1,0.234,0.216,40,0
60,52312.11,Employed,640,21213.76,0.345,1,0.388,0.096,2,0
33,49901.92,Retired,599,14038.35,0.397,0,0.453,0.135,25,0
59,55803.11,Self-Employed,682,29563.07,0.417,1,0.0,0.075,48,0
57,95671.11,Self-Employed,656,7590.8,0.2,2,0.406,0.192,11,0
35,27180.26,Unemployed,740,36777.58,0.239,0,0.779,0.22,43,1
54,41312.64,Employed,741,9397.13,0.387,0,0.259,0.051,27,0
33,68412.4,Retired,636,54222.78,0.538,1,0.001,-0.009,25,0
47,62346.51,Employed,572,9602.01,0.364,1,0.254,0.052,44,0
60,61679.25,Employed,590,21960.95,0.266,1,0.246,0.061,59,0
30,194228.12,Self-Employed,509,5792.13,0.496,1,0.642,0.081,34,0
37,66640.5,Employed,659,12991.48,0.369,0,0.979,0.099,56,0
60,86289.99,Employed,679,7724.74,0.377,0,0.434,0.081,40,0
43,42043.66,Employed,594,6217.29,0.47,2,0.212,-0.003,18,0
69,29838.17,Employed,585,30433.87,0.336,1,0.134,0.079,52,1
21,41891.63,Retired,679,7068.95,0.21,0,0.627,0.121,55,0
57,69981.07,Employed,633,9499.14,0.327,0,0.559,0.22,41,0
61,60078.9,Employed,664,8857.63,0.517,0,0.658,0.053,16,0
66,59971.56,Self-Employed,652,29254.77,0.634,0,0.284,0.096,13,0
28,44038.86,Self-Employed,699,27187.14,0.167,0,0.759,0.088,42,0
70,40664.01,Unemployed,638,31639.99,0.596,1,0.438,0.057,42,1
40,44804.84,Employed,643,9210.71,0.295,1,0.243,0.059,46,0
38,70420.36,Retired,539,33181.92,0.353,1,0.0,-0.051,2,0
38,74634.92,Employed,676,9163.74,0.605,0,0.287,0.134,22,0
52,29639.97,Unemployed,687,9388.0,0.289,0,0.284,0.151,26,0
53,71766.37,Employed,667,9708.56,0.309,2,0.164,0.065,51,0
44,35406.1,Employed,823,9923.03,0.254,0,0.498,0.138,35,0
24,61973.42,Employed,692,13982.03,0.356,2,0.248,-0.041,52,1
70,44534.4,Employed,668,8926.54,0.397,1,0.191,0.216,20,0
32,107247.47,Employed,717,16963.97,0.247,0,0.198,0.036,7,0
25,39773.76,Employed,838,3085.17,0.568,1,0.088,0.077,48,0
50,53600.08,Self-Employed,699,16930.76,0.238,0,0.274,0.172,32,0
41,66389.66,Employed,513,7678.6,0.425,2,0.28,-0.018,36,0
51,31666.69,Employed,712,9880.88,0.354,2,0.346,0.059,16,0
64,47267.18,Employed,614,10025.06,0.537,0,0.484,0.04,37,0
25,42903.45,Unemployed,536,26001.34,0.229,2,0.737,0.141,38,1
35,37914.67,Employed,807,19985.47,0.436,0,0.622,0.022,35,0
46,39345.56,Employed,791,13368.74,0.713,0,0.056,0.159,45,0
60,85477.4,Retired,612,9612.88,0.134,1,0.597,0.118,47,0
51,36341.83,Self-Employed,613,23617.11,0.215,1,0.638,-0.027,54,0
40,65069.03,Employed,692,43339.77,0.663,1,0.567,0.165,36,0
51,57371.19,Self-Employed,614,14518.85,0.33,1,0.301,0.247,60,0
69,24379.79,Retired,670,5659.04,0.367,1,0.722,0.025,16,0
45,63550.16,Employed,627,9684.31,0.3,2,0.202,0.057,49,0
65,24179.09,Self-Employed,650,20651.22,0.598,3,0.635,-0.006,36,1
59,67107.15,Employed,575,11320.52,0.108,1,0.628,0.094,33,0
36,38040.41,Unemployed,742,8820.05,0.536,1,0.51,0.186,28,0
33,49226.32,Self-Employed,770,8592.89,0.128,0,0.004,0.044,43,0
59,25664.4,Retired,672,15599.7,0.115,0,0.444,0.024,63,0
31,52114.12,Self-Employed,677,5882.3,0.187,1,0.583,0.2,55,0
37,77922.9,Employed,727,14460.93,0.331,0,0.411,0.037,49,0
32,32745.38,Employed,680,15569.66,0.243,3,0.382,0.041,33,0
51,36185.6,Retired,810,11274.37,0.234,3,0.318,0.079,60,0
35,61531.87,Employed,581,7897.36,0.211,0,0.284,-0.041,41,0
53,62305.76,Employed,745,27201.9,0.213,0,0.379,0.031,19,0
67,14514.6,Self-Employed,671,6636.45,0.21,0,0.664,0.248,23,0
62,134282.78,Employed,596,16377.09,0.385,0,0.245,0.156,59,0
68,63849.03,Employed,849,22848.75,0.255,1,0.486,0.148,52,0
22,69456.74,Employed,850,16247.23,0.0,2,0.0,0.149,54,0
43,45625.85,Employed,664,30906.1,0.344,3,0.284,0.149,37,0
32,19386.33,Self-Employed,713,7470.84,0.462,1,0.557,0.066,22,0
66,68690.15,Employed,645,9186.15,0.308,1,0.621,0.093,9,0
56,36953.14,Employed,657,11195.42,0.161,1,0.155,0.128,23,0
37,64341.87,Unemployed,595,106342.27,0.462,0,0.462,0.061,13,1
49,43940.84,Employed,584,20023.91,0.144,0,0.571,0.205,70,1
51,55216.64,Self-Employed,818,22404.34,0.302,2,0.222,-0.036,27,0
45,33273.01,Employed,677,21851.17,0.347,1,0.031,0.074,27,0
44,75523.15,Employed,684,15479.81,0.512,2,0.102,0.188,27,0
23,27059.96,Employed,619,27713.16,0.437,1,0.048,0.18,9,0
43,150660.57,Self-Employed,694,4806.95,0.386,1,0.555,0.06,8,0
38,150087.59,Retired,567,17434.13,0.49,0,0.421,0.125,59,0
61,110896.19,Employed,622,19090.2,0.176,1,0.303,0.124,62,0
64,92757.1,Employed,590,27205.9,0.587,1,0.202,0.274,53,0
58,46991.68,Employed,777,7380.46,0.0,4,0.64,0.036,43,0
22,87840.1,Employed,556,7713.65,0.564,1,0.351,0.117,17,0
63,46719.26,Employed,592,8011.82,0.224,0,0.467,0.067,54,0
40,22544.38,Retired,526,20199.08,0.407,0,0.197,0.222,35,0
41,103943.29,Self-Employed,613,20372.7,0.567,1,0.138,0.089,43,0
68,86198.86,Employed,646,8350.84,0.434,2,0.62,0.05,40,0
64,48258.65,Employed,753,46563.2,0.406,2,0.415,0.159,47,0
23,26566.54,Employed,663,17532.7,0.48,1,0.434,0.036,50,0
38,36566.93,Employed,649,15907.14,0.128,0,0.469,0.115,33,0
58,19720.76,Employed,702,13035.4,0.151,1,0.614,0.154,51,0
47,78632.5,Retired,647,25804.29,0.391,3,0.653,-0.039,31,0
33,21990.05,Employed,850,18651.77,0.32,0,0.151,0.035,50,0
47,56580.26,Employed,636,45885.8,0.303,0,0.34,0.253,51,0
64,32149.54,Employed,711,7127.1,0.536,0,0.17,0.118,10,0
32,24020.15,Employed,742,5841.03,0.523,0,0.436,0.009,36,0
58,55225.36,Retired,634,9470.76,0.212,1,0.312,0.111,3,0
57,41485.54,Self-Employed,692,20578.67,0.416,0,0.329,-0.05,12,0
65,74540.25,Unemployed,642,11420.27,0.115,0,0.348,0.113,36,0
35,26008.99,Unemployed,701,31653.9,0.112,0,0.336,0.132,33,1
31,33568.48,Employed,688,11659.37,0.216,0,0.952,0.093,31,0
48,14856.29,Self-Employed,669,28258.37,0.342,0,0.0,0.04,45,1
47,16445.82,Self-Employed,593,8969.12,0.252,0,0.364,0.243,29,0
41,120462.79,Employed,820,30026.39,0.418,0,0.068,0.073,18,0
59,138940.23,Employed,724,33573.49,0.348,1,0.434,-0.051,12,0
60,51347.07,Self-Employed,561,10521.0,0.517,0,0.086,0.087,10,0
33,32470.45,Retired,648,19805.94,0.432,1,0.383,0.194,22,1
60,42225.33,Employed,562,17337.53,0.194,1,0.237,0.229,24,0
32,75870.79,Retired,737,20131.16,0.485,1,0.634,-0.1,56,0
41,37903.76,Retired,678,31909.6,0.221,2,0.07,0.033,38,0
22,55205.45,Retired,680,26474.23,0.412,0,0.099,0.07,20,0
38,48709.14,Employed,617,20099.85,0.276,0,0.146,0.113,48,0
68,36886.23,Employed,656,21978.75,0.549,4,0.48,-0.009,47,1
43,37680.71,Self-Employed,739,6894.22,0.46,0,0.443,0.144,29,0
56,56764.16,Employed,759,14406.69,0.246,1,0.332,0.174,54,0
26,30078.2,Employed,743,7624.31,0.292,0,0.537,0.029,51,0
52,61442.97,Self-Employed,564,14604.78,0.84,0,0.0,0.096,30,0
39,38723.83,Employed,666,28856.35,0.161,0,0.343,0.165,34,0
58,52244.17,Employed,699,14702.42,0.242,1,0.392,0.241,30,0
67,97927.36,Retired,625,3283.44,0.249,0,0.435,0.184,43,0
47,45066.93,Employed,556,7878.71,0.176,0,0.411,0.058,2,0
26,77644.98,Retired,584,20924.02,0.192,1,0.452,0.136,49,1
44,20009.92,Employed,792,10684.31,0.334,1,0.495,0.081,14,0
27,38747.38,Employed,591,23630.8,0.421,0,0.825,0.04,25,0
43,49704.18,Employed,684,7155.77,0.111,1,0.554,0.14,67,0
24,128240.84,Employed,668,18564.96,0.275,2,0.065,0.139,30,0
53,18398.49,Employed,668,19132.93,0.229,1,0.581,0.099,41,0
36,46718.48,Unemployed,656,23716.84,0.174,1,0.364,0.18,42,0
31,101553.84,Retired,739,9965.4,0.499,0,0.271,0.077,41,0
21,33106.66,Employed,683,23573.44,0.235,1,0.078,0.093,29,0
65,44072.03,Employed,633,36458.7,0.145,0,0.332,0.116,42,0
62,57865.09,Self-Employed,684,3775.86,0.482,0,0.44,0.126,35,0
61,53758.35,Employed,584,15229.99,0.538,0,0.562,0.026,9,0
23,107246.5,Employed,716,4994.99,0.386,0,0.155,0.251,18,0
38,61343.03,Employed,629,8812.11,0.209,0,0.305,0.154,33,0
69,95214.4,Employed,633,9254.41,0.308,4,0.288,0.1,43,0
49,40945.44,Employed,718,14187.68,0.252,1,0.272,0.102,44,0
27,33851.46,Employed,649,18518.48,0.343,1,0.062,0.094,38,0
28,43789.02,Self-Employed,654,25412.34,0.457,3,0.163,0.217,36,0
34,27458.98,Employed,768,17299.15,0.346,0,0.331,0.177,34,0
69,62427.17,Employed,607,22118.65,0.349,1,0.535,0.151,40,1
29,40419.23,Employed,717,7730.28,0.273,1,0.346,0.298,21,0
66,35035.09,Employed,751,27833.49,0.45,1,0.134,0.147,36,0
54,62901.75,Retired,768,2043.68,0.405,4,0.34,0.028,49,0
67,27671.05,Self-Employed,843,36901.79,0.074,1,0.124,0.159,37,0
62,72059.76,Unemployed,632,33134.16,0.083,1,0.561,0.143,21,0
37,38593.2,Employed,615,23156.54,0.3,0,0.727,0.211,20,0
62,87513.49,Employed,741,56239.77,0.496,0,0.418,0.16,55,0
29,40280.84,Employed,751,5002.58,0.525,0,0.545,0.111,33,0
35,67235.38,Employed,621,23568.26,0.464,1,0.24,0.177,14,0
31,53625.56,Employed,716,16011.52,0.327,0,0.448,-0.034,20,0
27,71107.7,Employed,850,17093.46,0.57,2,0.383,0.138,10,0
25,51791.09,Employed,688,7345.61,0.242,1,0.609,0.146,10,0
30,21339.21,Employed,749,18711.33,0.299,2,0.259,-0.007,39,0
27,81177.77,Employed,798,18191.21,0.137,3,0.371,0.11,26,0
40,46918.09,Employed,850,9761.91,0.298,0,0.146,0.047,17,0
24,72748.1,Employed,698,14168.61,0.221,1,0.529,0.065,54,0
24,69225.41,Retired,774,6709.62,0.581,1,0.248,0.174,31,0
70,33301.3,Employed,621,11646.5,0.551,0,0.317,0.017,35,0
25,31026.67,Employed,682,26278.09,0.359,1,0.191,0.082,46,0
24,68028.2,Employed,647,26595.15,0.42,0,0.345,0.026,12,0
22,42124.11,Employed,539,23417.08,0.259,1,0.544,0.118,16,0
27,78293.09,Self-Employed,560,26271.3,0.0,1,0.465,0.127,35,1
47,44841.96,Employed,712,26478.25,0.236,0,0.667,-0.003,2,0
62,81773.2,Retired,714,10035.38,0.462,1,0.242,0.073,65,0
57,60575.89,Unemployed,602,18101.1,0.416,1,0.388,0.085,41,0
50,56612.64,Employed,797,28341.09,0.291,1,0.639,0.109,33,0
25,40659.77,Retired,597,6452.76,0.461,1,0.18,0.176,42,0
59,55061.93,Self-Employed,699,6430.5,0.279,1,0.651,0.023,45,0
22,89003.09,Retired,649,6220.53,0.179,1,0.723,0.067,40,0
52,47709.81,Employed,688,5057.74,0.461,1,0.145,0.205,47,0
41,63932.76,Retired,747,7859.8,0.258,3,0.924,0.163,52,0
65,50170.38,Employed,737,10772.14,0.504,0,0.328,0.023,61,0
36,52172.04,Employed,733,36584.62,0.05,1,0.017,0.091,22,0
52,116041.76,Retired,724,11356.16,0.265,1,0.147,0.133,16,0
42,89399.02,Employed,585,5944.24,0.44,0,0.354,0.171,16,0
47,51006.17,Employed,765,16312.93,0.424,2,0.298,0.126,38,0
67,54569.32,Employed,600,13182.19,0.317,0,0.215,0.133,7,0
56,34512.08,Employed,672,9234.68,0.393,2,0.116,0.135,14,0
41,44959.36,Employed,654,10371.97,0.371,0,0.079,0.104,43,0
43,57222.3,Employed,706,28008.22,0.127,0,0.752,-0.027,28,0
56,75004.76,Employed,644,6336.42,0.295,1,0.467,0.06,33,0
38,71297.07,Unemployed,668,5434.58,0.384,1,0.609,0.199,59,0
29,28151.91,Employed,801,19537.7,0.426,0,0.183,0.169,50,0
44,79896.82,Unemployed,583,10215.05,0.34,0,0.302,0.099,38,0
24,46892.51,Employed,680,37471.11,0.267,1,0.166,0.081,19,0
29,29926.64,Self-Employed,596,13459.2,0.15,0,0.28,0.041,32,0
42,95625.27,Self-Employed,731,13901.84,0.463,3,0.624,0.031,22,0
60,101889.02,Retired,625,23669.23,0.446,0,0.294,0.176,31,0
60,55930.97,Employed,683,5413.79,0.498,1,0.367,0.075,21,0
34,69870.36,Employed,581,18079.82,0.188,5,0.243,0.124,36,0
42,71949.85,Retired,777,11856.47,0.368,0,0.56,0.293,30,0
28,98507.31,Self-Employed,685,27339.4,0.246,0,0.266,0.108,21,0
58,70546.99,Employed,690,10015.95,0.357,0,0.67,0.04,16,0
33,25239.26,Employed,742,16417.34,0.786,1,0.314,0.17,59,0
60,133907.41,Self-Employed,586,11903.9,0.486,3,0.933,0.186,24,1
63,83518.92,Employed,634,18915.55,0.237,1,0.664,-0.055,50,0
55,37996.07,Self-Employed,693,12699.43,0.312,1,0.388,0.2,33,0
37,29295.45,Unemployed,548,17281.4,0.296,0,0.415,0.028,36,1
68,63095.63,Employed,556,42274.66,0.369,1,0.702,0.229,36,0
55,42653.73,Employed,618,12436.71,0.121,1,0.472,0.202,30,0
53,57814.66,Employed,594,18800.71,0.399,0,0.532,0.11,34,0
63,71090.1,Employed,654,58213.98,0.032,1,0.865,0.032,43,0
65,36929.98,Employed,719,18655.81,0.099,1,0.445,0.188,15,0
24,28055.67,Self-Employed,736,3427.18,0.65,4,0.0,0.134,31,0
65,59451.09,Employed,816,9899.53,0.296,1,0.438,0.038,35,0
59,37545.4,Unemployed,678,7170.64,0.564,1,0.658,0.142,44,0
31,52735.7,Self-Employed,692,25672.56,0.228,1,0.469,0.01,28,0
36,25042.68,Unemployed,678,13956.61,0.035,1,0.145,0.121,31,0
58,43213.52,Employed,704,27948.28,0.192,1,0.381,0.123,46,0
31,70085.83,Employed,710,21310.05,0.753,1,0.726,0.138,10,0
43,66367.73,Self-Employed,749,21254.93,0.138,2,0.088,0.197,51,0
55,33051.46,Employed,749,7086.99,0.616,4,0.021,0.06,22,0
53,27333.49,Employed,719,19988.99,0.402,0,0.216,0.049,50,0
66,49408.7,Employed,793,33521.89,0.368,0,0.652,0.102,53,0
26,64894.39,Employed,682,6196.51,0.238,0,0.0,0.165,29,0
35,60029.27,Self-Employed,634,12206.38,0.215,0,0.427,0.083,49,0
70,37946.03,Employed,646,18263.34,0.435,0,0.509,-0.029,29,0
49,56892.13,Employed,672,15659.13,0.548,0,0.4,0.079,23,0
33,103899.33,Employed,599,34959.74,0.379,1,0.074,0.113,40,0
35,54315.9,Employed,634,22859.1,0.461,0,0.429,0.038,48,0
37,21664.41,Employed,595,18838.45,0.286,1,0.16,-0.088,20,1
48,54263.12,Unemployed,706,24114.32,0.676,1,0.432,0.125,8,0
35,136213.46,Retired,707,23355.17,0.386,1,0.204,-0.005,37,0
52,25752.95,Retired,547,15133.13,0.655,0,0.473,0.177,59,0
43,49754.81,Employed,631,11933.54,0.205,0,0.389,0.284,34,0
51,43775.62,Employed,817,26747.22,0.343,1,0.122,0.028,54,0
28,51428.18,Employed,727,9453.62,0.511,1,0.522,0.128,51,0
52,54020.89,Self-Employed,714,14138.16,0.371,0,0.368,0.124,48,0
67,86680.65,Self-Employed,630,7375.8,0.428,1,0.47,-0.023,32,1
27,51143.55,Self-Employed,702,22902.59,0.203,2,0.443,-0.094,25,0
37,92839.71,Employed,679,30930.99,0.289,1,0.62,-0.008,37,0
55,46220.2,Employed,620,8422.58,0.219,0,0.527,0.076,17,0
51,41148.04,Retired,643,13462.22,0.337,0,0.489,0.295,47,0
54,35080.77,Employed,645,11069.63,0.322,2,0.0,0.146,29,0
48,19760.82,Unemployed,568,28146.99,0.271,0,0.304,0.029,32,1
55,56268.53,Self-Employed,581,34550.69,0.445,2,0.0,0.028,32,0
51,136899.2,Employed,665,11076.09,0.19,0,0.07,0.045,23,0
24,61643.17,Retired,616,2310.67,0.028,0,0.63,-0.05,27,0
58,69104.4,Unemployed,657,29486.29,0.264,0,0.271,0.029,40,0
43,39874.18,Self-Employed,560,15169.73,0.673,0,0.625,0.137,18,0
23,43383.45,Employed,740,15204.89,0.426,1,0.2,0.082,18,0
41,80203.36,Employed,836,26323.79,0.223,1,0.342,0.067,22,0
42,133832.84,Self-Employed,757,11867.86,0.417,1,0.405,0.167,36,0
25,103153.55,Employed,765,10115.61,0.33,0,0.713,0.01,10,0
70,73322.46,Employed,727,11927.18,0.408,0,0.593,0.134,24,0
32,49889.97,Employed,700,19800.29,0.482,1,0.264,0.009,2,0
37,54440.27,Employed,686,25018.74,0.379,1,0.265,0.166,10,0
43,33632.44,Self-Employed,611,39335.87,0.368,2,0.415,0.105,28,1
62,23763.74,Employed,732,18807.96,0.573,0,0.9,0.113,39,0
58,27906.11,Employed,727,13537.58,0.431,1,0.393,0.089,36,0
59,50256.74,Employed,645,25127.41,0.379,2,0.196,0.144,34,0
32,42361.87,Employed,719,8244.03,0.356,1,0.207,0.032,26,0
63,23512.3,Employed,628,34600.83,0.265,0,0.337,0.181,52,0
62,48114.47,Employed,633,16761.27,0.163,0,0.448,0.079,28,0
44,41805.57,Employed,738,12871.69,0.451,2,0.179,0.14,13,0
48,27270.9,Employed,712,8260.04,0.541,0,0.587,0.153,55,0
22,40737.75,Self-Employed,663,21507.65,0.414,2,0.234,0.039,21,0
59,41752.87,Employed,654,12476.85,0.435,2,0.664,0.14,30,0
69,36014.66,Employed,693,13952.73,0.217,1,0.435,0.04,49,0
44,77911.99,Employed,542,5416.93,0.261,0,0.305,-0.027,25,0
48,18930.87,Self-Employed,623,11375.22,0.158,0,0.0,0.115,51,0
45,18162.25,Employed,585,10497.6,0.313,1,0.301,0.273,37,0
25,49101.4,Employed,681,18979.94,0.497,3,0.383,0.048,42,0
51,51434.46,Self-Employed,762,12574.32,0.245,1,0.393,0.141,38,0
57,60000.46,Self-Employed,716,3012.95,0.339,0,0.512,0.166,31,0
67,37440.69,Employed,642,11510.24,0.455,1,0.297,0.007,58,0
67,30978.17,Employed,627,6169.11,0.531,1,0.515,0.051,46,0
45,48841.81,Self-Employed,623,7897.43,0.103,2,0.183,0.2,9,0
68,39309.08,Employed,830,26965.96,0.278,0,0.605,0.152,28,0
47,106461.18,Retired,685,5359.41,0.239,2,0.608,0.106,47,0
53,41684.57,Employed,695,17622.05,0.218,1,0.458,-0.026,2,0
51,47734.39,Self-Employed,522,10890.74,0.293,0,0.555,0.054,22,1
70,169009.31,Retired,591,9700.95,0.058,0,0.321,0.142,51,0
57,44472.21,Retired,677,8204.23,0.295,0,0.348,-0.1,40,0
27,64736.37,Employed,643,17884.93,0.355,1,0.335,0.165,27,0
24,67721.21,Self-Employed,690,19131.34,0.194,0,0.674,0.191,46,0
41,70664.66,Employed,689,5244.37,0.278,0,0.432,0.244,68,0
46,56655.46,Employed,725,29446.03,0.353,1,0.22,0.202,21,0
54,54009.78,Unemployed,540,7246.27,0.368,1,0.375,0.132,17,0
45,51542.77,Employed,597,18641.87,0.105,0,0.284,0.162,61,0
46,36754.03,Unemployed,673,7269.33,0.455,3,0.427,0.072,50,0
67,57685.4,Employed,631,11210.01,0.459,3,0.352,0.056,31,1
37,135174.65,Employed,657,6854.9,0.239,1,0.09,0.135,36,0
45,89800.06,Employed,688,10751.02,0.602,1,0.152,0.034,48,0
48,57065.73,Employed,624,13087.53,0.418,1,0.307,0.066,48,0
44,75200.63,Employed,694,7408.69,0.397,1,0.692,0.275,49,0
69,31742.51,Employed,721,17830.48,0.452,3,0.0,0.041,23,0
69,43033.92,Retired,685,19288.4,0.195,0,0.476,0.119,31,0
46,78741.45,Self-Employed,734,74878.17,0.297,1,0.743,-0.03,64,0
43,103113.29,Self-Employed,517,25776.47,0.443,1,0.612,0.034,45,0
50,33341.79,Employed,636,29907.13,0.23,1,0.394,0.035,60,0
30,38492.01,Employed,747,5108.14,0.297,0,0.35,0.09,38,0
42,145901.63,Self-Employed,615,4559.28,0.44,1,0.541,0.03,27,0
31,51437.9,Employed,605,12354.87,0.396,1,0.732,0.077,21,0
28,121988.37,Employed,671,43134.99,0.353,0,0.558,0.059,29,0
25,54362.43,Retired,679,65161.08,0.359,0,0.441,0.084,53,0
50,55441.86,Employed,640,9773.98,0.324,0,0.666,-0.034,37,0
21,42076.92,Retired,818,10386.54,0.478,0,0.439,-0.025,13,0
53,78533.26,Employed,701,20462.24,0.664,1,0.42,0.162,20,0
42,96653.6,Employed,612,13117.53,0.394,0,0.54,0.053,70,0
39,29216.79,Employed,572,13317.57,0.542,0,0.26,0.115,22,0
59,41100.47,Retired,710,21610.61,0.284,1,1.0,0.13,39,0
47,77461.73,Employed,611,75305.68,0.248,2,0.435,0.105,48,0
57,45946.17,Self-Employed,841,32297.46,0.232,2,0.359,-0.009,30,0
56,38303.91,Employed,712,45318.74,0.212,0,0.586,-0.065,2,0
22,81208.17,Unemployed,722,4883.02,0.306,1,0.641,0.066,17,0
31,85112.28,Employed,699,28137.79,0.483,0,0.249,0.102,21,0
49,39150.91,Employed,764,8350.52,0.5,3,0.024,0.211,14,0
69,54512.39,Self-Employed,500,40371.08,0.274,0,0.327,0.256,56,0
28,26789.43,Self-Employed,590,33336.09,0.301,1,0.463,0.127,47,1
26,31327.75,Self-Employed,758,21211.29,0.35,3,0.237,0.092,54,0
68,52160.6,Employed,793,9454.67,0.385,0,0.394,0.092,22,0
69,49796.67,Unemployed,587,11044.73,0.438,1,0.372,0.094,31,1
29,30229.15,Employed,544,11594.15,0.29,0,0.04,0.043,50,0
41,34269.57,Retired,693,23327.78,0.32,1,0.545,0.207,8,1
52,28781.2,Employed,716,18813.55,0.553,2,0.598,0.065,63,0
30,61545.37,Employed,691,34614.2,0.308,1,0.443,0.126,52,0
37,18327.91,Employed,676,38812.28,0.264,0,0.485,0.124,41,1
40,29561.01,Employed,541,8890.92,0.337,0,0.256,-0.089,26,0
53,19312.91,Employed,652,19635.96,0.362,1,0.374,0.016,15,0
36,60446.28,Unemployed,663,19493.21,0.119,1,0.548,0.126,45,0
41,19903.15,Self-Employed,639,13946.53,0.283,1,0.099,0.198,58,0
35,49804.7,Employed,536,25979.39,0.413,2,0.175,0.114,41,1
58,111275.24,Employed,724,19822.72,0.651,1,0.086,0.153,45,0
28,113177.99,Self-Employed,745,10459.49,0.271,0,0.771,0.011,45,0
32,19871.59,Retired,620,13557.97,0.465,1,0.339,0.102,38,0
33,56908.77,Employed,666,11973.69,0.377,0,0.716,0.006,43,0
66,29897.03,Retired,643,9542.3,0.524,0,0.384,0.162,58,0
68,26995.68,Employed,643,14027.95,0.257,2,0.795,0.103,44,0
46,46317.03,Self-Employed,717,6780.77,0.515,0,0.671,0.239,37,0
28,90594.21,Self-Employed,719,19620.49,0.56,1,0.249,0.098,23,0
58,66159.87,Employed,761,34285.27,0.567,0,0.425,-0.026,47,0
45,34283.85,Employed,759,15218.74,0.564,0,0.179,0.126,36,0
63,69739.14,Self-Employed,667,26052.18,0.379,1,0.546,0.063,37,0
38,15964.87,Employed,850,16206.99,0.438,1,0.637,0.176,43,0
70,33641.88,Employed,796,7996.32,0.287,1,0.814,0.042,35,0
61,32469.43,Employed,631,49229.05,0.017,2,0.703,0.2,41,1
32,50978.56,Self-Employed,689,3451.42,0.388,1,0.495,-0.011,38,0
57,44293.18,Employed,531,14856.38,0.326,1,0.478,0.213,30,0
35,45673.08,Employed,682,9310.22,0.494,0,0.346,-0.01,48,0
38,44920.08,Retired,806,38139.88,0.479,1,0.801,0.037,2,0
33,49573.1,Self-Employed,850,16807.51,0.191,1,0.21,0.154,44,0
55,64219.71,Employed,671,68410.81,0.701,1,0.172,0.271,20,0
34,52821.07,Employed,705,15087.23,0.408,0,0.159,0.107,52,0
52,42524.01,Employed,725,9353.4,0.157,0,0.636,-0.012,8,0
50,59926.5,Employed,828,5291.4,0.178,0,0.612,-0.087,27,0
58,74091.92,Employed,606,28680.92,0.023,1,0.498,0.176,41,0
70,37122.82,Employed,850,8947.79,0.465,1,0.469,0.232,33,0
21,47586.23,Employed,656,11477.17,0.271,0,0.14,0.187,24,0
70,87636.54,Employed,592,30849.14,0.224,0,0.46,0.113,51,0
26,28243.53,Employed,656,27778.55,0.253,1,0.671,0.039,15,0
47,120855.52,Employed,619,10241.66,0.305,0,0.162,0.141,36,0
38,25094.97,Unemployed,711,11244.06,0.436,0,0.131,0.128,26,0
52,41246.34,Employed,556,5147.98,0.103,0,0.469,0.258,46,0
57,30482.41,Self-Employed,691,4301.39,0.19,2,0.569,0.141,26,0
63,146380.33,Employed,730,23346.88,0.42,0,0.579,0.171,35,0
41,38113.54,Employed,791,24944.91,0.261,1,0.666,0.09,30,0
67,38161.39,Employed,731,18293.95,0.437,0,0.435,0.021,34,0
37,40726.15,Employed,787,16520.13,0.275,1,0.035,0.097,37,0
31,51420.97,Unemployed,635,9665.33,0.586,2,0.514,-0.094,36,1
39,41596.82,Employed,710,35627.73,0.381,1,0.661,0.098,34,0
47,45869.54,Employed,513,5062.36,0.534,0,0.263,0.125,25,1
54,12000.0,Employed,671,11146.76,0.428,0,0.37,0.055,39,0
62,50442.02,Employed,709,16259.31,0.437,0,0.0,0.128,17,0
32,49459.2,Employed,716,14761.13,0.237,1,0.338,0.186,41,0
36,82395.36,Employed,562,14746.64,0.525,1,0.752,0.11,35,0
67,94327.73,Employed,651,10812.42,0.382,1,0.302,0.092,2,1
42,44629.3,Employed,661,20425.6,0.207,3,0.168,0.068,38,0
33,73726.28,Unemployed,648,7120.72,0.034,0,0.831,0.079,60,0
70,28260.37,Employed,734,13542.62,0.371,0,0.535,0.258,34,0
43,71946.0,Retired,664,19132.44,0.576,1,0.505,0.036,38,0
70,36818.74,Employed,687,12094.21,0.214,0,0.434,0.049,24,0
66,27109.82,Employed,643,14807.25,0.209,0,0.252,0.176,71,0
66,44676.62,Self-Employed,760,16802.93,0.303,1,0.342,0.038,69,0
50,98739.09,Employed,765,5133.32,0.515,3,0.766,0.17,61,0
60,53664.27,Employed,657,5429.6,0.074,0,0.249,0.025,66,0
69,103594.97,Retired,850,16000.21,0.252,0,0.7,0.099,22,0
34,33712.83,Retired,623,10249.36,0.199,0,0.477,0.174,16,0
22,82778.66,Employed,756,10627.36,0.434,1,0.478,0.002,78,0
37,35380.64,Employed,609,20772.9,0.329,0,0.033,0.159,33,0
52,54866.83,Self-Employed,738,8157.53,0.298,0,0.494,0.172,23,0
48,54630.16,Retired,732,3470.51,0.323,1,0.386,0.079,42,0
25,68237.25,Employed,604,39903.42,0.468,1,0.045,0.202,18,0
49,55568.42,Employed,670,30512.94,0.518,3,0.409,0.086,39,0
29,33874.16,Self-Employed,820,30281.79,0.504,0,0.306,0.092,23,0
46,76126.63,Employed,619,7536.79,0.436,0,0.458,0.157,49,0
49,116521.18,Self-Employed,710,14094.62,0.558,1,0.212,0.199,22,0
52,36610.79,Employed,705,6897.74,0.21,0,0.177,-0.1,17,0
41,19582.35,Self-Employed,677,14243.05,0.408,0,0.421,-0.067,21,0
41,62922.54,Employed,550,11982.39,0.702,0,0.313,-0.003,40,0
54,41539.9,Employed,742,7732.34,0.074,0,0.326,0.15,26,0
58,45910.47,Employed,681,19969.71,0.27,0,0.132,0.118,48,0
61,64737.04,Employed,763,12641.68,0.195,0,0.387,-0.051,35,0
37,39018.99,Employed,697,41507.12,0.393,2,0.541,0.255,44,0
42,42854.85,Employed,685,15544.59,0.566,2,0.46,0.146,21,0
37,46627.24,Unemployed,708,3201.14,0.431,1,0.319,0.079,33,0
47,102219.42,Employed,606,4977.7,0.317,1,0.039,0.14,35,0
27,49763.39,Self-Employed,797,51916.03,0.432,0,0.213,0.075,23,0
42,26427.57,Employed,652,11903.38,0.307,1,0.236,0.187,28,0
30,26958.68,Unemployed,653,17051.69,0.379,2,0.585,0.208,41,0
47,52554.97,Employed,777,14851.22,0.443,1,0.577,0.225,10,0
63,27869.44,Employed,699,34537.18,0.613,0,0.468,0.139,28,0
70,22445.56,Employed,662,4702.52,0.417,1,0.324,0.109,33,0
43,67357.4,Employed,711,32779.26,0.383,0,0.687,0.183,16,0
23,69026.74,Unemployed,727,31452.16,0.655,1,0.538,0.236,4,0
32,40779.38,Self-Employed,671,14819.45,0.057,3,0.0,0.079,34,0
26,56773.77,Self-Employed,749,18919.94,0.336,0,0.748,0.217,20,0
58,53855.55,Self-Employed,585,11821.11,0.239,1,0.364,0.056,9,0
70,66251.26,Unemployed,700,5371.43,0.314,0,0.607,0.037,22,0
48,66328.5,Retired,740,20913.95,0.441,1,0.504,0.13,39,0
29,13321.12,Self-Employed,727,17119.06,0.497,0,0.116,0.041,41,0
22,43466.7,Employed,512,17333.83,0.272,0,0.297,-0.052,31,0
69,63509.96,Employed,671,19719.76,0.45,0,0.0,0.085,52,0
36,39925.55,Employed,589,10274.29,0.215,0,0.23,0.294,45,0
26,49916.22,Self-Employed,776,36169.08,0.158,0,0.431,-0.048,17,0
29,71349.81,Employed,651,14836.99,0.361,2,0.415,0.17,26,0
33,51044.99,Employed,768,20435.45,0.317,0,0.253,0.08,3,0
53,104188.78,Self-Employed,589,12540.58,0.574,2,0.344,0.044,55,0
65,86119.67,Employed,709,27726.21,0.669,2,0.424,0.033,28,0
34,46199.21,Employed,681,15715.39,0.259,1,0.548,0.108,68,0
55,44399.21,Unemployed,850,14029.66,0.078,1,0.262,0.078,28,0
24,12000.0,Employed,768,30467.45,0.145,1,0.367,0.149,32,1
21,41637.18,Employed,764,5251.55,0.225,0,0.124,0.277,43,0
23,24918.49,Employed,832,12481.34,0.381,1,0.132,0.119,62,0
67,54754.5,Employed,701,10223.18,0.311,1,0.649,0.051,64,1
50,52914.64,Employed,673,18477.85,0.161,2,0.736,0.131,35,0
61,69419.83,Employed,664,17845.05,0.618,2,0.445,0.049,34,0
22,98551.57,Employed,705,14660.64,0.449,2,0.328,0.063,26,0
22,48381.14,Self-Employed,472,9619.99,0.614,1,0.296,0.046,63,0
63,153308.6,Employed,680,14553.42,0.08,0,0.669,0.176,45,0
26,55062.58,Employed,697,17926.25,0.541,1,0.0,0.17,26,0
28,25460.71,Employed,668,13265.73,0.328,0,0.9,0.086,49,0
46,37010.76,Employed,565,28696.43,0.291,0,0.418,-0.017,45,0
51,40685.48,Employed,669,21315.9,0.354,1,0.0,0.029,25,0
32,65911.19,Employed,565,14934.35,0.245,1,0.941,0.097,27,0
43,30527.25,Employed,813,3613.34,0.329,2,0.0,0.194,17,0
54,42235.32,Unemployed,661,12952.12,0.492,0,0.0,-0.1,52,0
43,45228.37,Employed,525,21548.42,0.056,3,0.203,0.12,27,0
40,39180.7,Retired,665,12486.26,0.575,0,0.365,0.154,17,0
24,73549.04,Employed,747,17711.21,0.409,0,0.664,0.156,57,0
43,67552.52,Self-Employed,693,12903.5,0.333,1,0.324,0.157,40,0
61,87840.99,Employed,611,16974.98,0.49,0,0.223,0.185,3,0
52,41543.13,Self-Employed,629,34221.35,0.405,2,0.332,0.082,46,0
65,89434.68,Retired,658,23671.97,0.278,0,0.331,0.16,6,0
27,24785.19,Employed,647,6786.23,0.234,3,0.717,-0.048,23,0
21,24484.8,Employed,586,5459.9,0.575,0,0.632,0.064,42,0
48,26718.17,Retired,675,19255.17,0.128,2,0.267,0.128,41,0
29,49247.1,Retired,580,29753.8,0.32,0,0.324,0.061,23,0
50,89428.0,Retired,751,5451.31,0.138,1,0.0,0.019,15,0
66,36276.63,Employed,760,13018.35,0.423,1,0.539,0.049,62,0
37,38624.93,Employed,605,61324.27,0.335,1,0.389,0.153,57,0
48,44002.03,Employed,626,12566.84,0.163,0,0.485,0.091,30,0
55,65278.24,Self-Employed,648,67205.78,0.22,0,0.539,0.097,34,1
28,38606.94,Employed,678,9007.74,0.357,0,0.742,0.131,24,0
65,37544.85,Employed,699,10015.19,0.393,1,0.314,0.122,30,0
31,25016.79,Employed,715,9683.98,0.059,0,0.412,0.218,35,0
61,36832.63,Employed,713,6853.31,0.244,1,0.745,0.194,46,0
53,88320.8,Self-Employed,797,5351.94,0.374,1,0.362,0.134,9,0
28,51300.87,Employed,685,12929.34,0.531,2,0.38,0.078,41,0
57,33862.81,Unemployed,582,16105.55,0.476,4,0.981,0.209,58,0
30,90950.62,Employed,559,9603.97,0.282,0,0.39,0.235,29,0
50,36584.99,Employed,803,11095.21,0.5,1,0.782,-0.022,20,0
68,99705.67,Employed,718,35159.33,0.303,1,0.277,0.095,51,0
68,98893.96,Employed,695,26450.92,0.0,0,0.3,0.086,18,0
64,50413.07,Employed,714,12642.18,0.566,0,0.0,0.024,15,0
45,23172.59,Unemployed,692,19109.2,0.419,0,0.535,0.062,7,1
48,154006.53,Employed,712,5531.12,0.378,0,0.558,0.071,42,0
36,59494.43,Employed,652,17357.43,0.351,1,0.42,0.187,15,0
67,41691.66,Self-Employed,759,14222.13,0.395,2,0.501,-0.01,9,0
44,79068.03,Employed,641,11795.82,0.351,1,0.593,0.121,36,0
59,69643.97,Employed,612,15058.32,0.307,0,0.074,0.039,18,0
38,94416.32,Employed,553,13666.39,0.252,0,0.415,0.2,43,0
58,35200.87,Employed,662,6713.1,0.362,1,0.765,0.11,42,0
32,57482.55,Employed,775,40451.7,0.218,0,0.338,0.176,35,0
57,27093.93,Employed,646,26120.89,0.179,0,0.097,0.109,23,0
23,68402.67,Employed,577,11699.75,0.39,0,0.638,-0.028,46,0
26,48461.61,Employed,701,5134.1,0.497,0,0.433,0.059,13,0
38,56415.8,Self-Employed,631,3382.03,0.231,0,0.394,0.239,52,0
45,45561.81,Self-Employed,796,49159.35,0.257,1,0.31,0.147,31,0
56,43239.32,Employed,761,13303.78,0.096,3,0.602,0.262,33,0
38,31757.51,Employed,585,23336.86,0.153,0,0.279,0.224,40,0
21,72781.36,Self-Employed,667,8356.23,0.158,2,0.718,0.052,54,0
37,103244.17,Employed,623,12278.16,0.496,0,0.419,-0.004,39,0
42,37110.89,Unemployed,593,12659.97,0.09,2,0.623,0.19,28,0
48,64651.74,Employed,676,17066.57,0.419,0,0.597,0.184,43,0
53,60845.42,Employed,741,15582.77,0.31,1,0.14,0.104,51,0
33,49219.68,Employed,674,8489.97,0.441,1,0.505,-0.016,50,0
51,22849.9,Self-Employed,641,8437.05,0.525,1,0.341,0.058,38,0
52,25570.67,Employed,515,14059.76,0.346,2,0.544,0.114,38,0
59,33173.58,Employed,630,5153.4,0.52,2,0.387,0.162,40,0
47,16822.92,Employed,721,9010.58,0.582,2,0.0,0.021,47,0
61,99112.95,Self-Employed,579,13460.53,0.552,0,0.574,0.183,33,1
32,58915.04,Employed,776,18741.58,0.249,2,0.0,0.164,37,0
56,48291.92,Self-Employed,636,36390.43,0.055,1,0.431,0.165,37,0
23,16397.47,Employed,695,11093.57,0.331,2,0.817,0.143,14,1
26,19693.91,Employed,650,15088.21,0.377,3,0.708,-0.073,25,0
64,48963.45,Employed,592,4815.44,0.057,2,0.489,0.125,50,0
44,131300.65,Retired,713,18049.77,0.359,0,0.288,0.069,64,0
52,34567.8,Employed,635,8555.98,0.0,1,0.386,0.147,36,0
51,75500.84,Employed,618,12271.8,0.582,0,0.631,-0.027,33,0
55,38563.01,Unemployed,502,19644.03,0.422,1,0.226,-0.061,27,0
33,50393.61,Employed,778,20142.96,0.227,1,0.492,0.148,2,0
29,89979.93,Employed,680,6171.83,0.369,1,0.213,0.029,58,0
23,41234.24,Employed,763,23888.92,0.388,0,0.338,-0.07,23,0
64,34715.71,Self-Employed,727,14424.38,0.422,0,0.296,0.015,10,0
32,99611.74,Employed,763,31580.88,0.36,1,0.491,0.087,39,0
49,50150.26,Unemployed,638,35489.01,0.492,1,0.521,0.19,35,0
43,84592.64,Self-Employed,577,38703.24,0.16,1,0.874,0.103,67,0
29,34800.1,Employed,737,6281.4,0.331,0,0.366,0.054,42,0
41,99045.75,Employed,690,18795.47,0.618,1,0.471,0.079,59,0
25,56207.96,Self-Employed,645,5730.51,0.297,0,0.659,0.16,46,0
29,60924.69,Unemployed,736,32237.01,0.386,1,0.394,0.144,26,0
27,52355.62,Unemployed,703,35110.75,0.201,0,0.421,0.157,73,0
62,38073.07,Employed,728,26551.21,0.674,1,0.534,0.24,59,0
49,48979.57,Self-Employed,603,11444.22,0.393,0,0.251,0.104,44,0
67,39289.2,Self-Employed,753,20466.57,0.161,0,0.444,0.157,52,0
42,79203.28,Retired,680,10600.46,0.514,1,0.222,-0.071,40,0
31,44288.11,Employed,761,14887.27,0.189,2,0.33,0.114,39,0
51,23196.26,Self-Employed,753,13970.1,0.453,0,0.872,-0.008,42,0
67,21168.89,Self-Employed,731,4451.49,0.504,1,0.368,0.05,67,0
47,20674.18,Unemployed,672,9084.24,0.654,0,0.449,0.063,54,0
21,66768.41,Self-Employed,733,57671.34,0.384,0,0.0,0.1,35,0
36,27563.5,Unemployed,763,14016.42,0.357,0,0.497,0.053,38,0
67,56956.49,Employed,726,16254.69,0.046,0,0.835,0.069,12,1
46,52485.24,Employed,695,14688.17,0.281,0,0.213,0.152,37,0
68,47460.15,Employed,733,11541.28,0.243,2,0.638,0.107,44,0
46,61034.99,Unemployed,641,15088.14,0.323,1,0.264,0.095,41,0
21,53058.57,Employed,794,11565.64,0.272,0,0.036,0.1,38,0
64,12646.49,Self-Employed,554,3752.7,0.468,1,0.304,0.082,25,0
59,41697.12,Retired,683,23664.62,0.266,0,0.25,0.179,49,0
56,60630.39,Retired,650,38860.04,0.421,0,0.425,0.093,50,0
69,111317.46,Self-Employed,632,7342.93,0.333,1,0.333,0.281,36,0
30,113917.39,Self-Employed,703,11525.19,0.257,1,0.18,0.136,36,0
66,24795.68,Employed,596,36314.51,0.243,0,0.517,0.16,35,1
32,41156.51,Employed,841,9294.31,0.385,0,0.658,0.075,40,0
69,22402.83,Employed,579,18631.9,0.556,2,0.543,0.144,43,1
30,104813.99,Self-Employed,609,150000.0,0.24,0,0.439,0.182,10,1
48,81342.84,Employed,602,21576.54,0.357,0,0.383,0.117,28,0
60,58413.01,Employed,695,15387.26,0.423,2,0.529,0.069,16,0
24,53265.68,Self-Employed,756,25059.95,0.347,1,0.279,0.188,27,0
24,97764.38,Employed,719,23530.39,0.086,0,0.585,0.257,53,0
63,89828.95,Unemployed,790,9923.31,0.422,1,0.118,-0.019,20,0
24,87467.48,Employed,618,5208.95,0.124,1,0.016,0.062,11,0
51,61595.24,Unemployed,729,21085.65,0.126,1,0.535,0.096,15,0
67,41166.74,Employed,657,23070.6,0.154,1,0.164,0.071,39,0
51,71938.18,Self-Employed,697,12351.02,0.326,0,0.234,0.095,46,0
45,73719.38,Self-Employed,763,39621.12,0.205,2,0.172,0.02,35,0
41,44563.98,Employed,553,35131.08,0.135,1,0.531,0.174,4,0
52,41125.17,Employed,829,23498.94,0.407,1,0.225,0.102,24,0
49,86392.54,Retired,669,12491.79,0.346,1,0.706,0.12,60,0
46,112651.93,Employed,560,4210.95,0.464,0,0.569,0.077,36,0
28,33701.65,Self-Employed,628,13298.24,0.241,0,0.458,0.045,4,0
54,42972.33,Employed,688,4906.35,0.34,1,0.752,0.047,23,0
57,58423.09,Self-Employed,628,3589.42,0.47,2,0.194,0.229,4,0
56,62523.61,Employed,526,21770.15,0.153,0,0.429,0.021,28,1
24,37752.87,Employed,687,29833.41,0.251,0,0.0,0.068,37,0
56,125713.44,Employed,626,4580.86,0.499,1,0.284,-0.045,33,0
57,60539.28,Employed,729,12658.35,0.353,0,0.11,0.139,29,0
30,63939.44,Employed,600,14610.62,0.327,0,0.6,0.171,66,0
63,118118.31,Unemployed,850,12388.91,0.344,0,0.677,-0.04,38,0
47,39162.27,Self-Employed,719,6456.82,0.533,0,0.34,0.042,30,0
44,46900.52,Retired,695,32814.38,0.346,0,0.903,0.036,47,0
57,26195.39,Self-Employed,727,6564.73,0.357,3,0.214,0.071,47,0
46,44973.32,Self-Employed,543,4584.71,0.347,1,0.139,0.144,41,0
48,23284.34,Employed,643,6472.59,0.108,0,0.281,0.098,76,0
36,71248.19,Retired,814,19708.5,0.425,1,0.484,0.1,24,0
67,60475.79,Employed,656,12577.66,0.227,0,0.608,-0.014,54,0
69,42679.13,Employed,675,9300.76,0.161,1,0.574,0.097,53,0
27,46620.15,Unemployed,645,20263.76,0.088,1,0.325,0.176,13,0
57,71734.94,Retired,790,18026.12,0.119,1,0.647,0.108,43,0
22,27780.84,Employed,662,3698.22,0.01,0,0.286,-0.06,21,0
39,54289.38,Employed,586,20141.56,0.196,1,1.0,0.202,36,0
69,69546.78,Employed,850,29993.61,0.285,2,0.636,0.208,54,0
29,20107.8,Self-Employed,577,13712.88,0.509,1,0.0,0.145,37,0
39,69041.91,Employed,673,12823.71,0.359,2,0.293,0.175,2,0
31,21225.72,Self-Employed,617,45996.7,0.388,0,0.234,0.138,47,1
57,46221.61,Employed,627,9644.17,0.542,1,0.866,0.153,11,0
44,27400.17,Employed,601,13367.79,0.0,1,0.195,0.054,28,0
50,100270.15,Self-Employed,640,18008.3,0.409,0,0.0,0.163,54,0
68,27486.2,Employed,754,15200.21,0.397,2,0.624,-0.079,17,0
47,21480.59,Self-Employed,537,12539.38,0.474,0,0.0,0.087,42,0
57,52400.74,Employed,775,15576.75,0.081,1,0.323,0.173,24,0
25,39860.79,Unemployed,762,37849.3,0.264,1,0.579,0.217,2,0
31,23102.53,Employed,718,23970.87,0.21,1,0.317,0.133,24,0
68,63761.68,Retired,689,14117.48,0.157,2,0.716,0.196,25,0
63,18110.56,Self-Employed,701,8792.34,0.697,0,0.489,0.096,16,0
53,29198.7,Employed,787,9522.35,0.265,0,0.202,0.151,35,0
39,36768.28,Retired,549,26111.48,0.489,0,0.451,0.157,36,1
30,73211.75,Employed,735,5676.03,0.456,0,0.787,-0.089,29,0
63,93688.82,Employed,624,62437.03,0.134,0,0.457,0.162,29,0
60,85083.73,Retired,742,14485.87,0.271,1,0.519,0.109,45,0
33,45404.35,Retired,634,6456.68,0.359,0,0.505,0.118,14,0
50,14564.55,Self-Employed,733,16468.18,0.409,0,0.244,0.172,53,0
51,59600.93,Retired,564,9132.33,0.4,1,0.038,0.057,25,0
44,102261.33,Employed,553,11482.83,0.613,1,0.488,0.102,30,0
67,90843.65,Employed,672,5964.24,0.487,0,0.723,0.106,21,0
27,61788.62,Employed,788,12795.37,0.449,2,0.535,0.131,17,0
33,27044.76,Employed,720,4131.59,0.495,0,0.108,-0.072,50,0
25,37697.4,Employed,720,10301.87,0.553,0,0.497,0.154,22,0
55,128914.83,Employed,745,8987.73,0.257,2,0.611,0.157,43,0
53,24140.24,Employed,650,10922.81,0.113,0,0.666,-0.004,41,0
70,27614.03,Employed,726,9334.57,0.259,0,0.54,0.041,31,0
48,78533.12,Employed,637,15068.75,0.144,0,0.461,0.191,52,0
28,39514.4,Self-Employed,656,25154.78,0.203,1,0.264,0.022,37,1
43,27149.73,Employed,666,18331.34,0.365,0,0.364,0.219,2,0
25,105238.62,Self-Employed,639,32194.7,0.267,0,0.624,0.025,25,0
54,61730.17,Self-Employed,675,10947.68,0.447,1,0.218,0.178,77,0
54,40501.71,Employed,661,17940.73,0.396,0,0.21,0.023,36,0
63,27642.58,Retired,627,18369.9,0.405,0,0.562,0.166,34,0
37,136448.6,Retired,669,29465.96,0.16,1,0.487,0.118,50,0
36,48425.13,Employed,692,9525.55,0.218,2,0.726,0.119,57,0
24,98583.98,Self-Employed,598,23701.64,0.064,1,0.604,0.017,21,0
41,76635.58,Employed,711,8827.38,0.435,1,0.283,0.099,35,0
44,37780.53,Employed,643,10488.64,0.638,0,0.745,0.037,35,0
58,37931.21,Self-Employed,695,11906.1,0.377,0,0.471,0.029,13,1
58,101028.45,Self-Employed,630,19378.2,0.39,1,0.56,0.205,32,0
28,101850.23,Unemployed,759,7690.92,0.27,1,0.327,0.329,38,0
35,19178.44,Self-Employed,752,8361.62,0.318,1,0.518,0.039,32,0
46,64530.3,Self-Employed,601,10026.25,0.541,0,0.291,0.134,66,0
37,46138.02,Employed,719,15200.23,0.364,1,0.0,0.175,47,0
22,29241.33,Employed,788,8419.04,0.446,0,0.805,0.05,40,0
63,55875.04,Employed,609,17298.64,0.545,0,0.215,0.029,35,0
57,24964.29,Employed,615,11911.99,0.515,1,0.283,0.1,47,0
47,38823.16,Self-Employed,735,21910.99,0.355,2,0.269,0.101,31,0
36,32884.71,Employed,582,15333.04,0.366,0,0.807,-0.1,11,0
63,38181.42,Employed,622,42246.67,0.292,1,0.514,0.12,16,1
22,47299.77,Employed,604,15877.97,0.425,1,0.547,0.164,39,0
43,29502.1,Employed,736,7107.93,0.288,0,0.62,0.139,54,0
61,107644.51,Employed,628,12995.26,0.403,0,0.574,0.079,28,1
68,62732.92,Employed,659,14953.25,0.506,0,0.456,-0.016,49,0
33,120244.39,Employed,624,8559.49,0.097,0,0.449,0.137,42,0
53,45250.09,Employed,766,36689.99,0.071,1,0.737,0.038,53,0
30,37257.37,Employed,616,12259.27,0.343,0,0.141,0.075,18,0
26,118090.65,Retired,574,10028.63,0.45,0,0.213,0.101,17,0
38,36716.08,Employed,571,16463.89,0.393,1,0.55,0.164,62,0
65,44839.92,Employed,732,8572.16,0.168,2,0.48,0.183,9,0
55,70264.62,Employed,737,26365.41,0.485,0,0.331,0.117,41,0
45,26400.47,Self-Employed,774,23370.07,0.636,1,0.93,0.103,59,1
35,69957.79,Employed,585,15968.52,0.22,0,0.146,0.161,41,0
28,65622.48,Employed,663,21055.81,0.241,2,0.418,0.03,57,0
34,92472.14,Retired,850,10940.18,0.354,3,0.469,0.045,55,0
28,76498.18,Retired,657,5993.12,0.331,1,0.317,0.217,48,0
30,93900.33,Employed,638,12144.55,0.53,1,0.259,0.217,41,0
55,46387.67,Employed,678,10928.08,0.393,1,0.338,-0.041,18,0
27,31845.93,Employed,720,4350.64,0.306,0,0.756,0.06,13,0
23,140785.5,Employed,718,7826.64,0.262,1,0.321,0.174,32,0
48,22848.76,Employed,634,7057.0,0.121,1,0.491,0.13,7,0
35,24022.43,Self-Employed,636,7845.72,0.555,1,0.272,0.088,44,0
43,65027.4,Employed,658,32859.16,0.444,0,0.562,0.003,72,1
27,110469.31,Employed,625,20073.65,0.336,0,0.642,0.059,36,0
31,53894.05,Employed,587,26343.68,0.366,1,0.363,0.032,41,0
43,80793.5,Employed,816,20045.36,0.334,0,0.556,0.209,17,0
55,18071.63,Employed,649,28277.07,0.085,4,0.376,0.039,33,1
41,38186.13,Employed,654,15005.27,0.137,1,0.41,0.11,36,0
48,19206.92,Employed,656,36658.59,0.319,3,0.5,0.133,31,1
47,72417.66,Employed,674,7052.69,0.317,2,0.47,0.091,41,0
34,22615.35,Employed,713,14176.72,0.348,0,0.453,0.097,25,0
34,25876.5,Self-Employed,645,7982.99,0.605,3,0.076,-0.002,37,0
42,63386.91,Employed,765,31101.8,0.307,0,0.128,0.069,42,0
22,83359.03,Employed,725,18993.95,0.236,2,0.02,0.074,56,0
55,45275.26,Unemployed,666,30092.07,0.358,0,0.092,0.052,36,0
51,65191.62,Self-Employed,630,6360.87,0.14,0,0.501,0.211,26,0
36,64144.53,Employed,761,10285.98,0.373,0,0.322,0.254,33,0
39,44015.04,Employed,668,5062.57,0.241,1,0.261,0.179,42,0
37,28357.51,Employed,587,18338.65,0.384,1,0.797,0.221,21,0
53,65019.71,Employed,757,11419.97,0.323,2,0.665,0.049,24,0
58,66605.86,Unemployed,626,23233.54,0.329,1,0.05,0.083,37,1
26,76650.56,Employed,745,15047.89,0.444,1,0.209,0.031,4,0
41,57298.7,Employed,491,4112.92,0.46,0,0.191,0.109,33,0
21,27330.27,Employed,652,5452.19,0.655,0,0.414,0.029,28,0
43,69228.65,Employed,767,15513.23,0.454,1,0.116,0.015,44,0
33,48986.96,Employed,680,19524.65,0.313,0,0.25,-0.1,22,1
37,38508.38,Employed,725,3905.84,0.255,0,0.492,0.137,28,0
43,42305.91,Employed,612,14043.48,0.402,1,0.371,0.194,34,0
37,34713.07,Retired,706,8018.92,0.569,0,0.112,0.186,24,0
40,76452.27,Self-Employed,680,7584.57,0.478,0,0.422,0.161,20,0
59,24123.52,Retired,698,9966.57,0.243,0,0.428,0.166,25,0
61,29829.62,Unemployed,833,15900.59,0.418,1,0.447,0.075,3,0
21,41589.94,Retired,778,9663.13,0.383,0,0.09,-0.026,20,0
39,109850.48,Retired,739,4484.19,0.507,3,0.616,0.014,44,0
63,83045.2,Employed,740,15825.53,0.395,0,0.291,0.076,12,0
47,21581.24,Employed,612,11963.1,0.39,1,0.147,-0.074,18,0
31,96343.34,Employed,645,8408.75,0.173,0,0.415,0.145,30,0
50,96250.56,Self-Employed,565,12274.8,0.469,1,0.546,0.133,45,0
28,27255.1,Self-Employed,585,11983.51,0.141,2,0.531,0.143,16,0
22,13894.81,Employed,614,15159.88,0.363,3,0.683,0.173,25,1
52,47282.2,Unemployed,678,12724.26,0.267,0,0.26,-0.044,55,0
46,85923.46,Self-Employed,588,16305.3,0.259,0,0.044,0.037,37,0
58,108622.19,Self-Employed,677,14340.4,0.437,1,0.328,0.007,45,0
38,31716.31,Employed,668,24144.61,0.35,0,0.0,0.054,19,0
63,117711.21,Employed,595,38209.63,0.0,1,0.217,0.043,25,0
42,16091.3,Employed,794,14631.32,0.32,2,0.326,-0.073,50,0
57,40781.13,Employed,581,10168.32,0.292,0,0.291,0.155,40,0
26,39790.95,Employed,764,6234.76,0.539,1,0.512,0.208,43,0
25,87218.22,Employed,511,21759.57,0.164,0,0.395,0.041,45,1
60,93821.68,Employed,669,8591.28,0.638,0,0.498,0.049,47,0
62,78992.79,Employed,590,60386.94,0.479,0,0.462,0.167,29,1
68,24952.39,Employed,631,78237.47,0.308,1,0.073,0.094,18,1
37,75456.34,Employed,816,12993.21,0.287,1,0.532,0.145,24,0
22,63229.17,Retired,654,5437.09,0.254,0,0.281,0.019,28,0
69,21255.75,Employed,597,21856.87,0.398,0,0.447,0.149,2,0
51,17439.5,Retired,717,52014.29,0.232,0,0.502,0.132,42,1
33,82371.49,Employed,653,6718.6,0.332,1,0.225,0.064,48,0
59,44799.41,Employed,691,46112.13,0.187,2,0.248,0.096,36,0
66,25781.41,Retired,611,4868.78,0.457,1,0.407,-0.07,25,0
35,44174.99,Self-Employed,615,6170.16,0.375,0,0.294,0.078,36,0
59,58807.26,Self-Employed,621,17771.98,0.28,0,0.778,0.102,9,0
60,47031.57,Self-Employed,740,27174.25,0.314,1,0.402,0.067,8,1
46,22561.65,Employed,663,14187.78,0.246,2,0.144,0.032,60,0
52,125841.5,Self-Employed,601,19334.6,0.397,1,0.859,0.21,4,0
34,80992.27,Employed,692,28642.52,0.162,0,0.477,0.199,47,0
67,41452.82,Self-Employed,686,30702.87,0.485,0,0.392,0.103,55,0
70,42296.21,Retired,723,10164.13,0.376,1,0.734,0.129,34,0
70,58673.51,Unemployed,644,8794.9,0.283,2,0.468,-0.045,33,0
57,27866.74,Self-Employed,674,27782.06,0.438,1,0.382,0.01,37,1
23,57603.48,Self-Employed,712,19390.3,0.408,1,0.048,0.063,2,0
39,25200.87,Employed,604,21020.21,0.193,1,0.0,0.015,25,1
43,47322.11,Employed,746,9929.74,0.546,0,0.669,0.18,56,0
68,27329.29,Unemployed,681,21651.58,0.0,0,0.466,0.05,36,0
48,28027.96,Self-Employed,597,7656.49,0.513,3,0.356,0.003,32,0
47,111620.65,Employed,597,17125.86,0.326,1,0.369,0.26,36,0
28,50494.16,Self-Employed,673,15788.9,0.499,1,0.467,0.248,24,0
60,54377.36,Employed,639,15854.48,0.566,4,0.54,0.159,16,0
37,17931.43,Unemployed,737,23593.31,0.286,0,0.229,-0.055,49,0
25,36369.98,Unemployed,658,8005.45,0.293,1,0.442,0.218,20,0
70,61734.98,Employed,703,22162.47,0.397,1,0.516,0.215,68,0
30,54017.76,Employed,616,14948.86,0.18,0,0.29,-0.038,30,0
21,16697.01,Self-Employed,678,9182.63,0.3,1,0.0,-0.081,40,0
24,54370.06,Employed,779,6680.24,0.288,0,0.231,0.056,60,0
43,58881.33,Retired,669,45853.43,0.172,1,0.113,0.129,42,0
26,93142.05,Employed,639,14162.17,0.28,0,0.661,0.214,14,0
63,35326.35,Employed,615,11932.48,0.463,0,0.188,-0.051,26,0
46,15977.96,Employed,679,7433.82,0.452,2,0.181,0.245,9,0
37,29780.66,Self-Employed,786,28372.98,0.323,1,0.257,-0.034,31,0
21,28324.08,Employed,578,27082.71,0.359,0,0.584,0.169,19,1
44,70852.42,Unemployed,676,24127.32,0.304,1,0.593,0.098,31,0
28,12602.26,Retired,551,14233.88,0.086,2,0.223,0.2,55,0
69,39176.09,Employed,649,23173.27,0.197,0,0.301,0.13,60,0
35,99997.23,Employed,700,9006.54,0.494,2,0.361,0.095,8,0
44,49197.9,Employed,561,16824.12,0.53,1,0.706,0.155,8,0
21,76738.47,Unemployed,647,14291.29,0.221,0,0.0,0.037,35,0
27,21570.91,Employed,702,17330.59,0.518,0,0.088,0.09,31,0
31,22004.57,Retired,690,4974.62,0.17,0,0.935,-0.008,14,0
23,100571.2,Unemployed,705,45334.02,0.272,0,0.659,0.159,31,0
57,51565.48,Self-Employed,607,38992.27,0.332,1,0.072,0.194,34,0
68,51618.59,Employed,702,7405.51,0.309,0,1.0,0.136,29,0
70,28027.0,Retired,635,20877.28,0.246,2,0.54,0.118,53,1
34,51554.3,Self-Employed,734,6049.99,0.369,1,0.425,0.076,50,0
60,27640.33,Self-Employed,507,15526.73,0.466,1,0.725,0.292,32,1
46,88737.27,Employed,658,3954.32,0.132,0,0.208,0.097,53,0
23,191743.79,Employed,687,12390.7,0.369,0,0.293,-0.025,48,0
25,62440.57,Employed,781,11018.65,0.495,0,0.417,0.145,36,0
48,35686.47,Retired,687,29556.09,0.288,2,0.511,0.104,2,0
42,13810.31,Self-Employed,694,40178.46,0.268,0,0.474,0.266,12,1
21,21115.61,Self-Employed,708,40724.81,0.222,1,0.445,0.099,28,1
67,106663.14,Employed,774,29583.0,0.65,1,0.313,-0.009,41,0
57,29301.8,Unemployed,651,15513.26,0.574,1,0.478,0.236,14,1
46,40724.39,Employed,575,18638.39,0.306,1,0.459,0.124,50,1
70,68027.21,Self-Employed,560,18584.11,0.527,1,0.398,0.054,56,0
69,102862.14,Employed,730,7272.16,0.271,1,0.342,0.281,41,0
69,44365.02,Retired,697,29364.91,0.327,1,0.286,0.098,42,0
33,40041.29,Self-Employed,661,22337.78,0.191,2,0.078,0.055,45,0
65,50808.07,Employed,636,22969.02,0.074,0,0.713,0.176,40,0
46,35817.11,Employed,694,3756.03,0.263,1,0.565,0.177,35,0
57,36794.01,Employed,696,19373.27,0.286,0,0.622,0.173,32,0
63,60230.86,Employed,716,26994.4,0.414,1,0.145,0.208,48,0
29,53779.4,Employed,597,14630.36,0.448,0,0.29,-0.052,47,0
43,142315.64,Employed,548,10933.15,0.332,0,0.385,0.167,13,0
27,61048.53,Employed,611,6519.5,0.201,0,0.479,0.107,33,0
34,87166.27,Employed,579,6244.84,0.251,0,0.231,0.111,41,0
41,28691.54,Self-Employed,575,16197.3,0.589,1,0.781,0.06,12,0
63,63740.7,Employed,798,12824.95,0.444,0,0.594,0.066,44,0
64,34149.71,Employed,510,12717.51,0.563,1,0.44,0.08,31,0
40,59738.18,Unemployed,715,36951.24,0.617,1,0.467,0.111,64,0
37,69165.49,Employed,748,6949.68,0.251,1,0.351,-0.076,45,0
47,50258.47,Self-Employed,754,11999.0,0.473,1,0.25,0.158,36,0
66,163352.03,Retired,701,40801.15,0.215,0,0.0,0.178,41,0
69,100106.5,Self-Employed,779,12243.43,0.505,0,0.593,0.138,36,0
32,88311.24,Employed,814,15363.85,0.474,1,0.413,0.147,11,0
30,71836.15,Employed,657,13292.35,0.033,0,0.66,0.177,33,0
56,118383.0,Unemployed,714,22549.56,0.41,0,0.528,0.119,9,0
36,23897.17,Unemployed,776,4302.6,0.222,1,0.394,0.275,29,0
30,97259.85,Employed,615,13068.85,0.299,2,0.42,0.1,36,0
22,29863.07,Self-Employed,662,15255.06,0.251,0,0.238,0.178,16,0
41,36968.83,Unemployed,633,8111.82,0.486,1,0.137,0.028,33,0
40,64906.06,Unemployed,715,18145.09,0.247,1,0.182,0.089,57,0
49,90817.75,Employed,538,23666.77,0.158,1,0.189,0.189,26,0
31,27534.96,Employed,788,19363.84,0.229,0,0.357,0.087,20,0
56,37938.72,Employed,720,42940.35,0.318,1,0.572,0.055,51,0
55,51470.6,Employed,724,11384.23,0.412,0,0.551,0.127,38,0
44,44659.26,Self-Employed,503,19913.35,0.529,2,0.066,0.103,34,0
30,75133.07,Employed,602,19645.95,0.427,0,0.589,0.026,42,0
46,273201.2,Employed,792,12818.32,0.438,1,0.431,0.069,37,0
54,60455.35,Employed,667,29145.02,0.461,2,0.554,0.117,23,0
39,33941.77,Unemployed,551,17552.33,0.473,0,0.513,-0.094,17,1
34,25635.82,Unemployed,697,7182.29,0.505,1,0.032,0.103,61,0
46,41663.18,Unemployed,731,23164.06,0.726,1,0.444,0.028,41,1
38,30634.28,Retired,720,10942.13,0.47,1,0.724,0.079,58,0
41,61930.92,Retired,669,12165.38,0.393,2,0.139,-0.002,31,0
38,61451.95,Employed,765,12718.15,0.28,2,0.197,0.071,53,0
36,38887.02,Employed,627,22952.33,0.396,0,0.0,0.244,23,1
56,132253.72,Unemployed,721,28208.86,0.523,1,0.301,0.018,11,0
44,33937.52,Self-Employed,690,13417.4,0.167,1,0.076,0.047,41,0
44,46179.19,Employed,670,12963.54,0.539,0,0.211,0.07,48,0
53,67479.65,Retired,652,4323.03,0.286,0,0.454,-0.071,50,0
39,76575.12,Employed,654,9644.12,0.315,1,0.579,-0.04,41,0
26,92854.43,Retired,682,8366.08,0.428,1,0.0,0.143,24,0
63,60733.35,Employed,658,17795.77,0.271,3,0.299,0.052,40,0
23,82905.47,Employed,735,13846.1,0.419,2,0.349,0.243,40,0
49,35152.32,Unemployed,640,8558.65,0.177,1,0.371,0.024,33,0
34,77578.14,Self-Employed,798,16181.47,0.481,2,0.576,0.248,28,0
31,77061.92,Self-Employed,636,14177.43,0.379,1,0.576,-0.041,17,0
23,104447.87,Employed,749,3215.53,0.349,1,0.595,0.086,37,0
66,21285.51,Employed,752,28702.87,0.391,0,0.453,0.027,38,1
42,31144.98,Employed,692,27079.56,0.347,2,0.345,0.16,12,0
38,73981.51,Employed,686,12800.61,0.416,0,0.288,0.046,64,0
58,13020.99,Employed,625,18243.4,0.319,2,0.533,0.056,13,1
22,62692.88,Employed,641,12146.99,0.306,0,0.215,0.091,24,0
49,83274.88,Employed,696,5638.26,0.085,0,0.216,0.303,38,0
45,36747.02,Employed,677,54080.79,0.555,0,0.51,0.209,40,0
48,39533.55,Employed,769,23152.53,0.176,0,0.564,0.062,22,0
27,28650.65,Employed,646,25961.29,0.592,0,0.4,0.022,20,0
68,37768.34,Employed,650,12447.48,0.314,2,0.54,0.028,33,0
32,38319.56,Retired,555,29015.52,0.533,0,0.341,0.01,34,0
54,34842.02,Retired,728,6488.99,0.506,1,0.367,0.181,56,0
58,33899.68,Unemployed,721,12742.62,0.494,0,0.481,0.039,18,0
38,42808.74,Employed,753,23014.68,0.357,0,0.227,0.195,35,0
27,42550.54,Self-Employed,758,10136.68,0.171,1,0.558,0.195,32,0
35,125124.68,Employed,739,25499.84,0.323,2,0.347,0.086,40,0
61,40251.7,Employed,742,17716.5,0.303,2,0.361,-0.02,30,1
66,58225.29,Retired,726,16743.58,0.335,0,0.419,0.161,50,0
67,36737.69,Employed,737,9585.05,0.166,0,0.583,-0.002,44,0
32,36504.91,Retired,542,18819.07,0.307,1,0.0,0.1,54,0
51,20906.49,Self-Employed,598,47076.42,0.0,4,0.121,0.22,36,1
28,22344.08,Employed,585,16402.22,0.305,2,0.626,-0.095,34,1
56,26809.21,Employed,775,20610.98,0.369,0,0.507,0.077,28,0
41,53736.54,Unemployed,621,22518.97,0.233,0,0.303,0.047,12,0
56,83959.25,Employed,633,7430.52,0.309,0,0.415,0.062,40,0
55,20063.7,Employed,680,13635.81,0.374,2,0.531,-0.014,41,0
70,37252.03,Employed,587,13388.96,0.502,2,0.742,0.266,43,1
45,24749.35,Retired,709,4125.96,0.508,3,0.308,0.113,28,0
38,42952.99,Employed,520,23703.63,0.396,0,0.69,-0.064,17,1
47,83942.28,Retired,592,8441.42,0.346,0,0.525,0.129,22,0
29,39204.97,Self-Employed,695,22198.5,0.403,2,0.197,0.19,38,0
26,47869.87,Employed,587,9369.21,0.62,1,0.266,0.094,51,0
46,101479.71,Employed,777,50275.23,0.425,0,0.666,0.23,11,0
62,61632.86,Self-Employed,683,12492.28,0.389,2,0.711,-0.067,59,0
47,33521.89,Employed,765,46755.94,0.511,0,0.389,0.191,3,1
60,53074.81,Employed,707,13311.37,0.357,1,0.642,0.08,62,0
29,32410.1,Employed,679,14298.62,0.222,1,0.478,0.028,19,0
43,60490.46,Unemployed,605,37795.84,0.419,1,0.385,0.163,56,0
51,63428.6,Self-Employed,750,8513.93,0.376,1,0.442,0.162,28,0
38,24746.03,Employed,713,15214.05,0.317,0,0.093,0.221,56,0
21,53507.37,Employed,836,20408.81,0.432,0,0.34,0.217,2,0
24,46222.1,Employed,742,18812.44,0.078,0,0.284,0.106,43,0
67,64365.86,Self-Employed,650,15150.88,0.269,4,0.62,-0.029,50,0
51,74285.68,Employed,702,13952.37,0.218,0,0.455,-0.046,39,0
34,62238.24,Retired,712,24535.23,0.234,0,0.348,-0.038,43,0
33,42125.28,Unemployed,767,16416.99,0.327,0,0.645,0.065,50,0
22,78171.86,Employed,779,26365.91,0.213,0,0.067,0.12,37,0
68,31680.88,Unemployed,668,18678.66,0.602,0,0.19,0.144,28,0
26,25329.85,Self-Employed,589,21809.98,0.418,0,0.678,0.146,15,1
58,12000.0,Self-Employed,541,29147.89,0.231,0,0.541,0.034,49,1
33,47331.42,Employed,595,12258.21,0.089,0,0.052,0.21,51,0
37,32507.52,Retired,636,28677.54,0.262,0,0.448,0.229,45,0
34,59806.96,Employed,793,13438.93,0.301,1,0.121,0.019,46,0
62,18295.06,Unemployed,794,6371.58,0.255,0,0.306,0.091,39,0
22,35468.87,Employed,752,12118.42,0.731,2,0.501,0.154,28,0
38,62015.21,Employed,772,9569.91,0.102,1,0.393,0.216,52,0
34,29292.36,Retired,627,18493.98,0.358,1,0.385,0.148,28,1
34,60151.9,Employed,566,12438.27,0.331,1,0.219,0.052,37,0
30,37104.32,Employed,605,15942.17,0.313,0,0.654,0.018,43,0
66,48223.22,Unemployed,527,27133.68,0.059,1,0.509,0.013,56,1
39,66011.15,Employed,596,36006.85,0.344,0,0.223,0.079,2,0
41,78936.46,Unemployed,642,17599.41,0.377,1,0.427,0.059,48,0
40,51341.07,Retired,693,28321.88,0.456,0,0.332,-0.003,28,0
70,32630.24,Employed,690,13276.0,0.422,0,0.279,0.157,42,0
37,38986.88,Employed,628,5779.69,0.533,3,0.432,0.072,7,1
38,67405.22,Retired,723,7276.51,0.043,1,0.768,0.135,24,0
37,29418.33,Retired,630,13128.95,0.315,1,0.209,-0.004,52,0
37,44844.97,Employed,681,23797.99,0.726,0,0.524,0.181,52,0
25,40419.11,Self-Employed,597,13151.32,0.509,0,0.588,0.166,32,0
51,46551.71,Employed,762,30077.36,0.132,0,0.507,0.192,60,0
22,29594.94,Employed,682,44311.03,0.363,0,0.601,0.09,35,0
32,19419.4,Self-Employed,731,8664.9,0.193,1,0.385,0.081,40,0
31,63600.16,Employed,589,52834.33,0.285,0,0.508,0.15,22,0
35,79385.08,Employed,693,5536.7,0.65,0,0.427,0.204,28,0
58,20008.5,Employed,723,44770.32,0.494,1,0.118,0.098,41,1
50,58951.07,Unemployed,527,14470.76,0.122,0,0.171,-0.025,2,0
70,84254.01,Employed,768,12839.66,0.235,1,0.632,0.064,36,0
38,66036.01,Employed,586,14693.91,0.35,1,0.299,0.208,41,0
67,39801.7,Employed,696,9136.37,0.31,3,0.329,0.162,35,0
23,30584.6,Employed,814,36349.41,0.397,0,0.568,0.125,56,0
46,51046.34,Retired,752,9747.81,0.234,1,0.373,0.066,28,0
60,55486.36,Employed,568,10522.73,0.295,0,0.556,0.237,31,0
47,51426.24,Employed,667,6453.96,0.232,2,0.377,0.017,29,0
67,44798.62,Retired,773,9524.3,0.295,0,0.173,0.101,30,0
36,28528.94,Employed,619,9699.73,0.456,0,0.624,0.139,32,1
22,60557.23,Employed,653,9316.87,0.395,0,0.219,0.134,27,0
59,62033.34,Unemployed,651,13287.47,0.245,0,0.678,0.037,52,1
24,54198.64,Self-Employed,723,7563.96,0.52,0,0.526,0.166,56,0
59,51818.21,Employed,565,38434.54,0.51,0,0.285,0.148,52,1
57,113507.56,Self-Employed,727,13471.34,0.35,0,0.531,0.115,46,0
63,35875.53,Self-Employed,633,18479.56,0.311,0,0.298,0.134,20,0
44,93033.74,Self-Employed,679,24762.23,0.614,2,0.232,0.057,34,0
65,33961.67,Employed,663,49759.79,0.591,1,0.447,0.249,66,1
29,85346.55,Unemployed,725,25487.15,0.123,1,0.571,0.209,32,0
42,90824.45,Employed,678,12724.71,0.529,0,0.461,0.048,41,0
27,42339.44,Self-Employed,788,7757.05,0.609,1,0.238,0.087,12,0
59,112474.47,Retired,754,18085.34,0.448,1,0.104,0.193,43,0
56,61976.96,Unemployed,620,27927.8,0.28,0,0.361,0.154,25,0
61,31614.27,Self-Employed,782,16077.23,0.298,1,0.159,0.111,31,0
59,40656.81,Employed,704,15353.97,0.607,3,0.378,0.022,2,1
36,86368.75,Employed,693,16782.48,0.475,1,0.392,0.031,34,0
24,77771.66,Employed,744,4808.44,0.432,0,0.557,0.108,48,0
67,28882.17,Employed,602,16121.05,0.7,1,0.542,0.236,49,0
45,45723.67,Self-Employed,577,22910.83,0.199,1,0.616,0.196,29,0
25,54271.88,Self-Employed,682,14365.58,0.336,2,0.396,0.153,46,0
67,38032.55,Employed,635,28972.6,0.378,1,0.312,0.162,49,0
70,159356.62,Employed,836,29558.65,0.318,0,0.497,-0.08,23,0
43,55095.97,Unemployed,623,10912.46,0.074,0,0.493,0.128,49,0
59,47528.93,Employed,683,19246.29,0.501,0,0.483,0.127,30,0
22,88914.06,Employed,694,15148.45,0.237,0,0.82,-0.015,15,0
25,40839.02,Employed,772,4371.58,0.235,2,0.546,0.281,24,0
34,81122.35,Employed,605,13196.25,0.296,0,0.66,0.14,38,0
53,21293.0,Self-Employed,559,7954.23,0.315,0,0.162,0.148,12,0
27,39072.45,Employed,785,16000.8,0.332,1,0.186,0.043,4,0
22,82829.14,Employed,686,22240.06,0.495,0,0.23,0.124,41,0
54,107484.17,Employed,741,12957.49,0.525,1,0.403,0.115,40,0
59,33301.31,Employed,744,8603.97,0.311,0,0.369,0.257,31,0
57,31416.52,Employed,757,16989.99,0.26,1,0.458,0.18,36,0
60,65102.82,Employed,652,63973.44,0.331,1,0.764,0.119,45,0
61,35899.66,Retired,631,4010.31,0.216,0,0.38,-0.018,9,0
51,42860.72,Unemployed,530,16978.16,0.346,3,0.506,0.003,2,1
46,75978.26,Employed,605,10654.41,0.208,2,0.417,-0.1,47,0
63,37344.8,Employed,685,11434.05,0.669,3,0.638,0.076,40,0
38,18348.21,Self-Employed,627,13865.87,0.369,0,0.54,0.144,43,0
25,25577.23,Employed,594,12010.85,0.269,0,0.389,0.109,22,0
58,49265.42,Employed,684,21185.71,0.456,2,0.611,0.154,38,0
34,19308.26,Employed,781,12770.92,0.165,0,0.534,0.274,51,0
69,42252.54,Employed,676,4035.46,0.243,1,0.59,0.027,38,0
41,24439.4,Retired,595,31818.45,0.414,0,0.41,0.026,27,0
63,111298.33,Employed,775,29073.06,0.37,1,0.546,0.112,38,0
23,144722.2,Retired,622,10259.36,0.507,2,0.35,-0.023,55,0
53,28879.91,Unemployed,791,15212.35,0.0,1,0.176,0.098,37,0
43,55735.88,Retired,660,30655.07,0.473,2,0.299,0.066,18,0
44,30327.13,Self-Employed,688,27443.88,0.268,2,0.535,0.0,61,0
34,41996.53,Unemployed,797,33336.94,0.174,1,0.518,-0.002,30,0
69,120781.05,Employed,579,18484.48,0.092,0,0.249,0.06,24,0
40,38818.64,Unemployed,601,23428.77,0.267,1,0.703,0.047,25,0
63,42488.18,Employed,656,34381.06,0.588,0,0.181,0.073,42,0
42,30599.39,Self-Employed,670,12016.41,0.495,2,0.436,0.21,26,0
23,86950.54,Self-Employed,850,19232.81,0.595,1,0.309,0.186,10,0
64,12000.0,Employed,613,4072.64,0.333,1,0.443,0.134,41,0
30,39285.13,Employed,582,5722.12,0.366,0,0.125,0.156,38,0
34,47908.92,Employed,610,19930.17,0.113,0,0.033,0.02,36,0
64,35223.24,Employed,697,21842.17,0.113,1,0.266,0.151,19,0
65,75491.3,Employed,717,11703.34,0.328,2,0.549,0.022,29,0
66,89412.31,Employed,627,10261.48,0.144,0,0.441,0.149,41,0
42,24196.91,Employed,682,11928.18,0.221,0,0.102,0.248,36,0
58,139628.88,Employed,826,16566.23,0.356,1,0.613,0.182,39,0
37,24061.55,Employed,683,3684.04,0.541,0,0.449,0.173,58,0
58,93369.06,Employed,704,19523.44,0.351,1,0.566,0.017,39,0
46,52834.19,Employed,822,15054.69,0.146,0,0.326,0.102,42,0
23,38106.85,Employed,628,17127.79,0.077,0,0.006,0.126,21,0
41,39947.31,Employed,623,13708.38,0.368,0,0.727,0.187,18,0
44,48206.23,Retired,645,6439.12,0.256,0,0.362,0.046,45,0
33,54404.87,Employed,640,7639.47,0.367,0,0.617,0.096,28,0
39,30943.64,Employed,543,36830.86,0.319,2,0.315,0.234,8,0
46,43609.49,Employed,690,10040.93,0.339,1,0.42,0.109,42,0
23,33345.02,Unemployed,696,23973.13,0.53,1,0.042,-0.075,50,1
28,26701.51,Employed,666,7712.37,0.508,0,0.218,0.015,19,0
59,32576.43,Employed,699,14632.53,0.405,0,0.726,0.052,9,0
38,27584.59,Employed,699,11334.32,0.216,2,0.592,0.024,56,0
51,39732.41,Employed,581,12425.44,0.267,1,0.661,0.126,54,0
49,60854.28,Employed,702,12040.1,0.464,1,0.507,0.197,50,0
48,52070.57,Retired,722,35113.92,0.545,0,0.455,0.212,22,0
41,131553.96,Retired,560,46933.73,0.159,0,0.61,0.218,31,1
45,16232.55,Employed,790,17027.38,0.579,0,0.601,0.059,41,0
62,61986.41,Employed,587,11526.23,0.233,1,0.466,0.088,48,0
69,49178.42,Employed,595,6650.61,0.45,2,0.421,0.099,33,1
33,73705.68,Retired,695,6381.5,0.77,1,0.611,0.341,75,0
54,70138.88,Retired,720,35228.61,0.112,0,0.172,0.138,44,0
69,45139.1,Employed,738,6117.1,0.426,2,0.334,0.096,37,0
21,53440.58,Employed,722,11336.67,0.303,0,0.093,0.034,33,0
60,33791.53,Employed,641,16206.77,0.417,1,0.191,0.203,38,0
45,66625.32,Unemployed,688,3099.7,0.257,0,0.446,0.007,41,0
69,19159.65,Employed,656,6971.9,0.0,0,0.57,0.127,18,0
49,72287.99,Employed,693,6614.0,0.237,1,0.802,0.1,17,0
62,48456.09,Employed,685,9902.84,0.402,0,0.375,0.079,24,0
29,38425.21,Employed,642,17243.83,0.552,0,0.311,0.259,30,0
28,43640.17,Retired,654,27355.32,0.411,0,0.384,0.15,37,0
67,45270.09,Employed,541,9915.62,0.571,0,0.453,0.189,28,0
47,93774.84,Employed,742,11192.56,0.276,1,0.797,0.012,35,0
48,246902.01,Self-Employed,702,13742.54,0.264,0,0.402,0.189,14,0
29,90213.59,Self-Employed,507,9105.9,0.401,1,0.159,0.217,53,0
32,36950.6,Self-Employed,739,18971.36,0.294,1,0.485,0.127,14,0
61,67163.88,Unemployed,676,19326.19,0.518,1,0.419,0.069,40,0
36,68642.32,Employed,610,2884.35,0.139,1,0.392,0.04,20,0
50,30866.28,Employed,603,21669.35,0.479,0,0.341,0.106,41,0
36,26097.64,Employed,628,15935.81,0.531,0,0.856,0.089,58,0
34,47494.04,Self-Employed,610,17244.72,0.405,0,0.289,0.056,47,0
29,73412.82,Retired,620,29964.15,0.487,0,0.062,0.142,22,0
67,21896.8,Employed,808,5055.45,0.253,0,0.268,0.121,39,0
68,34185.3,Self-Employed,708,6951.45,0.225,0,0.292,0.074,30,0
26,65272.48,Self-Employed,833,14155.47,0.403,1,0.122,0.075,15,0
38,50054.21,Retired,697,3667.17,0.242,1,0.358,-0.033,50,0
49,99522.28,Employed,723,13003.96,0.395,0,0.755,0.091,70,0
40,24205.04,Employed,614,24529.68,0.395,0,0.12,0.004,54,1
57,158908.28,Self-Employed,667,18731.9,0.34,1,0.095,0.073,17,0
34,22720.07,Unemployed,674,15481.43,0.392,1,0.564,0.128,66,0
23,17772.69,Self-Employed,727,12840.58,0.445,1,0.356,-0.045,26,0
37,47597.89,Unemployed,676,11421.78,0.335,0,0.316,0.08,29,1
50,27799.42,Employed,706,11033.73,0.278,1,0.638,0.131,24,0
30,48080.03,Self-Employed,704,16936.63,0.473,0,0.278,-0.02,37,0
61,47246.63,Employed,657,5822.38,0.391,0,0.056,0.053,4,0
21,44449.67,Employed,650,35520.64,0.418,2,0.576,-0.005,20,0
24,32170.16,Employed,630,9484.52,0.437,0,0.387,0.172,53,0
46,60859.8,Employed,761,20632.18,0.372,1,0.375,0.051,74,0
46,41828.43,Employed,657,15494.15,0.298,0,0.0,0.047,2,0
35,85121.29,Self-Employed,705,7389.51,0.257,3,0.18,0.17,51,0
33,44793.3,Unemployed,668,32067.52,0.337,0,0.356,0.081,17,1
24,30262.85,Employed,760,28250.82,0.422,0,0.166,0.246,28,0
54,21081.36,Employed,531,5753.72,0.429,1,0.61,0.144,16,0
39,44978.74,Employed,703,14127.21,0.372,0,0.386,0.137,50,0
26,25988.2,Employed,586,16720.99,0.403,2,0.347,0.14,44,1
40,24959.73,Employed,709,4260.74,0.184,3,0.614,0.205,37,0
67,63814.05,Employed,669,4136.78,0.28,0,0.272,-0.1,47,0
34,20154.14,Retired,569,8953.52,0.451,1,0.485,0.156,44,1
65,99319.45,Employed,705,6714.79,0.225,0,0.4,0.035,18,0
33,53096.07,Self-Employed,697,7894.22,0.371,3,0.585,0.005,40,1
30,47957.89,Self-Employed,663,6715.46,0.358,2,0.496,0.089,25,0
34,29220.24,Employed,672,13719.37,0.333,2,0.538,0.093,24,0
37,71839.24,Employed,692,8644.12,0.452,2,0.288,-0.04,43,0
27,48949.65,Employed,768,28807.18,0.384,0,0.277,0.005,55,0
50,34785.35,Employed,656,16451.34,0.17,1,0.38,-0.013,34,0
37,54171.62,Retired,756,23779.71,0.427,1,0.537,0.033,60,0
56,21133.34,Employed,677,5361.72,0.274,3,0.484,0.14,30,0
45,21640.82,Employed,777,10128.07,0.145,0,0.571,0.07,10,0
43,27998.52,Employed,662,16022.19,0.461,1,0.215,0.123,15,1
44,58382.04,Employed,630,19375.94,0.172,1,0.108,0.037,11,0
28,48941.0,Retired,598,10010.43,0.297,0,0.295,0.209,41,1
56,82825.36,Employed,677,10930.61,0.394,1,0.257,0.063,64,0
26,30946.19,Self-Employed,621,11673.5,0.339,0,0.193,0.172,53,0
57,65338.32,Employed,785,12348.4,0.256,0,0.354,0.105,49,0
70,46307.76,Employed,615,54096.15,0.201,1,0.119,0.038,60,1
59,30591.5,Employed,628,17817.67,0.236,2,0.278,0.273,45,0
43,59435.91,Retired,724,15122.29,0.188,1,0.188,0.199,52,0
36,47429.23,Employed,769,6936.79,0.331,2,0.143,0.083,37,0
64,35790.59,Self-Employed,735,7035.98,0.268,0,0.129,0.174,22,0
33,50061.1,Employed,759,12991.82,0.143,2,0.184,0.099,16,0
45,45946.59,Employed,674,29092.19,0.307,0,0.513,0.078,29,0
59,45394.94,Employed,675,13101.95,0.254,0,0.338,0.044,9,0
67,39882.92,Self-Employed,831,13442.99,0.39,0,0.424,0.099,30,0
67,25527.86,Employed,807,9446.98,0.404,0,0.355,0.125,30,0
25,50888.01,Employed,734,5192.63,0.551,1,0.54,0.117,48,0
65,32815.06,Retired,763,19189.85,0.447,2,0.51,0.146,33,0
26,29431.93,Employed,744,12675.04,0.187,1,0.517,0.098,54,0
50,43462.34,Employed,590,19295.33,0.024,2,0.359,-0.004,28,0
67,70757.46,Employed,677,16200.2,0.122,0,0.392,0.132,20,0
53,53788.06,Employed,792,8279.52,0.275,1,0.14,0.041,62,0
68,37587.58,Employed,734,16902.99,0.109,2,0.245,-0.034,53,0
38,36839.54,Employed,675,6804.7,0.258,3,0.562,0.079,37,0
36,67366.74,Employed,793,16823.39,0.355,0,0.278,0.055,26,0
37,14788.9,Employed,708,14218.48,0.266,2,0.344,0.03,69,1
38,73034.16,Self-Employed,737,37210.99,0.392,0,0.531,-0.008,36,0
55,19206.27,Retired,708,8776.79,0.259,0,0.452,0.119,48,0
43,24156.19,Self-Employed,721,6659.95,0.236,1,0.401,0.044,58,0
57,37906.09,Employed,726,11523.02,0.606,0,0.345,0.021,42,0
41,145083.12,Self-Employed,777,21278.48,0.345,1,0.577,0.128,18,0
36,113403.74,Employed,787,2755.53,0.367,1,0.253,0.08,32,0
30,69789.85,Self-Employed,646,24967.24,0.477,1,0.469,0.125,28,0
48,58587.18,Employed,707,13027.67,0.482,0,0.337,0.083,35,0
65,19319.33,Employed,775,7441.7,0.295,1,0.517,0.124,40,0
63,53017.59,Self-Employed,670,11840.64,0.507,1,0.536,-0.021,29,0
33,37249.33,Employed,582,9465.0,0.283,1,0.423,0.211,30,0
44,32586.89,Self-Employed,612,7079.35,0.502,0,0.63,-0.043,37,0
56,52965.79,Self-Employed,617,4613.94,0.165,0,0.551,0.164,12,0
51,38732.91,Employed,646,22886.15,0.304,1,0.335,0.086,30,0
24,75708.81,Employed,624,10554.54,0.383,3,0.446,0.27,39,0
50,18620.58,Employed,757,11673.95,0.404,0,0.455,0.1,38,0
22,50894.27,Self-Employed,659,24510.74,0.223,0,0.608,0.15,24,0
26,31585.44,Unemployed,775,15268.06,0.103,0,0.078,-0.07,27,0
53,39941.94,Employed,595,5792.68,0.419,1,0.635,0.196,12,0
26,57085.94,Unemployed,654,22107.63,0.319,2,0.057,0.134,23,1
37,28038.84,Employed,688,35965.0,0.291,0,0.496,-0.046,7,0
50,53216.09,Employed,741,19967.4,0.598,4,0.495,0.043,31,0
53,44083.06,Employed,766,8786.69,0.306,3,0.355,0.072,42,0
43,35231.88,Employed,640,6101.75,0.272,0,0.527,0.184,24,0
25,38743.32,Employed,755,8596.96,0.08,3,0.138,0.075,2,0
60,45375.34,Employed,554,15706.34,0.188,0,0.224,-0.006,48,0
68,33392.34,Unemployed,745,34743.71,0.481,0,0.167,0.06,38,0
65,49195.0,Retired,579,9361.73,0.241,3,0.254,0.141,22,0
58,42655.51,Retired,713,10003.13,0.444,0,0.627,0.088,21,0
41,36111.21,Employed,765,27251.57,0.156,1,0.669,0.15,48,0
64,108545.11,Employed,747,11379.77,0.22,0,0.379,-0.098,42,0
45,60332.12,Unemployed,557,41290.5,0.216,1,0.44,0.243,46,0
27,40483.26,Employed,646,13509.36,0.422,0,0.819,0.095,12,1
63,52729.49,Employed,734,29752.31,0.318,1,0.308,0.123,43,0
37,29336.56,Employed,732,18576.81,0.183,2,0.251,0.166,19,0
67,39403.67,Employed,701,22567.23,0.457,0,0.6,0.198,14,0
39,41771.15,Self-Employed,515,13276.61,0.424,1,0.284,0.19,35,1
64,26281.04,Employed,770,13807.99,0.401,1,0.187,0.034,42,0
47,59496.75,Employed,783,18984.0,0.394,0,0.59,-0.036,36,0
44,38070.45,Self-Employed,692,23834.37,0.222,0,0.698,0.138,36,0
35,41038.53,Employed,697,20244.47,0.539,0,0.291,0.194,17,0
62,36887.94,Employed,718,5112.95,0.335,0,0.392,0.138,5,0
24,215247.82,Employed,790,17233.48,0.39,2,0.595,-0.069,42,0
44,35196.17,Retired,699,9957.16,0.407,0,0.233,0.263,39,0
39,17425.01,Self-Employed,666,10641.02,0.208,0,0.606,0.057,28,0
48,22027.22,Employed,709,19428.6,0.634,1,0.718,0.168,28,0
33,71657.37,Self-Employed,679,40894.52,0.346,1,0.128,-0.054,36,0
54,95628.52,Retired,680,12845.76,0.355,1,0.105,0.211,29,1
40,34860.21,Employed,548,48229.61,0.288,0,0.045,0.179,46,0
30,92918.2,Employed,719,7644.95,0.522,0,0.286,0.065,46,0
30,71025.55,Employed,768,30916.51,0.529,1,0.123,0.202,34,0
55,44589.78,Unemployed,757,19118.57,0.374,0,0.639,0.114,32,0
34,43035.34,Employed,751,16732.93,0.13,0,0.188,0.166,39,0
36,53660.64,Employed,676,33856.88,0.325,0,0.311,0.09,2,0
52,76018.19,Employed,691,10077.7,0.34,3,0.479,0.043,34,0
37,59793.2,Self-Employed,769,31778.38,0.282,0,0.218,0.244,11,0
40,34947.28,Self-Employed,745,13030.02,0.203,2,0.402,0.137,41,0
33,44931.59,Employed,791,10044.05,0.117,1,0.542,-0.011,49,0
38,132009.84,Employed,630,6660.87,0.571,2,1.0,0.112,2,0
55,55581.57,Self-Employed,629,38223.75,0.461,2,0.483,0.156,45,1
47,75709.79,Employed,655,29282.83,0.355,1,0.052,0.189,33,0
70,64211.81,Self-Employed,609,11082.94,0.253,1,0.552,0.271,42,0
59,56200.38,Employed,581,20480.97,0.404,0,0.467,0.15,50,0
21,51758.78,Retired,715,15930.01,0.381,0,0.51,0.041,38,0
39,76779.68,Employed,710,11947.2,0.29,0,0.378,0.083,37,0
35,70215.27,Self-Employed,698,26340.29,0.408,2,0.593,0.204,18,0
50,55935.06,Employed,707,10145.14,0.427,0,0.345,0.044,22,0
34,34652.28,Employed,570,3964.02,0.453,1,0.467,0.116,65,0
69,59443.37,Self-Employed,644,17255.78,0.217,2,0.445,0.061,50,0
35,47405.62,Employed,658,15368.26,0.415,0,0.423,0.075,42,0
47,42018.78,Self-Employed,684,10342.71,0.527,0,0.328,0.082,21,0
27,187098.03,Employed,571,8643.37,0.394,1,0.646,0.118,40,0
66,22708.04,Employed,610,5792.74,0.681,2,0.703,0.089,28,0
66,79162.38,Unemployed,647,11877.09,0.323,1,0.825,-0.029,68,0
60,31845.92,Employed,759,8732.97,0.092,3,0.429,0.198,56,0
38,52344.27,Retired,700,26334.56,0.223,2,0.45,0.189,23,0
23,177068.82,Employed,757,20128.69,0.25,1,0.464,0.117,24,0
56,30297.35,Employed,671,11039.99,0.434,1,0.227,0.2,32,0
42,34134.49,Self-Employed,680,20203.92,0.475,1,0.595,0.159,54,0
70,48593.41,Employed,717,13842.73,0.37,0,0.342,0.164,52,0
55,32092.95,Employed,667,12560.73,0.394,1,0.531,0.126,2,0
47,76269.48,Employed,633,14287.13,0.637,0,0.147,0.161,41,0
70,37523.97,Employed,568,42735.52,0.225,0,0.525,0.018,52,0
61,67982.45,Self-Employed,635,21729.17,0.339,0,0.684,0.074,32,0
43,25220.32,Employed,743,12343.82,0.282,1,0.259,-0.017,43,0
21,19862.41,Employed,775,25243.34,0.174,0,0.307,0.005,63,0
25,43717.66,Employed,622,24703.12,0.046,0,0.301,0.2,56,0
43,22376.04,Employed,550,17254.54,0.544,0,0.301,0.134,42,0
49,104729.33,Employed,749,12122.98,0.235,0,0.7,0.061,40,0
22,22813.28,Employed,685,11652.01,0.312,0,0.433,0.023,34,0
27,29177.6,Unemployed,579,7745.85,0.415,0,0.196,-0.01,43,0
56,60283.27,Self-Employed,447,16453.53,0.172,2,0.229,0.003,32,0
58,36563.95,Employed,608,10240.23,0.225,0,0.0,0.05,51,0
22,22943.87,Employed,645,11361.3,0.347,3,0.24,-0.1,20,0
46,135941.79,Employed,594,21469.98,0.284,1,0.133,0.172,26,0
25,29708.34,Employed,732,40631.93,0.159,0,0.143,0.125,29,0
57,44438.93,Employed,619,18481.41,0.441,1,0.316,0.133,53,0
62,44152.45,Retired,681,13862.08,0.28,2,0.171,0.151,47,0
64,69923.33,Self-Employed,850,14599.49,0.371,0,0.373,0.097,40,0
50,61770.19,Employed,689,29224.97,0.359,0,0.487,0.117,40,0
52,32422.23,Employed,671,18631.73,0.495,1,0.473,0.096,5,0
67,41651.24,Self-Employed,673,16584.8,0.403,1,0.454,0.216,45,0
51,43762.77,Retired,730,17304.85,0.221,0,0.0,0.028,18,0
43,71287.75,Employed,721,6265.6,0.524,1,0.296,0.166,25,0
58,27332.7,Unemployed,605,18662.77,0.279,1,0.681,0.014,82,0
50,134464.47,Employed,649,8733.04,0.228,0,0.87,0.007,42,0
63,33537.12,Self-Employed,630,18706.95,0.206,1,0.578,-0.018,37,0
47,48806.82,Employed,659,9498.47,0.0,0,0.413,-0.054,31,0
64,27446.81,Employed,817,21050.97,0.259,0,0.217,0.12,53,0
23,25614.67,Employed,726,13469.14,0.409,1,0.675,0.017,18,0
22,31659.25,Employed,674,7426.3,0.146,2,0.366,0.126,26,0
25,30174.08,Employed,773,12401.73,0.606,0,0.345,0.231,52,0
48,39849.75,Employed,694,55466.42,0.014,0,0.653,0.063,35,0
56,30046.98,Self-Employed,557,3775.04,0.233,1,0.0,0.129,40,0
31,69409.3,Employed,805,16314.43,0.127,2,0.384,0.182,26,0
28,33140.39,Self-Employed,668,8051.88,0.488,0,0.076,0.123,43,0
64,31353.85,Employed,511,33729.43,0.448,0,0.522,0.11,27,1
58,40276.18,Self-Employed,560,24095.62,0.31,1,0.756,-0.035,10,0
53,80532.77,Employed,765,16507.1,0.137,1,0.509,0.11,49,0
45,54580.83,Employed,561,25602.86,0.17,0,0.833,0.149,21,0
42,46637.27,Employed,781,17098.45,0.387,1,0.446,0.245,16,0
22,23944.11,Retired,686,14819.09,0.249,2,0.718,0.071,20,0
30,27684.99,Self-Employed,734,10308.09,0.266,0,0.05,0.198,35,0
65,25868.86,Employed,661,11889.98,0.339,1,0.446,0.05,23,0
37,94223.57,Self-Employed,719,11176.44,0.288,4,0.109,0.175,62,0
56,63913.22,Employed,704,14856.71,0.088,0,0.484,0.033,51,0
56,31862.65,Employed,677,4744.49,0.15,1,0.33,0.11,36,0
36,36968.23,Employed,600,27386.31,0.154,0,0.357,0.048,21,0
31,32446.73,Self-Employed,707,47482.81,0.241,0,0.353,0.101,49,1
55,31478.79,Retired,544,11392.04,0.364,1,0.631,0.1,39,0
25,61706.87,Retired,750,29880.79,0.357,0,0.442,0.107,24,0
45,42456.36,Employed,695,13623.32,0.528,0,0.441,0.036,38,0
65,138771.49,Employed,715,10286.81,0.139,1,0.404,0.096,38,0
56,91599.39,Unemployed,484,11742.03,0.396,1,0.558,0.127,23,0
59,94347.51,Employed,596,15543.77,0.232,1,0.352,0.074,14,0
25,68574.67,Employed,642,9577.92,0.646,2,0.157,0.03,53,0
30,39682.69,Retired,731,21241.44,0.334,0,0.611,0.04,46,0
34,66098.11,Employed,609,10812.22,0.266,3,0.303,0.179,33,0
35,41174.88,Employed,850,7754.78,0.391,2,0.461,0.101,43,0
30,110761.89,Unemployed,660,14589.39,0.38,1,0.568,0.212,48,0
69,60002.39,Self-Employed,604,9736.52,0.293,0,0.165,0.081,29,0
29,55892.2,Retired,666,12132.11,0.439,0,0.22,0.088,30,0
56,52236.48,Self-Employed,609,14291.42,0.577,1,0.085,0.143,61,0
50,117023.87,Employed,591,6608.92,0.488,1,0.323,0.144,25,0
51,23935.66,Unemployed,756,35430.18,0.328,1,0.633,0.207,63,1
31,122902.17,Self-Employed,718,24042.7,0.616,1,0.395,-0.073,85,0
36,44664.0,Retired,719,10116.95,0.422,0,0.711,0.138,39,0
51,24268.28,Employed,776,14596.31,0.185,0,0.472,0.015,9,0
35,33654.27,Employed,717,21622.15,0.358,2,0.275,0.09,33,0
55,21473.96,Employed,600,16734.5,0.317,0,0.25,0.011,36,0
22,67970.45,Employed,733,45611.31,0.269,0,0.748,0.117,34,0
24,29168.76,Retired,596,12794.9,0.397,2,0.572,0.015,55,0
57,53334.24,Retired,644,30133.34,0.068,1,0.36,-0.052,28,0
51,86431.59,Employed,677,6629.06,0.59,1,0.43,0.007,42,0
23,35031.1,Retired,669,7270.06,0.442,2,0.302,0.191,41,0
65,42870.88,Employed,546,40565.91,0.074,4,0.0,0.153,41,0
21,25548.06,Unemployed,607,11393.82,0.44,0,0.419,0.201,21,1
68,40369.16,Self-Employed,678,7328.54,0.416,0,0.126,-0.057,49,0
57,177550.76,Self-Employed,634,14347.99,0.57,0,0.32,0.242,20,0
70,72328.0,Self-Employed,764,31520.27,0.609,0,0.123,0.29,41,0
68,42943.25,Self-Employed,777,9338.35,0.634,1,0.359,0.016,43,1
36,36103.89,Unemployed,596,14399.9,0.308,1,0.181,0.13,20,0
58,47986.9,Employed,684,4852.78,0.431,0,0.415,0.05,19,0
31,52314.32,Unemployed,799,11144.44,0.278,0,0.553,0.162,30,0
44,39753.98,Employed,670,26858.02,0.497,2,0.469,0.232,52,0
33,63897.12,Employed,649,9222.44,0.026,3,0.076,0.021,41,0
45,30432.8,Self-Employed,745,6883.32,0.159,1,0.034,-0.005,51,0
64,30357.72,Self-Employed,659,9268.08,0.285,0,0.118,0.079,52,0
42,58988.5,Retired,775,10241.38,0.341,0,0.626,0.391,46,0
25,27328.33,Employed,635,23361.12,0.375,0,0.882,0.167,34,0
37,70580.46,Employed,644,18543.35,0.541,0,0.252,0.14,2,0
60,48672.02,Employed,739,20821.98,0.252,0,0.175,0.182,45,0
47,19654.18,Unemployed,688,15018.82,0.156,1,0.705,0.193,70,0
49,51779.5,Retired,688,10179.01,0.292,1,0.308,0.127,24,0
42,21108.41,Unemployed,537,9266.68,0.259,0,0.383,0.096,34,0
35,69333.33,Employed,653,19137.34,0.433,0,0.436,0.054,62,0
50,43288.52,Unemployed,745,38307.53,0.579,1,0.249,0.118,43,0
52,123691.04,Employed,621,8396.41,0.565,2,0.229,0.192,42,0
65,83755.44,Retired,733,8016.12,0.513,0,0.383,0.187,29,0
51,28843.9,Employed,700,7468.9,0.265,1,0.31,0.056,39,0
70,17847.7,Employed,665,24316.66,0.326,1,0.008,0.091,38,0
62,33605.65,Employed,782,14396.12,0.414,2,0.202,0.004,41,0
24,26618.74,Self-Employed,655,20603.95,0.234,0,0.37,0.186,18,0
40,122133.38,Employed,660,10885.85,0.248,2,0.278,0.141,71,0
40,48768.64,Employed,664,21395.62,0.406,3,0.509,0.078,35,0
21,78175.33,Self-Employed,686,12424.42,0.145,1,0.229,0.066,20,0
30,42509.57,Retired,738,5843.26,0.514,0,0.799,0.022,24,0
59,44809.09,Self-Employed,570,25686.96,0.29,0,0.411,0.107,18,0
38,48227.59,Employed,745,14447.33,0.431,0,0.416,0.22,31,0
28,85243.71,Self-Employed,685,12256.61,0.381,0,0.287,0.037,30,0
35,57286.05,Employed,722,17479.33,0.538,1,0.342,-0.01,50,0
34,28892.38,Employed,850,6207.42,0.031,1,0.0,0.11,16,0
29,110332.86,Employed,642,19118.92,0.539,0,0.4,0.195,14,0
26,42344.43,Employed,588,10326.96,0.536,0,0.833,0.177,5,0
59,39036.01,Employed,695,13444.65,0.392,0,0.597,0.197,40,0
62,12000.0,Employed,706,29248.29,0.428,1,0.041,0.059,45,1
45,67319.13,Employed,745,21705.41,0.439,1,0.464,0.171,2,0
51,51560.25,Self-Employed,640,13282.08,0.215,1,0.498,0.13,41,0
66,51532.24,Employed,618,13895.91,0.358,1,0.734,0.079,24,0
63,40078.19,Employed,565,3176.89,0.484,1,0.227,0.102,51,0
22,36768.29,Employed,577,9016.98,0.082,2,0.903,0.166,64,0
68,40749.95,Self-Employed,649,16322.12,0.421,2,0.425,0.146,9,1
24,61795.17,Unemployed,671,9334.77,0.363,1,0.218,0.144,26,0
22,67478.13,Employed,835,6661.77,0.444,1,0.041,0.154,50,0
41,43672.95,Self-Employed,553,19694.4,0.159,0,0.374,0.068,51,0
58,78784.28,Unemployed,705,32333.74,0.238,1,0.445,-0.006,33,0
25,47122.83,Self-Employed,626,9577.4,0.141,1,0.149,0.045,49,0
35,38096.85,Employed,697,24959.41,0.139,0,0.537,0.171,42,0
34,54133.46,Employed,639,22808.38,0.475,0,0.516,-0.014,50,0
40,24842.39,Employed,758,8216.58,0.262,1,0.402,0.101,51,0
70,55069.93,Employed,757,9541.33,0.251,0,0.211,0.112,33,0
37,22672.52,Employed,672,43558.56,0.514,1,0.404,0.158,48,0
31,29323.27,Retired,788,7553.65,0.298,0,0.805,-0.002,33,0
27,17865.99,Employed,737,10245.44,0.495,0,0.197,-0.08,48,0
30,44911.16,Employed,784,48023.67,0.193,0,0.013,0.054,24,0
27,109624.57,Retired,677,10495.25,0.298,0,0.318,0.145,42,0
49,46233.58,Employed,751,33249.48,0.214,0,0.222,0.211,41,0
42,67629.04,Employed,622,7996.75,0.432,0,0.0,0.046,49,0
45,158920.12,Retired,615,16041.92,0.319,2,0.49,0.033,33,0
62,59995.69,Employed,843,28326.48,0.46,2,0.11,0.12,21,0
50,33436.19,Employed,599,11153.63,0.373,0,0.087,0.267,34,0
28,35818.35,Employed,647,15675.3,0.058,0,0.58,0.137,13,0
39,49036.94,Employed,538,23078.62,0.31,1,0.708,0.143,29,0
36,35723.09,Unemployed,617,8593.87,0.12,1,0.969,0.257,11,0
62,37084.58,Employed,605,56625.4,0.402,0,0.057,0.175,36,0
36,80227.93,Unemployed,630,27519.07,0.433,0,0.486,0.113,51,0
27,81885.58,Employed,702,11915.92,0.449,1,0.092,0.01,49,0
57,21516.04,Retired,721,12824.42,0.332,0,0.416,0.106,10,0
42,32562.46,Employed,604,46491.86,0.105,0,0.366,0.158,39,1
25,38870.77,Retired,621,11933.58,0.381,2,0.0,0.017,73,0
55,66141.02,Employed,761,11122.27,0.411,0,0.516,0.175,27,0
31,86815.27,Unemployed,808,29369.13,0.323,2,0.4,0.091,42,0
64,189280.24,Unemployed,774,6371.98,0.363,1,0.533,0.083,53,0
62,38838.35,Employed,557,14086.9,0.067,0,0.123,0.026,13,0
39,39820.44,Employed,769,15529.48,0.36,1,0.865,0.128,41,0
48,65794.07,Self-Employed,819,9679.56,0.334,2,0.458,0.155,49,0
49,34852.9,Employed,553,5771.23,0.168,0,0.473,0.014,30,0
53,45684.72,Employed,761,15389.8,0.429,2,0.704,0.141,13,0
24,39834.19,Self-Employed,697,22312.64,0.276,0,0.397,0.172,54,0
37,13215.86,Retired,655,9823.83,0.384,0,0.203,0.167,8,0
29,52136.29,Retired,688,7274.39,0.423,0,0.64,0.118,2,0
55,44748.78,Employed,713,31371.3,0.399,2,0.367,0.074,14,1
24,92560.29,Employed,767,20269.58,0.149,1,0.613,0.079,29,0
46,49155.56,Employed,763,11883.64,0.292,2,0.374,-0.011,11,0
57,26176.73,Self-Employed,567,25655.49,0.669,2,0.878,0.05,17,1
68,43085.88,Retired,631,17069.42,0.559,0,0.388,0.077,24,0
35,17230.88,Employed,687,43197.11,0.475,0,0.259,0.035,55,0
21,26756.72,Employed,798,21993.49,0.391,1,0.471,0.112,42,0
57,67356.39,Employed,475,6412.99,0.202,0,0.293,0.219,38,0
21,43318.27,Employed,634,9944.32,0.326,1,0.206,0.234,60,0
24,77750.02,Retired,565,10233.86,0.287,0,0.693,0.053,61,0
70,18334.76,Self-Employed,577,17778.34,0.337,0,0.116,0.241,21,0
64,43424.08,Employed,754,12306.79,0.133,1,0.623,0.19,20,0
56,38647.75,Employed,640,7507.27,0.493,1,0.749,0.044,25,0
62,79056.99,Employed,505,21025.35,0.0,0,0.321,0.14,39,0
24,68622.89,Self-Employed,668,26905.08,0.479,1,0.456,0.098,56,0
25,67583.97,Self-Employed,833,13882.15,0.481,0,0.213,-0.065,19,0
36,105948.14,Employed,544,16741.99,0.699,0,0.648,-0.002,34,0
22,40780.38,Employed,720,8262.36,0.313,0,0.112,0.157,33,0
65,95562.94,Retired,798,10791.11,0.272,0,0.615,-0.024,57,0
23,29082.65,Unemployed,676,11059.22,0.368,1,0.397,0.244,49,0
48,28554.25,Employed,825,20643.42,0.434,1,0.209,0.18,19,0
63,71422.86,Employed,631,17216.37,0.336,0,0.242,0.155,48,0
57,23100.96,Retired,788,12114.82,0.173,2,0.503,-0.025,31,0
32,65276.2,Self-Employed,771,11829.72,0.434,0,0.133,0.184,39,0
44,51568.0,Retired,678,4533.77,0.35,0,0.516,0.177,16,0
48,83778.05,Employed,568,38697.28,0.199,3,0.432,0.172,4,0
59,47585.25,Employed,605,4224.82,0.106,1,0.308,0.175,30,0
42,50414.01,Employed,504,19017.75,0.72,2,0.502,0.24,20,1
35,63236.22,Unemployed,725,15102.65,0.475,0,0.219,0.042,32,0
60,35195.56,Self-Employed,716,12589.15,0.434,4,0.333,0.084,25,0
65,34437.34,Employed,686,14692.38,0.333,0,0.309,0.029,36,0
45,62144.32,Retired,671,9919.03,0.453,0,0.115,0.162,39,0
22,48308.18,Retired,782,21844.17,0.192,0,0.321,0.081,46,0
46,39988.33,Employed,702,6713.39,0.38,1,0.049,-0.007,46,0
65,47033.15,Self-Employed,638,17974.13,0.386,0,0.271,0.106,55,0
70,108801.43,Self-Employed,691,9831.45,0.196,0,0.014,-0.061,37,0
41,39280.79,Employed,834,11428.25,0.334,2,0.169,0.106,16,0
28,38715.3,Self-Employed,727,11615.04,0.288,3,0.191,0.11,50,0
49,20874.38,Employed,651,13370.24,0.235,0,0.486,0.064,39,0
62,47993.63,Retired,677,19956.14,0.269,1,0.183,0.18,47,0
68,68080.2,Unemployed,715,14451.06,0.094,0,0.119,-0.045,48,0
23,74466.08,Retired,648,25842.81,0.509,0,0.31,0.108,31,0
35,51746.33,Self-Employed,642,27637.75,0.584,0,0.812,0.116,31,0
44,79056.4,Employed,679,17769.89,0.211,0,0.029,0.096,66,0
25,70658.61,Employed,794,22237.92,0.516,0,0.548,0.198,15,0
65,85517.4,Self-Employed,739,49759.59,0.345,0,0.472,0.048,28,0
26,80189.78,Employed,649,6323.34,0.348,2,0.854,0.092,48,0
54,107472.37,Self-Employed,745,28160.68,0.156,1,0.46,0.109,32,0
66,45033.12,Employed,681,37305.94,0.266,1,0.405,0.069,26,0
55,25247.21,Employed,706,19152.77,0.43,1,0.404,-0.026,47,0
59,68313.27,Employed,699,46278.26,0.204,0,0.387,0.221,56,0
34,72422.81,Self-Employed,522,42798.28,0.239,1,0.55,0.037,38,1
62,107473.3,Employed,451,12061.57,0.274,1,0.278,0.039,11,0
41,93027.01,Self-Employed,697,12628.79,0.0,2,1.0,-0.08,37,0
24,129668.47,Employed,616,20299.76,0.399,0,0.585,0.105,41,0
39,66831.31,Self-Employed,557,10153.07,0.446,2,0.354,0.114,19,1
38,54962.44,Self-Employed,618,75111.77,0.405,0,0.341,0.2,58,1
47,24526.48,Employed,749,23701.68,0.491,0,0.392,0.07,43,0
34,57185.08,Employed,707,15182.87,0.283,1,0.386,0.12,20,0
44,37188.26,Employed,738,6335.22,0.622,0,0.537,0.18,44,0
42,54489.05,Employed,714,17173.99,0.223,1,0.462,0.211,43,0
37,50375.32,Self-Employed,611,7248.94,0.316,1,0.718,0.13,26,0
55,62060.61,Employed,738,23293.98,0.302,3,0.186,0.072,16,0
36,46692.3,Unemployed,724,3290.13,0.378,0,0.389,0.196,31,0
59,78237.95,Unemployed,671,33868.3,0.314,2,0.183,0.198,25,0
33,12561.89,Employed,684,11447.34,0.335,0,0.293,-0.039,39,0
64,53905.98,Unemployed,739,5350.62,0.248,1,0.284,0.128,31,0
39,89432.99,Self-Employed,624,14620.29,0.284,1,0.57,0.178,43,0
23,124869.47,Employed,762,14914.57,0.015,2,0.258,0.158,39,0
28,70684.43,Self-Employed,722,14205.85,0.47,1,0.706,0.078,47,0
61,113827.74,Retired,680,33787.16,0.197,2,0.719,0.062,44,0
64,53341.4,Employed,795,18555.61,0.276,0,0.556,0.21,50,0
31,49091.01,Employed,583,23805.05,0.191,1,0.148,0.12,22,0
51,63876.56,Employed,645,12717.89,0.435,0,0.715,0.085,51,0
49,48942.57,Employed,629,19076.25,0.268,0,0.305,0.089,65,0
27,33150.77,Self-Employed,707,6733.88,0.0,1,0.326,0.1,54,0
43,37887.63,Employed,769,17237.83,0.392,2,0.513,0.088,12,0
55,28111.21,Self-Employed,606,9368.19,0.238,1,0.211,0.192,60,0
69,63843.4,Employed,850,32590.69,0.346,0,0.674,0.135,47,0
63,49300.82,Employed,630,15449.05,0.475,0,0.575,0.13,51,0
25,40939.76,Unemployed,707,21976.32,0.202,2,1.0,0.084,23,0
32,36925.52,Employed,680,17281.53,0.342,3,0.466,0.146,13,0
42,63103.29,Employed,683,43642.24,0.234,1,0.371,0.028,58,0
28,72419.01,Employed,621,5789.39,0.498,0,0.841,0.114,28,0
49,27854.31,Employed,760,13790.32,0.362,0,0.0,-0.03,22,0
21,25749.17,Employed,616,8299.48,0.347,1,0.45,0.08,11,0
26,79004.1,Employed,547,4316.59,0.164,0,0.37,0.058,9,0
23,24647.56,Self-Employed,596,7982.3,0.463,0,0.671,0.098,35,0
35,64456.34,Employed,788,29828.55,0.482,0,1.0,0.067,49,0
59,110024.09,Retired,774,14499.87,0.235,0,0.252,0.141,40,0
29,110152.1,Unemployed,529,12940.76,0.373,2,0.654,0.045,33,0
70,70893.66,Employed,741,23484.61,0.438,2,0.706,0.17,55,0
34,69870.92,Employed,531,15823.63,0.683,1,0.689,0.224,58,0
23,151138.77,Unemployed,678,21332.78,0.409,0,0.454,0.013,21,0
37,15257.13,Employed,589,17920.61,0.35,2,0.557,0.15,38,1
58,38864.33,Employed,747,20447.61,0.327,2,0.191,0.079,37,0
26,74925.23,Employed,722,11273.25,0.336,0,0.79,0.175,30,0
24,41413.26,Self-Employed,753,27674.11,0.465,0,0.163,0.013,42,0
63,91116.04,Employed,658,7134.67,0.218,0,0.186,0.197,57,0
50,48065.65,Employed,666,14022.41,0.49,0,0.338,0.07,5,0
38,52358.62,Employed,568,28514.07,0.119,1,0.275,0.082,39,0
58,42730.26,Self-Employed,603,13461.13,0.45,1,0.496,0.082,37,0
63,37750.14,Employed,751,11401.36,0.492,0,0.331,0.011,31,0
38,37288.68,Self-Employed,708,58282.93,0.471,0,0.209,0.163,47,0
49,56138.84,Employed,688,34584.3,0.391,1,0.153,0.052,31,0
21,33280.19,Employed,775,16074.34,0.409,1,0.661,0.14,24,0
36,78952.56,Employed,582,8247.9,0.29,1,0.516,0.079,47,1
50,67955.81,Employed,734,4354.43,0.181,1,0.114,0.083,16,0
30,84940.66,Employed,592,22588.52,0.387,2,0.54,0.18,25,0
70,27876.46,Unemployed,791,31556.07,0.36,0,0.33,-0.02,22,1
69,20957.71,Employed,721,18722.15,0.489,0,0.053,-0.084,60,0
33,48918.31,Retired,752,5290.03,0.329,2,0.127,0.044,37,0
40,208856.0,Employed,627,16255.58,0.374,0,0.624,0.092,14,0
30,92328.15,Employed,844,11024.66,0.393,0,0.697,0.08,39,0
46,37152.15,Employed,830,16268.63,0.436,1,0.555,0.039,18,0
27,60612.48,Unemployed,712,47384.79,0.492,1,0.239,0.234,39,0
40,70530.0,Employed,768,23709.73,0.207,1,0.513,0.2,15,0
48,24730.83,Employed,657,20861.17,0.455,0,0.508,-0.1,12,0
51,97227.89,Self-Employed,585,14368.5,0.323,1,0.0,0.046,46,0
50,45084.24,Employed,740,18933.44,0.446,2,0.528,0.131,26,0
32,46847.81,Self-Employed,611,9568.09,0.572,2,0.442,0.126,54,0
60,49607.25,Unemployed,778,20598.25,0.034,1,0.916,0.035,2,0
55,86878.86,Employed,759,13147.39,0.532,0,0.838,0.206,44,0
58,33604.29,Unemployed,698,9015.01,0.332,3,0.383,0.027,28,1
44,20879.33,Employed,693,24076.73,0.222,4,0.498,0.098,46,1
65,57611.51,Retired,754,3870.22,0.284,0,0.427,0.094,29,0
40,17644.35,Retired,701,10649.04,0.195,0,0.297,0.119,44,0
61,42169.32,Self-Employed,650,21332.61,0.426,0,0.1,0.054,31,0
31,88737.44,Retired,566,30784.01,0.195,0,0.253,0.139,36,0
33,65483.07,Unemployed,752,19594.84,0.531,0,0.3,0.033,55,0
47,82551.53,Employed,707,9864.99,0.454,2,0.663,0.127,36,0
48,66847.93,Employed,850,14320.4,0.384,0,0.447,0.054,26,0
58,163597.96,Employed,673,17584.35,0.045,0,0.276,0.211,21,0
35,36529.67,Employed,703,37658.75,0.152,4,0.238,0.08,42,0
64,59818.24,Self-Employed,704,25651.54,0.338,1,0.497,0.114,52,0
37,39377.1,Employed,729,25764.63,0.346,0,0.331,0.187,45,0
47,79094.66,Self-Employed,607,15355.85,0.491,1,0.168,0.117,61,0
67,47534.57,Employed,674,7765.21,0.0,0,0.195,0.164,39,0
47,115777.14,Employed,742,6351.05,0.236,0,0.788,0.004,27,0
55,37593.71,Employed,655,12323.22,0.476,1,0.372,0.144,55,0
66,99068.15,Retired,739,22463.75,0.299,2,0.642,0.084,15,0
69,65944.57,Employed,687,10925.65,0.28,0,0.012,0.169,23,0
45,48231.59,Employed,710,20812.41,0.108,0,0.66,0.139,36,0
41,64293.97,Employed,766,9165.38,0.509,2,0.571,0.142,20,0
30,55861.58,Retired,663,10054.22,0.277,1,0.596,0.156,43,0
47,58569.97,Employed,571,34365.41,0.514,1,0.048,0.182,29,0
66,44203.73,Self-Employed,660,23391.39,0.57,1,0.407,-0.065,51,0
45,34516.95,Employed,618,12284.66,0.548,1,0.22,0.038,42,0
38,41459.17,Employed,521,8970.25,0.345,1,0.142,0.099,63,0
26,21129.54,Self-Employed,672,26091.08,0.277,1,0.0,0.006,9,0
40,74680.49,Self-Employed,695,24981.13,0.267,1,0.163,0.081,42,0
32,26434.31,Self-Employed,757,21666.41,0.645,1,0.147,0.116,37,0
69,43966.2,Employed,595,13270.55,0.318,1,0.573,0.227,37,0
47,67780.01,Retired,687,7656.0,0.508,1,0.266,0.158,29,0
27,74585.27,Employed,765,14633.94,0.422,0,0.366,0.158,40,0
24,20184.58,Retired,637,34356.96,0.288,0,0.664,0.104,5,1
63,46820.48,Employed,720,8557.61,0.312,3,0.416,-0.038,5,0
67,61689.71,Employed,800,15191.21,0.528,2,0.242,0.042,23,0
59,50312.46,Employed,540,39398.19,0.355,0,0.445,-0.03,5,0
27,95993.67,Self-Employed,700,12301.3,0.282,2,0.228,0.145,41,0
25,32503.29,Self-Employed,767,13677.55,0.229,0,0.014,0.108,20,0
30,17596.92,Employed,654,6566.65,0.398,1,0.482,0.117,34,0
58,73508.99,Employed,784,21459.45,0.273,1,0.543,0.14,39,0
59,37476.03,Employed,728,9467.7,0.439,1,0.357,0.063,32,0
62,20347.83,Employed,813,5809.43,0.732,1,0.371,-0.004,45,0
25,45285.57,Unemployed,724,8332.05,0.428,2,0.307,0.065,28,0
28,90696.95,Employed,819,16731.82,0.621,0,0.74,0.137,34,0
66,26065.65,Employed,703,5721.22,0.243,0,0.466,-0.037,27,0
67,157628.77,Employed,577,6428.59,0.453,1,0.372,0.116,49,0
57,32243.1,Employed,633,20652.06,0.538,2,0.613,0.004,15,0
26,51200.54,Retired,756,14137.26,0.557,0,0.633,0.147,40,0
24,26647.05,Employed,755,8532.23,0.542,1,0.498,-0.002,58,0
23,50051.37,Retired,657,12176.21,0.352,0,0.613,0.163,42,1
55,45849.8,Self-Employed,815,41894.19,0.483,0,0.522,-0.012,26,0
63,23277.75,Employed,653,31857.85,0.197,0,0.411,0.024,40,1
52,201372.86,Employed,715,13843.07,0.591,0,0.618,0.154,25,0
34,38266.55,Self-Employed,713,24093.79,0.207,0,0.194,0.086,51,0
58,38283.29,Self-Employed,580,15876.6,0.538,0,0.19,-0.057,41,0
23,79579.99,Employed,672,5092.29,0.507,2,0.509,0.157,37,0
62,121434.15,Retired,850,4573.83,0.506,1,0.251,-0.069,56,0
65,86096.02,Employed,611,8556.1,0.66,1,0.581,0.086,36,0
56,26887.32,Employed,727,5736.18,0.508,2,0.455,0.266,13,0
64,54554.45,Employed,593,17377.65,0.151,1,0.855,0.107,36,0
50,19135.75,Self-Employed,610,10615.14,0.438,0,0.183,0.072,30,0
44,76945.49,Employed,574,19057.15,0.067,3,0.605,0.094,34,0
37,21642.32,Employed,751,19233.67,0.336,0,0.291,0.013,42,0
67,32807.07,Employed,615,22337.37,0.287,0,0.464,0.114,45,0
55,48942.39,Employed,775,8447.51,0.446,1,0.56,0.273,18,0
30,61236.78,Employed,640,20118.66,0.227,2,0.487,0.066,35,0
68,43024.83,Unemployed,690,8322.54,0.231,2,0.512,0.035,32,0
23,104772.0,Employed,711,22624.85,0.425,0,0.493,0.138,38,0
50,70376.86,Retired,559,30748.38,0.526,0,0.347,0.16,41,0
30,67667.57,Self-Employed,695,22785.78,0.35,2,0.589,0.108,34,0
54,26510.59,Self-Employed,706,13276.54,0.698,0,0.6,0.075,16,0
41,114655.12,Retired,766,20745.01,0.299,2,0.327,0.144,33,0
42,32809.3,Employed,608,5884.27,0.452,0,0.228,-0.017,52,0
54,116864.59,Employed,619,5139.84,0.401,4,0.461,0.061,18,0
58,134739.36,Employed,729,19537.24,0.299,1,0.447,-0.085,55,0
40,63343.54,Employed,786,32358.78,0.547,0,0.048,0.091,9,0
70,82125.72,Employed,636,7052.45,0.216,0,0.451,0.083,38,0
45,12000.0,Self-Employed,587,14899.91,0.039,2,0.224,0.184,25,1
29,44466.83,Unemployed,656,19212.53,0.331,1,0.0,0.032,34,0
21,85057.5,Employed,604,10211.49,0.311,1,0.487,0.183,45,0
31,77827.89,Self-Employed,710,12044.58,0.509,0,0.134,0.083,49,0
55,26639.18,Employed,599,21331.62,0.163,1,0.684,0.151,54,1
47,42325.24,Employed,753,15754.98,0.429,2,0.573,0.162,11,0
37,13791.63,Employed,696,15796.35,0.41,2,0.454,0.104,21,0
45,60264.38,Employed,755,8189.61,0.398,0,0.706,0.122,26,0
62,19117.05,Employed,498,14491.4,0.507,0,0.612,0.054,23,1
49,86270.15,Employed,548,11628.94,0.346,3,0.204,0.196,41,0
23,88553.52,Employed,777,12008.51,0.358,0,0.623,0.316,46,0
23,38669.89,Employed,626,10669.64,0.418,1,0.25,-0.017,7,0
45,63617.12,Unemployed,570,14525.08,0.335,2,0.602,0.105,18,0
41,43978.26,Employed,665,8769.48,0.147,0,0.308,0.077,32,0
63,55323.56,Self-Employed,698,14872.27,0.288,3,0.123,0.136,34,0
50,27622.07,Self-Employed,668,11860.64,0.311,1,0.494,-0.029,58,0
58,66919.54,Employed,715,8440.05,0.266,0,0.294,0.016,16,0
50,21577.52,Employed,705,4586.38,0.303,1,0.638,0.238,26,0
38,19634.33,Retired,701,26068.41,0.377,0,0.687,0.217,54,0
53,46121.56,Employed,781,23104.57,0.309,2,0.02,-0.028,27,0
52,44107.2,Employed,679,9109.63,0.478,0,0.4,0.258,45,0
57,56170.72,Unemployed,677,22225.62,0.48,1,0.543,0.041,27,0
30,35427.59,Unemployed,740,7983.46,0.0,1,0.428,0.167,30,0
53,125849.98,Self-Employed,721,12279.94,0.135,0,0.432,0.091,43,0
35,53119.67,Unemployed,612,10741.09,0.0,0,0.459,0.121,30,0
60,55074.43,Employed,673,12499.52,0.309,0,0.048,0.113,23,0
60,54101.49,Self-Employed,713,21757.37,0.3,1,0.752,0.177,45,0
52,80939.31,Employed,636,11601.34,0.373,0,0.545,0.061,21,0
68,65382.42,Unemployed,640,12042.73,0.476,0,0.257,0.251,46,0
47,61145.34,Employed,576,23061.88,0.344,2,0.235,0.191,29,0
22,70826.75,Employed,464,15321.69,0.26,1,0.591,0.074,21,0
51,19686.58,Employed,652,10351.92,0.349,2,0.458,0.106,47,0
59,20061.87,Self-Employed,690,17058.18,0.276,2,0.48,0.113,28,1
26,47191.57,Employed,598,26785.0,0.128,0,0.522,0.07,31,0
26,44407.47,Self-Employed,783,27821.1,0.494,0,0.45,0.076,5,0
34,65506.52,Employed,601,6668.98,0.414,2,0.0,0.167,17,0
63,49513.89,Employed,748,6872.43,0.567,0,0.31,0.15,52,0
47,65573.86,Employed,711,26888.41,0.164,2,0.523,0.06,37,0
69,26296.8,Employed,843,12425.28,0.108,0,0.542,0.108,51,0
64,48758.15,Self-Employed,720,3944.18,0.21,0,0.296,0.022,33,0
48,25071.11,Retired,572,9528.66,0.41,0,0.392,0.239,35,0
54,59482.0,Self-Employed,759,11345.48,0.479,3,0.656,0.163,59,0
37,19165.32,Employed,807,12239.92,0.393,0,0.709,0.095,41,0
25,58346.52,Employed,547,23364.13,0.372,2,0.473,0.116,59,0
40,23517.5,Retired,728,8454.88,0.478,0,0.596,0.167,27,0
50,40466.76,Self-Employed,745,25882.42,0.281,1,0.478,0.059,31,0
30,76685.19,Unemployed,664,17519.67,0.508,0,0.555,0.1,23,0
32,54923.14,Employed,498,6823.14,0.648,2,0.398,0.157,43,1
21,21529.3,Self-Employed,658,12189.32,0.191,0,0.268,0.004,21,0
57,35024.5,Employed,636,19866.7,0.312,0,0.807,0.145,60,0
65,23139.83,Self-Employed,795,15119.45,0.142,0,0.796,0.3,10,0
62,21007.2,Retired,673,18534.4,0.205,0,0.406,-0.031,34,0
39,51991.3,Retired,649,10379.11,0.409,1,0.487,0.173,26,0
50,64870.56,Employed,636,20596.18,0.097,1,0.438,0.002,38,1
69,61102.19,Unemployed,704,11625.11,0.233,3,0.412,-0.01,23,0
50,66258.13,Employed,684,68029.68,0.508,0,0.421,0.069,38,0
35,48729.73,Employed,621,6689.73,0.384,0,0.658,0.143,40,0
37,42757.71,Self-Employed,700,74516.1,0.465,0,0.165,0.146,43,1
57,28665.95,Employed,638,8344.11,0.156,1,0.266,0.091,61,0
43,39338.55,Employed,486,31657.64,0.36,0,0.606,0.015,34,1
62,25319.39,Self-Employed,730,24257.1,0.633,0,0.441,0.089,30,0
64,32125.88,Self-Employed,723,8554.91,0.251,0,0.685,-0.045,32,0
22,51249.62,Employed,695,21156.09,0.277,0,0.424,0.167,13,0
57,46216.72,Employed,647,10965.55,0.437,1,0.487,0.069,49,0
39,226922.54,Self-Employed,675,17411.91,0.215,0,0.364,0.189,20,0
46,25011.78,Employed,741,16134.58,0.458,4,0.706,0.022,50,0
34,46048.51,Employed,633,11973.06,0.081,0,0.601,0.143,21,0
39,24055.86,Employed,744,11390.58,0.0,1,0.161,-0.042,10,0
37,40380.69,Self-Employed,569,18115.5,0.397,0,0.546,0.208,2,0
23,41210.71,Employed,693,8584.44,0.203,1,0.637,0.135,48,0
60,74790.04,Employed,682,8780.98,0.265,0,0.402,0.071,54,0
28,39150.43,Retired,755,26186.14,0.481,1,0.563,0.065,40,0
39,44548.79,Unemployed,611,19092.13,0.444,0,0.696,0.075,19,0
30,39531.02,Employed,619,6741.24,0.166,1,0.388,0.1,17,0
29,24330.21,Self-Employed,575,8087.15,0.428,1,0.485,-0.027,28,0
39,35381.66,Retired,637,4097.34,0.305,0,0.305,0.074,48,0
66,40498.96,Employed,699,25484.2,0.413,1,0.528,0.075,30,0
68,50864.11,Employed,545,22317.93,0.347,2,0.203,0.181,12,0
40,64826.75,Self-Employed,647,7682.85,0.124,1,0.557,0.058,21,1
46,43595.17,Retired,726,21802.73,0.243,2,0.749,0.018,38,0
70,43213.66,Self-Employed,672,48596.21,0.0,1,0.217,0.095,53,1
32,20735.31,Employed,686,5862.88,0.378,1,0.706,0.147,44,0
68,64206.98,Retired,567,10208.13,0.41,0,0.408,0.108,22,0
26,34615.3,Self-Employed,672,5786.51,0.244,0,0.275,0.105,34,0
32,71222.33,Employed,682,26085.28,0.333,0,0.37,0.104,50,0
37,94676.39,Retired,668,13937.88,0.204,0,0.423,0.087,34,0
22,44624.69,Self-Employed,691,11627.6,0.538,2,0.33,0.055,11,0
61,29388.08,Unemployed,657,16923.37,0.157,0,0.668,0.037,24,1
63,48613.22,Retired,646,10570.68,0.303,0,0.357,0.102,2,0
40,58357.96,Employed,602,11603.02,0.155,2,0.487,0.126,39,0
62,41866.45,Self-Employed,753,17411.0,0.385,0,0.883,0.105,54,0
59,36974.39,Employed,588,10238.94,0.506,2,0.379,-0.044,57,1
61,64975.54,Unemployed,692,11143.47,0.039,3,0.31,0.174,34,0
61,62867.78,Unemployed,816,13441.31,0.448,4,0.334,-0.01,21,0
49,41227.27,Unemployed,763,15596.54,0.595,1,0.662,-0.006,32,0
26,21439.0,Self-Employed,718,21183.69,0.369,3,0.396,0.016,37,0
67,61585.95,Self-Employed,699,20950.9,0.249,1,0.474,0.066,53,0
51,33400.84,Employed,670,6004.39,0.344,4,0.262,0.091,40,0
66,54566.23,Employed,612,34364.21,0.268,0,0.35,0.178,10,0
68,52869.33,Employed,661,15297.89,0.645,1,0.627,0.179,47,0
30,19063.41,Unemployed,723,12100.52,0.475,0,0.094,-0.039,6,0
41,51048.98,Self-Employed,709,8585.89,0.485,0,0.023,-0.044,38,0
30,63402.99,Employed,739,48703.21,0.673,1,0.304,0.186,60,1
23,67411.86,Employed,771,60834.84,0.552,1,0.325,0.086,10,0
69,51983.56,Employed,668,45238.71,0.332,3,0.354,0.018,33,1
67,18240.63,Employed,694,15880.53,0.354,1,0.36,0.147,34,0
67,92831.43,Retired,538,18150.68,0.704,0,0.415,0.19,35,0
65,60205.04,Unemployed,849,36120.71,0.239,2,0.321,0.133,47,1
53,26858.57,Employed,649,12778.89,0.324,4,0.711,0.038,25,0
47,33061.29,Unemployed,729,20430.45,0.198,0,0.593,-0.073,45,0
70,55028.81,Employed,649,16921.35,0.077,1,0.386,0.142,31,0
48,68864.23,Employed,647,46688.85,0.218,0,0.612,0.09,37,0
53,38407.9,Self-Employed,662,34954.3,0.221,2,0.0,0.033,14,1
31,74069.77,Self-Employed,587,13591.73,0.256,1,0.486,-0.025,51,0
58,20002.58,Employed,494,36865.46,0.442,2,0.601,0.118,37,1
61,29108.06,Employed,767,14730.78,0.348,0,0.288,0.056,44,0
54,17462.62,Employed,721,10641.68,0.502,0,0.529,0.113,52,0
45,31297.62,Employed,611,12441.56,0.373,1,0.273,0.173,31,0
30,104197.0,Employed,714,16130.17,0.377,0,0.486,0.046,31,0
22,137159.69,Employed,742,9218.52,0.306,1,0.124,0.269,8,0
52,55121.51,Retired,628,10823.0,0.642,0,0.61,0.091,38,0
55,35624.38,Employed,711,6210.33,0.286,0,0.412,0.16,56,0
59,43878.51,Employed,756,9013.79,0.488,0,0.463,0.058,34,0
68,62110.48,Employed,572,16995.91,0.173,2,0.396,0.147,23,0
45,22437.96,Employed,720,27592.05,0.313,1,0.65,0.028,48,0
62,36818.3,Self-Employed,707,25550.68,0.651,1,0.467,0.152,13,0
56,100453.13,Employed,821,19108.79,0.453,1,0.619,0.299,26,0
34,29060.79,Employed,722,5898.39,0.14,0,0.292,0.013,25,0
63,33707.9,Retired,649,8807.85,0.195,0,0.536,-0.086,48,0
23,49345.25,Self-Employed,658,13115.29,0.59,1,0.758,0.051,38,0
50,56476.0,Employed,832,26309.88,0.363,1,0.767,0.124,26,0
68,35864.31,Employed,653,10571.19,0.309,0,0.0,0.107,27,0
53,50944.0,Unemployed,724,7102.11,0.233,1,0.447,0.066,38,0
67,66434.37,Self-Employed,662,35206.04,0.302,2,0.087,0.186,38,0
23,130708.63,Retired,761,9499.93,0.562,0,0.326,0.064,37,0
47,46022.14,Employed,765,7504.65,0.245,1,0.291,0.17,25,0
60,48018.97,Self-Employed,678,16922.53,0.26,1,0.544,0.07,51,0
53,105211.32,Employed,649,14327.77,0.44,0,0.381,0.028,59,0
65,37250.37,Employed,648,10937.19,0.194,2,0.248,0.109,56,0
44,25281.38,Self-Employed,550,14768.04,0.21,3,0.528,0.114,53,1
55,55554.76,Self-Employed,688,8471.27,0.351,1,0.183,0.249,71,0
41,83959.31,Employed,686,10862.28,0.355,0,0.241,0.134,25,0
64,58719.29,Employed,619,14448.16,0.229,0,0.327,0.122,25,0
26,46699.66,Self-Employed,542,4352.42,0.421,1,0.367,0.109,14,0
33,23761.06,Employed,695,26187.55,0.383,1,0.45,0.055,31,0
25,47610.82,Employed,705,6478.59,0.054,0,0.452,0.08,16,1
56,90814.79,Employed,710,8405.88,0.467,1,0.274,0.058,55,0
32,26448.15,Employed,606,26905.66,0.265,0,0.463,0.111,38,1
36,43374.47,Unemployed,710,20776.69,0.471,1,0.428,-0.023,30,0
62,40386.77,Employed,667,15558.99,0.662,2,0.411,-0.039,19,0
39,34584.04,Employed,745,5298.0,0.34,1,0.071,0.04,16,0
28,55490.19,Self-Employed,607,10265.99,0.253,0,0.508,0.031,27,0
22,61184.71,Employed,766,12968.85,0.557,2,0.536,0.123,59,0
32,60864.99,Self-Employed,793,13546.58,0.224,3,0.571,0.054,52,0
66,30079.38,Employed,689,29285.6,0.634,0,0.438,0.142,46,0
48,21525.81,Unemployed,710,48853.24,0.28,0,0.639,0.048,2,0
70,55892.99,Self-Employed,739,21352.24,0.256,1,0.51,0.275,34,0
31,38064.62,Self-Employed,603,10714.63,0.705,1,0.313,0.078,31,0
38,122903.67,Employed,644,30596.72,0.404,2,0.39,0.131,25,0
29,125775.63,Unemployed,694,10365.71,0.593,1,0.277,0.048,36,0
40,132633.49,Self-Employed,832,3058.82,0.346,3,0.186,0.065,22,0
49,30636.41,Employed,590,6976.34,0.335,1,0.557,0.133,27,0
61,65165.44,Employed,803,3557.62,0.0,1,0.347,0.1,22,0
39,75771.41,Employed,666,11727.62,0.502,1,0.555,0.158,25,0
59,71623.4,Employed,677,13266.93,0.408,0,0.813,0.181,2,0
52,41060.47,Employed,771,5678.24,0.333,0,0.632,0.265,36,0
35,92928.2,Retired,832,8844.32,0.439,0,0.191,0.157,44,0
66,49032.44,Retired,712,6274.1,0.356,0,0.278,0.103,23,0
42,52263.48,Employed,767,13681.48,0.208,0,0.528,0.067,52,0
28,22721.87,Retired,611,8847.66,0.404,0,0.494,0.044,22,0
69,67668.93,Self-Employed,640,27064.11,0.321,1,0.694,0.067,17,0
66,43036.08,Employed,579,16347.18,0.461,0,0.322,0.117,51,0
23,61845.18,Retired,641,38672.05,0.308,0,0.124,0.193,27,0
66,55135.93,Self-Employed,722,11238.95,0.28,1,0.198,0.129,39,0
68,53662.42,Employed,696,53456.3,0.268,0,0.664,0.077,13,0
62,47913.05,Employed,810,14787.12,0.217,2,0.438,0.004,33,0
33,72642.1,Employed,834,10752.8,0.272,0,0.586,0.037,30,0
52,44380.42,Retired,670,62645.15,0.415,0,0.328,0.117,29,0
47,23680.36,Employed,629,4929.02,0.238,2,0.242,0.145,30,0
52,65151.97,Employed,767,10597.71,0.174,1,0.547,0.176,38,1
51,32712.0,Employed,775,5436.93,0.468,1,0.11,0.175,37,0
52,25282.53,Employed,713,4900.22,0.329,0,0.51,0.019,43,0
46,29403.77,Employed,733,4271.49,0.465,1,0.76,0.044,5,0
55,56481.37,Retired,721,21376.65,0.317,0,0.0,0.168,58,0
47,46711.26,Employed,606,6651.31,0.264,0,0.196,0.183,32,0
21,16876.18,Retired,589,12671.8,0.089,4,0.397,0.099,27,1
22,40464.16,Employed,676,25213.87,0.181,1,0.3,0.228,40,0
68,87958.08,Employed,665,19496.83,0.219,0,0.374,0.192,32,0
66,39118.55,Employed,701,18927.14,0.392,1,0.889,0.154,37,0
50,45128.16,Employed,670,30585.85,0.334,2,0.259,0.128,29,0
29,82577.76,Unemployed,552,38779.92,0.196,0,0.355,-0.036,44,0
60,72965.69,Self-Employed,522,6967.13,0.0,2,0.185,0.025,11,0
28,81705.41,Employed,735,19730.51,0.419,1,0.093,0.092,39,0
39,12255.42,Retired,630,12539.89,0.482,0,0.498,0.229,27,1
37,116629.97,Unemployed,663,13520.94,0.495,0,0.045,0.206,8,0
21,67386.52,Employed,638,5961.72,0.205,1,0.114,0.044,52,0
61,167835.26,Employed,612,10730.35,0.504,1,0.41,0.178,29,1
46,33151.29,Self-Employed,610,11456.96,0.435,2,0.529,0.029,50,1
36,20297.94,Unemployed,756,34827.14,0.434,0,0.209,-0.1,46,1
46,49198.05,Employed,662,7382.13,0.259,0,0.237,0.254,24,0
21,42715.36,Employed,728,3528.85,0.33,1,0.041,-0.078,52,0
42,67970.7,Employed,738,14710.84,0.625,2,0.512,-0.1,31,0
46,83906.99,Employed,704,6946.13,0.602,0,0.408,0.12,25,0
37,46927.21,Employed,740,13578.65,0.343,0,0.402,0.075,20,0
62,43462.16,Self-Employed,681,21948.49,0.379,2,0.111,0.128,23,0
33,63663.07,Employed,782,13906.49,0.021,1,0.579,0.248,41,0
27,43124.03,Employed,742,11398.68,0.531,2,0.29,0.178,24,0
47,41357.5,Employed,752,13440.98,0.462,1,0.596,0.144,41,0
65,82336.31,Employed,610,24549.32,0.402,0,0.256,0.03,27,0
39,92031.75,Employed,700,7384.95,0.26,1,0.472,0.06,49,0
23,84287.02,Self-Employed,542,22858.75,0.36,0,0.234,0.146,29,0
69,45066.08,Retired,785,8081.52,0.57,0,0.612,0.065,32,0
43,16816.33,Employed,633,21189.1,0.404,0,0.134,0.164,33,0
29,45519.54,Unemployed,644,5849.7,0.745,0,0.466,0.118,38,1
51,33557.31,Retired,577,20445.26,0.472,2,0.131,0.084,36,0
36,45942.11,Employed,677,13889.34,0.212,1,0.306,0.19,21,0
67,35047.32,Retired,660,15645.41,0.288,0,0.541,0.08,64,0
35,48515.09,Employed,817,26248.55,0.244,0,0.149,-0.009,45,0
48,29154.43,Employed,744,9021.3,0.479,0,0.503,0.199,49,0
48,25839.03,Unemployed,641,14544.52,0.523,0,0.566,0.101,53,0
33,90340.92,Employed,555,17711.69,0.607,1,0.0,0.082,32,0
45,30187.14,Employed,509,12339.9,0.3,0,0.505,0.09,47,0
26,49028.93,Employed,603,22698.94,0.42,1,0.648,0.054,55,0
53,79004.29,Employed,580,17995.78,0.542,2,0.235,0.309,56,0
58,77431.74,Employed,706,10425.84,0.582,0,0.211,-0.004,49,0
68,72942.31,Employed,669,31458.96,0.165,1,0.042,0.129,32,0
37,57035.73,Retired,681,20684.45,0.443,2,0.188,0.117,55,0
35,70403.74,Employed,609,8905.81,0.171,1,0.624,0.164,16,0
48,97396.36,Unemployed,691,8852.39,0.26,2,0.308,0.072,25,0
55,60627.95,Employed,573,12942.77,0.154,0,0.51,0.199,2,1
70,19563.07,Employed,673,19312.1,0.257,0,0.263,0.073,31,0
22,37636.64,Retired,742,3912.52,0.133,0,0.375,0.061,29,0
32,69437.69,Employed,653,9133.41,0.173,0,0.674,0.107,28,0
34,35826.82,Employed,713,10441.18,0.214,1,0.696,0.128,32,0
33,110200.1,Unemployed,532,6231.72,0.395,2,0.434,0.188,19,0
44,47496.44,Employed,526,7997.94,0.355,0,0.354,-0.004,44,0
64,51155.45,Employed,705,16032.62,0.103,0,0.226,0.174,32,0
22,86023.18,Retired,759,11011.03,0.761,1,0.576,0.179,30,0
61,44737.84,Employed,662,11542.65,0.277,2,0.374,0.159,15,0
51,53537.55,Self-Employed,841,6456.33,0.151,3,0.685,0.095,20,0
51,76846.23,Employed,572,12989.41,0.437,1,0.03,0.061,21,0
54,23479.07,Employed,629,5988.29,0.349,1,0.305,0.14,42,0
26,42503.89,Employed,691,35433.67,0.228,2,0.368,0.119,76,0
58,74204.25,Self-Employed,715,42024.02,0.409,0,0.513,-0.018,39,0
33,50655.35,Employed,636,11115.55,0.249,2,0.116,0.173,47,0
46,102095.8,Retired,601,7529.14,0.306,0,0.37,0.046,48,0
54,22293.23,Self-Employed,727,24655.65,0.57,0,0.614,0.049,11,1
51,21057.23,Employed,690,21066.06,0.369,2,0.469,0.186,52,0
37,72030.38,Employed,654,45471.78,0.442,1,0.474,0.114,39,0
40,75576.72,Employed,717,53350.93,0.272,0,0.221,0.087,51,0
44,44505.81,Self-Employed,670,4376.11,0.373,0,0.352,0.071,20,0
23,59885.95,Employed,670,29590.12,0.234,3,0.175,0.081,39,0
57,71154.12,Unemployed,667,12919.53,0.228,2,0.623,0.098,45,0
25,32632.64,Employed,618,20526.11,0.288,2,0.493,0.232,34,0
43,34426.29,Retired,611,23545.95,0.246,1,0.428,-0.054,18,1
53,53898.78,Retired,641,22960.92,0.506,2,0.439,0.301,9,0
25,77037.26,Employed,682,26909.15,0.437,0,0.667,0.288,46,0
70,27365.04,Employed,540,10549.55,0.006,1,0.844,0.071,44,0
39,44401.4,Employed,751,8335.44,0.609,0,0.418,0.115,25,0
21,43385.55,Employed,681,30096.01,0.446,3,0.418,0.115,47,1
53,60414.21,Unemployed,600,8751.35,0.522,1,0.487,0.186,27,0
48,48808.06,Employed,801,45109.1,0.324,0,0.72,0.111,20,0
53,37311.55,Self-Employed,683,9333.59,0.126,0,0.571,0.131,41,0
58,91517.26,Retired,580,11748.71,0.151,1,0.488,0.195,9,0
44,37435.37,Retired,798,13170.75,0.606,0,0.57,-0.055,38,0
62,42359.66,Employed,782,5856.83,0.106,0,0.492,0.088,10,0
39,22120.3,Retired,612,5866.98,0.133,0,0.093,0.119,17,0
48,34309.83,Employed,656,25520.08,0.285,1,0.635,0.074,29,0
28,63451.94,Employed,646,5260.48,0.142,1,0.225,-0.036,45,0
51,57543.76,Employed,538,66956.45,0.43,0,0.381,0.104,4,0
34,66155.18,Employed,704,13954.04,0.442,0,0.23,0.057,46,1
55,64569.09,Employed,743,7961.67,0.412,3,0.342,0.066,53,0
61,139226.45,Employed,729,18998.8,0.258,2,0.453,0.1,39,0
63,33727.56,Employed,682,3370.63,0.393,0,0.699,-0.035,32,0
67,21813.58,Retired,751,12086.68,0.618,0,0.307,0.077,35,0
27,28990.5,Employed,595,13053.29,0.135,1,0.722,0.046,13,0
27,34481.36,Self-Employed,816,6906.91,0.518,0,0.048,-0.002,34,0
67,30116.74,Self-Employed,622,10106.47,0.471,1,0.129,0.14,40,0
40,51371.07,Employed,630,36886.98,0.334,0,0.214,-0.002,90,0
22,91704.57,Employed,637,16480.78,0.375,0,0.568,0.144,54,0
35,105855.43,Employed,631,18763.72,0.404,1,0.195,0.171,32,0
62,63079.7,Employed,666,9208.7,0.204,1,0.126,0.091,20,0
38,143005.18,Retired,663,6673.9,0.105,1,0.795,0.188,40,0
24,41019.94,Employed,690,12776.51,0.486,1,0.371,0.286,34,0
57,21671.22,Self-Employed,619,3379.31,0.163,0,0.727,0.146,40,0
30,82999.43,Unemployed,692,7645.8,0.186,2,0.627,0.076,19,0
38,19549.46,Retired,598,6963.94,0.273,1,0.577,0.195,10,0
21,33607.3,Employed,735,4344.82,0.393,1,0.677,-0.055,41,0
51,63580.12,Retired,734,21797.06,0.275,2,0.341,0.288,28,0
43,46574.54,Employed,680,13652.75,0.241,0,0.146,0.108,35,0
64,44556.96,Employed,631,10180.18,0.493,2,0.514,0.123,19,0
37,27162.84,Self-Employed,703,22084.03,0.3,1,0.323,-0.025,51,1
31,48756.74,Employed,613,5505.14,0.23,0,0.532,0.173,16,0
29,80969.78,Unemployed,683,6593.59,0.409,1,0.599,0.11,48,0
31,49512.67,Self-Employed,669,28865.3,0.359,0,0.223,0.089,34,0
43,32366.75,Self-Employed,850,58037.48,0.354,3,0.27,0.05,31,0
25,26271.26,Unemployed,588,22259.76,0.417,0,0.38,0.029,37,0
41,32702.37,Employed,480,19593.3,0.329,3,0.679,0.041,32,1
63,59645.08,Employed,632,10413.78,0.477,2,0.227,-0.03,30,0
59,58209.34,Employed,551,10558.45,0.136,1,0.804,0.116,34,1
52,32851.3,Unemployed,625,16921.86,0.536,0,0.038,0.227,27,0
65,16230.06,Self-Employed,583,33649.01,0.213,3,0.756,0.132,40,1
60,60476.27,Retired,612,19071.03,0.105,0,0.453,0.034,54,0
53,31292.89,Employed,600,26233.04,0.232,3,0.518,0.126,73,1
64,69184.44,Employed,752,8520.78,0.298,0,0.527,-0.1,50,0
27,33588.71,Unemployed,676,21378.8,0.24,0,0.0,0.236,45,0
61,29913.04,Self-Employed,761,9869.39,0.205,0,0.338,0.055,4,0
35,52922.61,Employed,683,16060.07,0.502,1,0.368,0.141,33,0
57,159348.61,Employed,750,21364.64,0.219,1,0.667,0.096,25,0
66,71290.26,Retired,657,10734.95,0.011,0,0.382,0.147,12,1
45,52475.92,Self-Employed,800,8020.48,0.297,1,0.714,0.286,50,0
25,58654.86,Employed,715,18353.17,0.657,0,0.801,-0.071,10,0
39,20423.51,Employed,622,13617.85,0.19,0,0.529,0.121,23,0
41,27968.38,Employed,726,16021.36,0.215,0,0.443,0.123,9,0
67,13968.16,Employed,682,21900.97,0.289,2,0.175,0.07,33,0
68,116417.36,Employed,665,32350.08,0.582,0,0.542,0.041,52,0
49,105207.83,Employed,687,21981.56,0.296,0,0.333,0.176,17,0
68,59659.53,Unemployed,736,20316.0,0.197,1,0.71,0.097,27,0
42,52446.95,Employed,521,10935.54,0.404,0,0.082,0.1,47,0
41,22566.12,Unemployed,654,11990.81,0.393,3,0.256,0.076,54,0
62,43929.88,Employed,731,19393.67,0.423,1,0.609,0.087,35,0
54,120113.92,Employed,699,11873.34,0.191,1,0.784,0.149,16,0
47,52350.04,Employed,596,19345.51,0.265,0,0.564,0.145,30,0
43,36963.15,Employed,502,9050.99,0.519,1,0.687,0.038,29,0
56,20352.61,Self-Employed,808,46986.23,0.411,3,0.447,0.076,26,1
58,97748.47,Retired,666,16584.22,0.471,1,0.782,0.181,15,0
45,47332.77,Self-Employed,794,15943.45,0.342,2,0.462,0.235,46,0
22,20366.22,Self-Employed,740,11052.77,0.508,0,0.523,0.235,30,0
26,30880.1,Unemployed,620,46528.13,0.394,1,0.457,0.228,8,1
28,25880.14,Self-Employed,492,6960.63,0.271,0,0.354,0.116,44,0
44,45895.77,Employed,645,9683.61,0.462,0,0.506,0.183,60,0
51,54375.53,Self-Employed,677,24640.7,0.219,3,0.468,0.129,39,0
61,38116.08,Employed,714,17048.1,0.582,0,0.513,0.041,20,0
32,72295.94,Employed,597,10445.63,0.501,1,0.0,0.09,67,0
60,50990.83,Self-Employed,693,10626.94,0.306,1,0.222,0.084,35,0
54,83379.37,Self-Employed,693,12400.17,0.322,0,0.298,0.174,47,0
23,41003.1,Employed,754,15697.92,0.37,1,0.084,0.164,29,0
38,224731.76,Retired,657,37503.09,0.324,2,0.207,0.092,25,0
36,36966.07,Employed,713,21228.44,0.548,3,0.568,0.082,46,1
65,31205.04,Self-Employed,702,27282.51,0.269,1,0.482,0.046,20,0
67,29344.19,Retired,746,11377.98,0.125,0,0.627,0.074,28,0
61,44113.87,Employed,619,20119.36,0.311,0,0.612,0.092,33,0
47,20748.56,Retired,450,5808.78,0.463,1,0.629,0.126,54,0
45,56799.42,Unemployed,662,16469.78,0.502,0,0.421,0.109,14,0
36,18908.15,Self-Employed,663,15847.65,0.367,3,0.708,0.036,51,0
59,53147.98,Retired,593,44039.85,0.255,2,0.286,0.061,47,0
25,24943.64,Self-Employed,567,37592.17,0.343,0,0.697,0.091,44,1
34,40511.99,Employed,637,12643.97,0.252,1,0.606,0.141,45,0
27,66321.55,Self-Employed,671,9042.72,0.004,2,0.554,0.06,18,0
45,155130.01,Employed,687,9192.88,0.222,2,0.407,-0.017,14,0
35,28595.36,Employed,509,12372.27,0.427,0,0.261,0.011,8,0
30,45471.51,Employed,548,32242.62,0.309,2,0.41,0.126,29,0
39,34136.44,Employed,765,18938.35,0.304,1,0.076,0.137,40,0
64,31731.49,Unemployed,666,20146.89,0.516,2,0.638,0.053,20,1
48,34286.72,Retired,680,24021.97,0.205,0,0.304,0.021,44,0
62,74015.75,Retired,580,8131.54,0.22,1,0.318,-0.012,32,0
66,38406.12,Employed,680,9648.57,0.4,0,0.008,-0.008,35,0
66,150942.82,Employed,652,20173.79,0.243,0,0.178,0.069,44,0
38,60354.43,Employed,634,9252.48,0.242,1,0.986,-0.026,35,0
64,29584.17,Employed,570,5908.55,0.582,0,0.267,0.113,17,0
66,40808.57,Employed,615,7711.37,0.189,0,0.633,0.141,58,0
68,32829.29,Employed,828,27795.15,0.24,1,0.123,-0.009,43,0
38,73132.95,Retired,654,11796.42,0.416,0,0.109,0.017,18,0
32,21603.49,Employed,739,16907.46,0.343,1,0.398,0.093,32,0
50,25072.43,Unemployed,665,7946.48,0.144,0,0.416,0.035,37,0
67,36469.33,Retired,657,18539.19,0.618,0,0.269,0.115,17,0
66,68973.21,Self-Employed,632,12559.65,0.231,2,0.401,0.179,47,0
49,90810.49,Employed,781,19297.27,0.313,1,0.231,0.084,18,0
28,97760.03,Employed,708,11084.15,0.416,0,0.669,-0.036,60,0
42,63888.89,Retired,621,19981.67,0.674,3,0.844,0.113,49,0
56,47030.67,Employed,650,10762.17,0.289,1,0.632,0.073,25,0
49,72934.2,Employed,761,14070.09,0.212,1,0.101,0.143,19,0
38,27660.2,Retired,467,12543.93,0.425,2,0.5,0.286,37,0
38,19490.28,Self-Employed,703,14999.06,0.663,2,0.274,0.023,14,0
23,60981.07,Self-Employed,720,17456.0,0.37,0,0.274,0.041,32,1
35,29648.32,Employed,624,10971.52,0.307,0,0.558,0.123,35,0
54,47445.96,Employed,692,13742.23,0.409,1,0.425,0.169,40,0
33,52042.37,Unemployed,718,16512.81,0.039,0,0.426,0.263,50,0
70,55495.64,Employed,588,20022.51,0.258,2,0.411,0.066,48,0
25,78346.44,Employed,743,14105.91,0.076,1,0.203,0.03,49,0
50,74312.73,Employed,702,8671.25,0.296,0,0.177,0.037,41,0
45,54041.09,Self-Employed,669,15550.88,0.273,1,0.339,0.065,37,0
62,39300.49,Employed,688,22075.12,0.0,1,0.358,0.08,25,1
65,51734.55,Unemployed,733,6635.05,0.377,0,0.492,0.114,5,0
48,36384.38,Employed,850,6681.65,0.443,0,0.596,0.103,37,0
52,44435.12,Employed,726,9923.62,0.321,2,0.361,-0.002,17,0
55,181513.75,Retired,741,13155.59,0.121,2,0.439,-0.023,37,0
47,53696.06,Retired,695,3951.5,0.54,1,0.602,0.091,2,0
30,61397.38,Self-Employed,823,20836.34,0.635,0,0.345,0.039,17,0
42,34449.84,Retired,570,13233.16,0.41,0,0.495,0.052,23,0
33,81636.91,Employed,550,3602.34,0.297,0,0.448,0.17,82,0
44,71692.13,Employed,691,7571.14,0.299,1,0.33,0.152,24,0
51,71946.37,Employed,730,12328.26,0.415,0,0.121,0.071,28,0
31,54581.25,Employed,487,5097.36,0.364,3,0.192,0.181,36,0
33,82215.16,Self-Employed,680,26430.57,0.415,1,0.629,0.187,47,0
62,92581.31,Unemployed,666,16516.25,0.417,1,0.045,0.209,24,0
39,56474.78,Employed,736,22179.28,0.239,0,0.791,0.225,6,0
30,46290.58,Employed,712,7963.21,0.227,1,0.251,0.084,12,0
56,76671.51,Retired,544,18898.23,0.308,0,0.011,0.189,30,0
56,31192.64,Employed,599,9932.96,0.42,0,0.281,0.076,58,0
62,34235.55,Employed,619,13154.49,0.116,0,0.0,0.197,20,0
58,47731.64,Employed,735,18245.94,0.316,2,0.025,0.081,46,0
70,20523.41,Employed,708,14156.95,0.345,0,0.422,0.102,27,0
49,74146.46,Employed,633,23981.83,0.277,0,0.056,0.02,32,0
35,30289.1,Employed,691,16049.72,0.56,1,0.067,0.019,18,0
64,38725.54,Employed,601,11182.71,0.535,1,0.412,0.133,41,0
34,44062.32,Employed,834,24482.86,0.412,1,0.416,0.178,43,0
35,49993.26,Employed,723,27783.34,0.616,0,0.509,0.017,10,0
62,41281.65,Employed,739,15561.54,0.482,0,0.451,0.206,22,0
65,47397.01,Employed,783,32914.36,0.37,0,0.387,0.197,33,0
37,47580.88,Employed,756,12819.66,0.278,2,0.525,0.132,43,0
57,39202.06,Retired,682,13673.83,0.291,0,0.6,0.176,71,0
67,33303.0,Self-Employed,666,14803.62,0.407,0,0.414,0.058,25,0
60,84182.05,Employed,777,13658.56,0.294,1,0.511,-0.014,2,0
21,17116.48,Employed,682,12254.81,0.122,2,0.0,0.058,26,0
54,44229.29,Employed,624,9615.05,0.293,0,0.303,0.195,40,0
29,38775.75,Employed,827,8131.71,0.504,0,0.716,0.201,42,0
63,60439.35,Self-Employed,610,15779.34,0.0,0,0.276,0.005,32,0
24,23691.07,Retired,550,30303.07,0.56,0,0.51,0.004,19,1
70,38181.54,Employed,754,24065.17,0.436,3,0.451,0.029,40,0
29,46575.04,Employed,625,18636.01,0.315,0,0.261,-0.055,36,0
42,83703.56,Employed,713,31241.46,0.393,0,0.499,0.051,39,0
32,57877.99,Employed,816,14936.28,0.494,1,0.299,0.139,24,0
61,27126.22,Employed,577,8157.66,0.355,3,0.291,-0.1,48,0
40,38417.24,Self-Employed,677,11972.08,0.492,1,0.289,0.094,38,0
58,76345.6,Employed,791,14237.06,0.478,1,0.208,0.213,33,0
24,26892.76,Self-Employed,731,10856.8,0.376,0,0.179,0.173,51,0
43,47130.61,Self-Employed,667,21291.01,0.183,1,0.292,0.132,30,0
66,48797.76,Employed,850,25882.54,0.335,1,0.414,0.109,48,0
67,40421.15,Retired,673,5222.47,0.044,0,0.316,0.191,26,0
31,188692.86,Unemployed,710,13530.8,0.417,2,0.302,0.14,18,0
40,39880.16,Employed,804,2586.67,0.287,1,0.964,0.078,35,0
41,61382.65,Retired,754,13975.43,0.258,0,0.559,0.175,4,0
49,33417.98,Unemployed,779,13882.01,0.448,0,0.036,-0.009,40,0
47,63823.32,Employed,613,42861.36,0.159,0,0.455,0.163,50,0
26,75765.16,Employed,772,35801.83,0.367,0,0.464,0.144,71,0
59,36534.71,Employed,693,25833.06,0.299,1,1.0,0.116,50,0
32,47698.21,Self-Employed,624,8301.21,0.323,0,0.474,0.108,62,0
36,31330.9,Retired,697,8018.41,0.393,1,0.863,0.235,39,0
63,27661.53,Employed,694,7649.29,0.624,2,0.311,0.187,56,0
55,82322.33,Employed,820,36900.13,0.41,0,0.229,0.21,38,0
40,37160.42,Employed,709,8550.41,0.554,1,0.146,0.139,56,0
66,14664.63,Self-Employed,621,11715.38,0.559,0,0.594,0.192,3,1
40,118501.17,Employed,604,8605.35,0.465,2,0.198,0.136,18,0
49,32825.22,Employed,676,6940.27,0.073,2,0.257,0.089,29,0
33,43339.23,Employed,579,18025.99,0.314,2,0.513,0.163,48,0
30,111352.18,Self-Employed,626,16187.68,0.186,1,0.328,0.079,46,0
45,45666.9,Employed,662,3886.5,0.78,2,0.433,0.194,21,1
49,45176.47,Employed,648,6760.41,0.199,0,0.123,0.003,14,0
61,26526.87,Employed,735,17207.71,0.125,1,0.0,0.08,33,0
40,21646.16,Employed,625,14138.71,0.0,0,0.683,0.046,28,0
65,45107.64,Employed,495,11607.9,0.195,0,0.655,0.287,29,0
51,58771.06,Employed,554,21235.02,0.368,0,0.346,0.048,31,0
24,57111.61,Self-Employed,679,6211.64,0.513,0,0.423,0.096,32,0
57,38536.82,Employed,636,10332.04,0.189,1,0.193,-0.065,50,0
49,49519.85,Employed,587,20147.23,0.526,0,0.343,0.237,48,0
40,19562.99,Employed,827,10000.83,0.34,1,0.933,0.036,28,0
44,61702.73,Employed,742,17810.23,0.277,3,0.794,0.221,29,0
36,53140.94,Employed,676,7422.43,0.376,2,0.462,0.017,47,0
51,131508.98,Employed,697,9006.4,0.563,1,0.0,0.023,39,0
49,49204.47,Employed,660,5067.9,0.358,1,0.515,0.167,49,0
43,30597.25,Employed,586,4297.22,0.184,0,0.342,-0.023,43,0
35,47793.19,Retired,757,11097.02,0.414,2,0.309,0.135,35,0
40,41610.18,Employed,744,19341.62,0.411,0,0.399,0.039,38,0
45,60922.26,Employed,532,13782.03,0.321,1,0.824,0.273,7,0
44,49684.39,Retired,697,29618.99,0.503,0,0.433,0.245,26,0
36,26108.77,Employed,705,11664.68,0.007,0,0.62,0.202,57,0
50,21636.31,Self-Employed,656,4137.79,0.404,0,0.494,0.287,51,0
32,55907.52,Employed,837,18151.65,0.468,1,0.487,0.051,31,0
46,97885.85,Self-Employed,829,7730.15,0.133,0,0.547,0.163,18,0
27,51004.74,Retired,652,15923.14,0.128,0,0.309,0.025,45,0
44,73618.28,Employed,663,3747.0,0.5,0,0.102,0.171,6,0
60,81340.93,Retired,654,12518.6,0.526,4,0.752,0.128,42,0
61,56016.18,Employed,634,22507.75,0.554,1,0.066,0.002,36,0
55,32622.39,Employed,611,20916.38,0.246,0,0.464,0.096,31,0
58,54049.42,Employed,718,12702.51,0.38,2,0.8,0.108,51,0
24,89638.16,Employed,827,14316.97,0.4,0,0.477,0.106,49,0
38,63891.73,Employed,796,10956.5,0.094,0,0.533,0.244,47,0
53,71262.3,Retired,739,12345.18,0.374,0,0.533,0.015,58,0
61,38899.12,Self-Employed,499,21505.51,0.371,1,0.658,0.046,27,0
50,44303.68,Unemployed,540,9415.07,0.462,1,0.7,-0.1,27,1
63,46195.44,Employed,760,9985.22,0.264,2,0.086,0.154,36,0
34,47778.5,Employed,801,5723.13,0.538,0,0.69,0.166,62,0
28,87902.12,Employed,722,21764.13,0.362,0,0.387,0.171,10,0
25,15159.96,Employed,657,12186.49,0.606,1,0.234,0.097,27,0
50,49775.05,Employed,781,6920.44,0.462,1,0.164,0.041,26,0
54,47110.53,Retired,737,24183.11,0.392,2,0.457,0.004,42,1
35,24692.37,Unemployed,765,13896.24,0.173,0,0.277,0.145,18,0
60,68588.74,Employed,541,9153.77,0.152,0,0.417,0.034,36,0
57,34123.78,Employed,706,24412.92,0.59,0,0.4,-0.034,61,0
39,41006.41,Employed,813,11642.69,0.482,0,0.465,0.183,16,0
32,123548.73,Employed,720,5572.93,0.307,0,0.576,0.071,22,0
58,81225.69,Self-Employed,751,25397.42,0.287,2,0.659,0.114,37,0
54,65332.41,Employed,683,8632.47,0.383,1,0.655,-0.1,49,0
29,59301.42,Employed,688,87502.3,0.148,0,0.734,0.097,38,1
33,45146.14,Employed,785,10936.88,0.28,0,0.343,0.081,49,0
45,133210.87,Retired,630,4264.25,0.442,0,0.239,0.249,49,0
46,73209.74,Self-Employed,622,40943.46,0.462,1,0.381,0.08,18,0
29,33699.05,Retired,644,13815.4,0.295,1,0.292,-0.1,33,0
68,24341.76,Employed,682,16662.1,0.59,0,0.111,0.081,5,0
40,65083.02,Employed,559,17969.36,0.507,0,0.344,0.101,43,0
40,47670.38,Employed,735,6316.85,0.235,1,0.551,0.205,67,0
24,23993.32,Retired,668,3894.62,0.159,2,0.666,0.096,26,0
64,60736.07,Employed,744,46148.72,0.439,0,0.379,0.065,30,0
32,42851.09,Self-Employed,521,5593.5,0.282,1,0.638,0.088,24,0
70,63916.48,Employed,744,38184.9,0.254,1,0.401,0.336,57,0
45,61136.85,Employed,780,19599.76,0.383,2,0.0,0.142,45,0
64,36165.76,Employed,713,15875.35,0.458,1,0.101,0.076,31,0
29,67266.82,Employed,682,10791.48,0.469,1,0.49,0.184,14,0
29,38217.45,Unemployed,745,57111.8,0.358,0,0.002,0.004,31,0
61,39480.38,Retired,775,9431.43,0.006,0,0.106,0.037,19,0
61,37566.36,Self-Employed,719,9590.85,0.493,1,0.065,0.054,33,0
48,86291.57,Employed,725,21403.43,0.229,2,0.354,-0.049,37,0
22,42604.44,Self-Employed,804,9545.1,0.396,0,0.452,0.183,22,0
68,97364.95,Employed,737,7790.74,0.332,3,0.024,0.033,29,0
40,119580.19,Unemployed,620,13810.77,0.687,1,0.566,0.11,50,0
67,33882.04,Self-Employed,775,21605.24,0.659,0,0.402,0.052,26,0
64,12000.0,Employed,671,44173.86,0.281,0,0.109,0.128,59,1
63,82640.47,Employed,682,49924.42,0.148,0,0.408,0.262,43,0
55,41316.37,Employed,688,4884.38,0.16,3,0.233,0.07,40,0
54,31789.99,Employed,753,26738.45,0.391,0,0.23,0.059,42,0
47,36520.94,Retired,811,7926.58,0.269,2,0.121,-0.008,2,0
22,39838.66,Self-Employed,682,8167.3,0.183,1,0.396,0.075,49,0
40,93769.65,Employed,810,10350.45,0.271,1,0.344,-0.062,53,0
57,53101.24,Employed,692,9962.43,0.418,1,0.342,0.224,43,0
61,93134.44,Self-Employed,785,7530.61,0.338,2,0.372,0.044,14,0
48,62762.31,Employed,695,3545.3,0.278,2,0.451,0.019,42,0
56,41998.31,Employed,643,34094.05,0.296,1,0.356,0.084,20,0
22,40328.81,Self-Employed,824,24541.38,0.326,1,0.0,0.155,46,0
44,64913.08,Employed,636,14176.12,0.383,2,0.389,0.078,44,0
46,73881.14,Employed,631,8012.06,0.392,1,0.187,0.195,30,0
65,80692.13,Employed,586,30042.87,0.103,1,0.647,0.061,39,0
36,43011.84,Employed,775,13783.19,0.375,3,0.494,0.032,40,0
32,53508.88,Retired,793,10139.96,0.296,0,0.617,0.094,54,0
38,65645.23,Unemployed,708,5339.24,0.198,0,0.279,0.086,42,0
29,40457.91,Retired,606,19777.78,0.294,0,0.596,0.179,21,0
48,27792.74,Retired,679,11716.6,0.523,2,0.153,0.169,9,0
53,32756.75,Employed,657,16749.25,0.471,2,0.395,0.059,56,0
61,43455.05,Employed,603,15844.92,0.365,0,0.199,-0.035,15,0
69,68261.66,Self-Employed,643,20970.23,0.215,0,0.531,0.15,18,1
24,91994.93,Employed,718,16317.22,0.146,1,0.778,-0.006,28,0
33,24883.9,Retired,635,11928.37,0.209,0,0.477,0.091,28,0
36,36363.74,Employed,702,19979.69,0.352,1,0.071,0.143,11,0
33,40989.4,Employed,547,25342.75,0.355,0,0.251,0.256,36,0
62,72937.52,Self-Employed,806,36228.05,0.252,1,1.0,0.288,16,0
27,37644.6,Retired,651,7313.38,0.482,1,0.58,0.135,41,0
22,39542.6,Self-Employed,745,27920.44,0.408,0,0.23,-0.071,42,0
64,24197.48,Employed,694,5525.34,0.0,0,0.602,0.003,52,0
69,62423.91,Employed,710,26333.32,0.366,1,0.427,0.086,42,0
32,45220.26,Employed,595,10052.78,0.463,2,0.978,0.069,45,0
37,35347.31,Self-Employed,623,23739.75,0.38,2,0.415,0.11,13,1
46,43055.42,Employed,625,35086.85,0.437,0,0.344,0.111,23,1
47,86120.07,Self-Employed,682,16441.87,0.31,1,0.384,-0.002,33,0
70,29660.06,Employed,779,14351.27,0.34,3,0.314,0.151,48,0
41,32182.25,Employed,712,13918.31,0.343,0,0.243,0.021,34,0
21,91686.11,Retired,612,11132.79,0.378,1,0.153,0.114,31,0
42,50913.7,Employed,687,28988.27,0.263,0,0.294,0.255,44,0
48,68519.73,Self-Employed,674,13840.2,0.514,2,0.569,0.015,6,0
46,59926.61,Employed,654,4003.21,0.563,1,0.344,0.113,20,0
46,48162.34,Retired,679,25096.88,0.27,0,0.273,0.066,38,0
67,41185.87,Employed,737,24318.3,0.175,1,0.108,0.014,36,0
61,74293.52,Employed,626,15151.75,0.148,1,0.555,0.11,42,0
33,87655.38,Unemployed,654,9201.0,0.411,0,0.754,0.034,39,1
38,84296.38,Self-Employed,754,7360.42,0.438,0,0.214,0.167,41,0
54,27099.33,Employed,715,9216.84,0.411,2,0.26,0.154,26,0
41,94132.2,Employed,776,16635.41,0.424,2,0.197,0.243,55,0
42,40987.91,Employed,788,4884.76,0.265,3,0.58,0.166,19,0
29,33606.85,Retired,578,19046.7,0.051,0,0.629,0.156,31,0
33,45041.35,Self-Employed,702,15421.8,0.275,0,0.434,-0.068,35,0
58,74277.56,Retired,642,31963.94,0.598,1,0.139,0.177,45,0
63,64230.41,Retired,590,22488.25,0.39,3,0.486,0.165,21,0
60,43144.35,Employed,621,9567.87,0.414,0,0.452,0.038,34,0
36,74520.75,Employed,657,5353.28,0.486,1,0.473,0.25,51,0
27,52571.55,Self-Employed,658,9020.58,0.224,0,0.17,0.178,35,0
28,36809.61,Unemployed,634,33817.76,0.384,2,0.155,0.118,37,1
40,34405.87,Self-Employed,679,17616.97,0.427,1,0.043,0.163,29,0
46,60181.33,Employed,850,21129.02,0.21,2,0.654,0.14,35,0
65,47039.41,Retired,551,10122.23,0.405,2,0.661,0.116,35,1
65,24642.98,Self-Employed,765,19749.0,0.544,1,0.044,0.084,41,0
21,74875.41,Unemployed,679,5930.73,0.29,0,0.224,0.203,17,0
56,38555.83,Employed,647,25877.3,0.092,2,0.226,-0.018,33,1
35,108668.78,Employed,529,7381.59,0.376,1,0.6,0.117,37,0
30,24306.64,Self-Employed,737,4515.86,0.252,1,0.419,0.223,47,0
48,44785.77,Self-Employed,572,57377.01,0.377,0,0.739,0.11,45,1
22,34544.76,Employed,742,16009.41,0.224,0,0.336,0.166,56,0
37,30100.25,Employed,811,15745.74,0.359,1,0.105,0.1,35,0
48,38430.42,Self-Employed,584,4807.95,0.534,0,0.238,0.017,15,0
34,118810.35,Retired,768,21451.21,0.346,1,0.2,0.175,34,0
50,52663.88,Employed,682,25124.83,0.103,0,0.631,0.221,11,0
44,32996.14,Employed,523,13100.73,0.406,0,0.823,0.054,11,1
60,19647.12,Employed,590,25183.51,0.353,2,0.508,0.146,25,0
30,20729.62,Employed,693,29801.24,0.382,1,0.247,0.124,39,1
23,37487.71,Employed,710,20240.35,0.496,3,0.456,0.07,19,0
47,35708.93,Employed,561,4024.95,0.271,0,0.041,0.195,55,0
33,43825.65,Self-Employed,682,7398.51,0.307,1,0.356,0.08,38,0
56,15739.17,Employed,742,40624.94,0.196,0,0.032,0.015,54,0
25,46824.38,Employed,755,15512.95,0.379,1,0.506,0.07,61,0
49,81950.02,Retired,649,15554.86,0.375,0,0.363,0.087,50,0
70,110350.91,Employed,713,8964.31,0.311,0,0.58,0.045,28,0
25,19011.07,Self-Employed,760,10072.01,0.462,0,0.563,0.055,19,0
36,32836.75,Employed,744,30199.78,0.194,0,0.278,0.005,21,0
63,31980.55,Unemployed,747,36282.23,0.369,2,0.623,0.074,37,0
47,52725.83,Unemployed,689,23821.06,0.44,0,0.14,0.114,28,0
29,26638.53,Employed,673,20556.72,0.269,1,0.98,0.025,19,0
31,113678.73,Self-Employed,700,21503.54,0.144,0,0.105,0.011,44,0
59,50099.25,Self-Employed,623,14154.33,0.096,1,0.564,0.017,43,0
64,46093.48,Employed,763,7171.03,0.373,2,0.674,0.087,21,0
39,108701.06,Self-Employed,565,6298.84,0.604,0,0.44,0.057,27,0
44,48629.04,Employed,642,32495.6,0.259,0,0.173,-0.035,13,0
60,59883.23,Employed,677,14475.97,0.418,0,0.23,-0.004,36,0
29,33678.03,Retired,715,19658.04,0.0,0,0.175,0.09,28,0
31,24704.7,Employed,729,16755.04,0.406,1,0.399,0.067,50,0
59,36127.85,Employed,792,17272.91,0.187,1,0.574,0.09,35,0
30,146310.73,Employed,686,18159.84,0.291,0,0.506,0.224,23,0
59,67272.75,Retired,626,22436.43,0.362,1,0.412,0.118,35,0
45,56233.47,Employed,669,9315.8,0.101,1,0.093,-0.052,30,0
70,30085.94,Employed,656,30014.76,0.822,0,0.774,0.047,23,1
22,77313.62,Self-Employed,719,9483.99,0.259,0,0.361,0.125,32,0
68,24863.43,Self-Employed,600,17046.11,0.441,0,0.316,0.043,15,0
32,22392.29,Employed,667,7260.51,0.574,0,0.451,0.018,37,0
22,37069.75,Retired,802,13360.01,0.394,1,0.035,0.17,38,0
57,130254.49,Employed,693,9937.8,0.166,1,0.387,0.064,51,0
47,126620.17,Self-Employed,601,14980.86,0.365,0,0.354,0.028,37,0
62,39119.7,Employed,655,22953.84,0.074,0,0.362,0.029,20,0
26,34992.9,Employed,513,15454.13,0.3,1,0.668,0.232,2,1
25,21586.4,Retired,676,47882.97,0.602,0,0.125,0.006,18,1
49,50971.17,Employed,804,23802.64,0.138,1,0.391,0.081,39,0
65,53157.07,Employed,591,12873.52,0.226,1,0.264,0.086,53,0
41,72749.56,Employed,571,14021.35,0.628,0,0.353,0.152,36,0
60,77292.62,Employed,631,18520.95,0.324,1,0.583,0.032,22,0
66,44413.07,Retired,749,22529.8,0.216,0,0.372,0.03,38,0
64,64732.19,Employed,808,7041.45,0.408,1,0.34,0.162,2,0
46,34533.34,Retired,714,21633.37,0.28,2,0.0,0.296,35,0
55,64120.62,Employed,584,7151.98,0.0,1,0.573,0.052,44,0
47,38039.64,Retired,678,20412.65,0.146,0,0.043,0.047,23,0
54,61680.88,Unemployed,814,28568.45,0.659,1,0.296,0.296,50,0
49,59233.98,Employed,657,17673.81,0.399,1,0.212,0.069,56,0
47,50736.55,Employed,691,3657.56,0.57,1,0.0,0.072,43,0
42,72931.06,Unemployed,698,5067.42,0.196,2,0.431,0.114,41,0
53,22354.89,Employed,564,20694.64,0.342,1,0.307,0.133,2,0
58,28783.05,Employed,755,3387.15,0.325,2,0.513,0.12,39,0
66,42828.98,Unemployed,744,21288.58,0.268,0,0.52,0.177,49,0
51,23822.08,Retired,530,26659.36,0.382,1,0.535,-0.012,33,0
26,39997.32,Self-Employed,580,29176.15,0.183,1,0.512,0.082,47,0
50,40647.18,Retired,607,12773.33,0.531,1,0.508,0.187,37,0
36,94357.11,Employed,736,19208.41,0.42,1,0.61,-0.084,36,0
22,52641.86,Self-Employed,624,16736.3,0.324,1,0.479,-0.005,42,0
24,82019.7,Employed,710,6101.57,0.37,2,0.447,0.157,32,0
50,57001.76,Self-Employed,666,23086.68,0.305,0,0.363,0.107,24,0
68,37502.63,Self-Employed,685,34005.79,0.091,0,0.457,0.048,31,1
46,52410.3,Employed,717,22328.97,0.201,1,0.514,0.125,30,0
43,70594.9,Retired,700,10919.65,0.323,2,0.508,0.135,41,0
25,89027.51,Employed,679,23016.57,0.297,1,0.36,0.029,22,0
54,45882.77,Employed,705,32163.22,0.447,1,0.867,0.094,52,0
23,21509.39,Employed,696,29724.96,0.434,0,0.737,0.006,40,0
63,20766.55,Employed,664,27340.46,0.266,0,0.22,0.192,53,0
61,41639.05,Employed,648,5681.01,0.206,1,0.398,-0.025,31,0
70,15230.41,Retired,821,18749.62,0.463,0,0.754,0.09,15,0
35,120276.94,Employed,647,21750.4,0.378,0,0.205,0.163,17,0
29,66069.77,Self-Employed,783,27534.52,0.257,0,0.128,0.26,25,0
35,35673.61,Employed,629,20118.08,0.179,0,0.989,0.085,19,0
60,28146.44,Retired,741,37465.31,0.249,2,0.293,0.32,11,0
31,81965.98,Self-Employed,814,4930.98,0.409,1,0.0,0.009,38,0
65,28090.35,Employed,655,20640.49,0.603,1,0.219,0.147,40,0
28,29462.89,Employed,630,19680.79,0.318,1,0.306,0.044,32,0
23,33423.92,Self-Employed,648,25377.8,0.225,0,0.578,0.231,56,1
31,51898.42,Employed,679,37245.05,0.674,0,0.407,0.093,35,0
58,66862.85,Employed,704,8664.86,0.294,0,0.089,0.018,30,0
51,88995.06,Employed,677,36502.07,0.231,1,0.0,0.199,31,0
38,82659.55,Employed,649,24075.2,0.289,2,0.507,0.065,46,0
53,49039.77,Retired,827,13196.42,0.281,2,0.413,-0.004,15,0
53,81655.22,Retired,665,8558.87,0.541,1,0.665,0.074,7,1
48,35048.92,Self-Employed,633,16610.47,0.099,0,0.26,0.181,38,0
46,19723.52,Employed,742,17525.39,0.439,0,0.34,0.088,38,0
26,35046.62,Retired,743,18118.93,0.348,1,0.28,0.069,44,0
33,32756.93,Self-Employed,786,10135.81,0.266,4,0.264,0.1,35,0
47,35739.31,Retired,825,21281.71,0.3,2,0.483,-0.092,61,0
27,30342.74,Employed,706,11575.85,0.312,3,0.298,0.329,47,0
44,38927.07,Employed,658,30636.44,0.363,0,0.028,0.096,2,0
26,66836.77,Self-Employed,537,41197.13,0.282,1,0.687,0.177,14,1
60,115569.64,Retired,610,9067.4,0.34,1,0.447,0.22,7,0
26,20688.37,Employed,696,15304.99,0.233,0,0.544,0.014,36,0
25,25748.53,Employed,591,26457.59,0.677,2,0.687,-0.003,38,1
52,33000.46,Employed,561,17422.67,0.501,1,0.353,0.227,61,0
32,71888.45,Retired,685,6558.29,0.423,0,0.354,0.034,24,0
38,44246.27,Self-Employed,738,24806.94,0.283,3,0.161,0.068,22,0
36,34130.46,Retired,662,10265.42,0.473,0,0.587,0.039,39,0
31,70148.28,Self-Employed,747,16651.93,0.395,1,0.057,-0.1,20,0
59,79078.41,Unemployed,726,8132.09,0.368,1,0.443,0.081,31,0
55,48563.14,Employed,766,23783.75,0.27,1,0.514,0.094,49,0
32,32594.22,Employed,843,11468.68,0.391,1,0.109,0.185,47,0
55,56113.95,Self-Employed,850,25342.96,0.603,0,0.67,0.063,51,0
56,43624.14,Employed,735,12978.78,0.362,0,0.0,0.05,15,0
47,43455.53,Employed,646,11061.88,0.31,0,0.108,0.142,43,0
49,37941.47,Employed,685,18908.02,0.365,0,0.392,0.171,35,0
67,77846.3,Self-Employed,798,7749.44,0.357,0,0.557,0.006,71,0
43,55544.52,Unemployed,613,43431.48,0.268,1,0.099,-0.06,46,1
40,82277.29,Employed,789,16504.22,0.239,0,0.559,0.278,35,0
47,95622.47,Retired,667,10511.7,0.469,0,0.58,0.224,50,0
62,61666.15,Employed,697,11618.98,0.531,1,0.313,0.045,44,0
56,38054.0,Employed,619,14921.28,0.69,0,0.429,0.072,46,0
24,82467.79,Employed,581,26835.92,0.419,0,0.657,0.095,43,0
43,61872.58,Employed,659,8632.5,0.368,0,0.736,0.03,29,0
57,180175.0,Employed,778,11833.97,0.485,1,0.286,0.051,29,0
32,57242.47,Self-Employed,627,14332.63,0.214,0,0.217,0.089,46,0
70,69483.46,Self-Employed,801,37252.83,0.446,0,0.365,-0.015,26,0
61,56682.0,Employed,637,26889.37,0.506,0,0.162,0.286,38,0
63,46651.05,Retired,600,38334.39,0.504,1,0.675,-0.037,43,1
25,43070.96,Retired,699,15042.3,0.6,0,0.508,-0.07,27,0
49,56790.36,Employed,731,34879.44,0.26,1,0.399,0.171,42,0
47,63613.94,Employed,694,31582.74,0.276,0,0.646,0.066,36,0
52,87307.7,Employed,691,22427.81,0.318,1,0.57,0.132,29,0
63,57206.64,Self-Employed,800,23533.95,0.183,0,0.614,0.098,47,0
38,38892.45,Employed,687,10334.63,0.431,0,0.522,0.068,16,0
47,41629.86,Self-Employed,645,44222.21,0.451,1,0.711,0.09,16,1
54,25299.29,Self-Employed,595,12745.22,0.434,1,0.098,0.131,36,1
58,112488.57,Employed,776,20657.23,0.372,0,0.515,0.189,18,0
59,37399.52,Employed,648,22159.44,0.501,0,0.746,0.038,54,0
37,79516.53,Employed,655,6484.66,0.436,0,0.33,0.136,30,0
70,56290.18,Employed,759,14318.98,0.26,1,0.274,0.061,14,0
21,57060.42,Unemployed,834,16680.99,0.0,0,0.319,0.069,33,0
45,46225.0,Self-Employed,699,13793.73,0.3,0,0.4,0.028,62,0
51,33060.7,Self-Employed,670,14421.27,0.356,1,0.638,0.075,22,0
24,30204.08,Self-Employed,680,36156.46,0.357,1,0.401,0.0,26,0
43,116335.4,Employed,646,8988.64,0.323,1,0.649,0.007,43,0
50,51895.15,Employed,653,6896.34,0.269,0,0.506,0.025,56,0
51,86045.7,Employed,654,10384.87,0.223,1,0.606,-0.083,20,0
26,97973.61,Employed,748,23075.99,0.195,0,0.411,0.022,24,0
34,39917.76,Employed,673,24465.18,0.415,0,0.347,0.058,12,1
33,60581.99,Employed,782,21239.22,0.513,0,0.108,0.127,35,0
52,50136.54,Self-Employed,671,25516.66,0.162,1,0.0,-0.013,39,1
37,27484.93,Employed,652,17216.5,0.341,0,0.314,0.095,49,0
49,44679.05,Employed,776,10820.43,0.468,0,0.0,0.128,41,0
57,65759.1,Employed,682,8374.16,0.322,6,0.379,0.076,37,0
60,38195.97,Employed,671,6923.86,0.457,1,0.545,0.112,39,0
30,41671.74,Employed,683,12883.43,0.512,1,0.405,0.114,44,0
66,44950.47,Employed,790,23694.69,0.409,1,0.0,0.068,17,0
29,140894.22,Employed,703,17020.03,0.276,2,0.307,0.044,39,0
22,19593.94,Retired,774,14969.47,0.547,1,0.515,0.11,10,0
23,62995.69,Employed,662,7838.28,0.31,2,0.675,0.01,52,0
31,43188.54,Employed,762,69394.37,0.31,1,0.51,-0.083,62,0
64,35584.75,Employed,698,8997.7,0.427,1,0.394,0.038,26,0
31,42661.93,Employed,746,15872.88,0.305,0,0.498,0.051,40,0
55,68438.32,Employed,752,26951.94,0.316,0,0.801,0.108,47,0
41,70422.06,Employed,609,15144.59,0.294,0,0.401,0.104,58,0
22,53798.91,Retired,685,9098.24,0.323,0,0.068,0.044,33,0
43,84657.64,Retired,752,23985.3,0.38,3,0.292,0.103,25,0
22,92449.38,Self-Employed,764,6609.52,0.054,1,0.231,0.168,42,0
44,73731.69,Employed,774,41991.77,0.335,1,0.139,0.081,55,0
48,37305.79,Employed,688,17489.23,0.085,0,0.238,0.022,36,0
47,62769.26,Employed,796,12682.19,0.289,0,1.0,0.063,55,0
35,62918.8,Self-Employed,631,6311.76,0.401,1,0.17,0.153,50,0
59,32603.81,Employed,568,7396.88,0.301,0,0.284,-0.02,46,0
50,22365.63,Self-Employed,659,14310.43,0.455,3,1.0,0.149,35,0
33,17829.54,Employed,770,45965.59,0.402,1,0.519,0.051,31,1
42,50763.24,Employed,599,16979.9,0.027,1,0.469,0.182,61,0
26,56898.25,Employed,570,18182.88,0.53,2,0.511,0.117,22,0
67,27149.37,Employed,551,18613.9,0.387,0,0.434,0.143,43,0
58,82703.41,Self-Employed,735,60987.56,0.265,0,0.289,0.168,42,0
35,52897.38,Employed,571,11329.51,0.28,0,0.463,0.182,40,0
54,96252.12,Employed,721,37770.38,0.037,2,0.512,0.162,19,0
54,58998.54,Employed,655,11624.29,0.383,2,0.02,0.02,36,0
51,28762.66,Unemployed,622,9680.15,0.448,1,0.291,0.154,27,0
23,61644.58,Employed,605,14076.1,0.248,1,0.018,-0.013,49,0
64,68531.95,Employed,695,14034.5,0.214,0,0.193,-0.0,39,0
68,37279.1,Employed,623,20685.91,0.371,0,0.506,0.088,57,0
69,23836.03,Employed,680,3661.43,0.529,1,0.296,0.194,57,0
70,51541.78,Self-Employed,710,16134.51,0.514,0,0.338,0.086,29,0
67,29720.06,Employed,726,10308.78,0.474,3,0.0,0.031,57,0
57,85857.47,Employed,750,9562.73,0.653,1,0.094,0.144,26,0
23,39991.08,Employed,692,6785.43,0.489,0,0.135,0.058,55,0
44,116110.84,Employed,601,11862.27,0.523,1,0.013,0.132,17,0
33,16948.26,Self-Employed,715,10829.57,0.363,0,0.433,0.106,57,1
31,52438.58,Employed,729,11430.28,0.298,1,0.409,0.018,24,0
62,100177.24,Employed,666,5523.88,0.52,0,0.576,0.186,30,0
61,31408.94,Unemployed,658,15660.39,0.203,0,0.679,-0.036,32,0
47,45269.99,Unemployed,850,9182.21,0.414,0,0.702,0.024,26,0
57,40073.96,Employed,583,5535.73,0.259,0,0.478,0.147,55,0
27,34825.88,Self-Employed,717,10626.46,0.401,0,0.442,0.325,9,0
32,55398.7,Employed,758,9279.42,0.39,0,0.462,-0.046,43,0
64,25649.75,Self-Employed,654,15133.75,0.374,0,0.177,0.085,44,0
43,46374.99,Employed,667,10541.7,0.347,0,0.46,-0.093,19,0
48,63449.34,Self-Employed,650,6187.43,0.43,0,0.287,0.084,28,0
44,44022.37,Employed,680,8664.49,0.454,2,0.129,0.043,20,0
31,29729.58,Employed,747,5239.65,0.14,1,0.004,0.099,30,0
62,82050.71,Unemployed,665,29210.3,0.343,1,0.0,0.209,49,0
58,70624.22,Employed,850,32167.66,0.287,0,0.344,0.165,29,0
55,29126.58,Employed,646,34591.0,0.379,0,0.25,0.068,39,0
38,25666.61,Employed,783,10363.98,0.288,0,0.235,0.152,33,0
53,30455.98,Employed,721,32153.15,0.541,1,0.145,0.102,65,0
68,64385.04,Employed,688,18848.69,0.34,1,0.276,0.013,37,0
53,56262.66,Employed,790,9015.55,0.498,1,0.158,0.092,22,0
45,72768.71,Employed,560,10126.27,0.207,1,0.42,0.134,39,0
34,41644.51,Self-Employed,712,13317.2,0.308,0,0.562,0.394,45,0
47,30872.86,Retired,626,15700.86,0.258,1,0.292,0.202,27,0
39,77607.8,Employed,647,18356.57,0.409,1,0.639,0.155,54,0
51,37170.69,Employed,644,14748.96,0.172,2,0.229,-0.045,11,0
23,53813.2,Employed,608,11978.73,0.094,1,0.0,0.113,29,0
30,22584.92,Employed,556,33231.53,0.256,1,0.7,0.213,35,1
60,36867.84,Self-Employed,709,13790.43,0.434,0,0.0,0.142,50,0
40,81202.24,Retired,675,13324.81,0.229,1,0.277,0.191,56,0
42,34264.42,Unemployed,657,12960.19,0.39,2,0.572,0.14,56,0
48,73662.7,Retired,737,13795.25,0.253,0,0.673,0.181,37,0
42,15282.9,Employed,714,6519.45,0.087,1,0.364,-0.038,52,0
58,37060.4,Self-Employed,660,8088.04,0.478,0,0.274,0.231,45,0
33,44995.72,Employed,850,64061.07,0.447,0,0.862,0.164,37,0
58,117156.99,Retired,756,5484.87,0.344,1,0.602,0.194,28,0
31,27322.57,Employed,850,17379.84,0.356,1,0.637,0.11,39,0
39,68562.2,Employed,649,18133.47,0.319,2,0.504,0.143,54,0
50,83155.36,Unemployed,699,27109.36,0.195,3,0.533,0.158,36,0
65,34175.19,Employed,587,18399.31,0.546,0,0.457,0.086,29,0
32,40669.68,Retired,655,45913.75,0.335,0,0.371,0.036,52,0
50,52618.04,Self-Employed,636,17047.99,0.404,2,0.0,0.011,28,0
24,23371.15,Unemployed,850,33147.18,0.275,0,0.105,0.09,43,0
24,39044.15,Employed,628,27556.22,0.416,1,0.549,0.03,41,0
59,92786.46,Employed,662,37242.06,0.522,1,0.664,0.042,49,1
56,63661.0,Self-Employed,571,14986.46,0.375,0,0.439,0.218,47,0
39,45325.47,Employed,720,18746.01,0.404,0,0.157,0.23,45,0
52,51872.09,Employed,612,11831.18,0.482,0,0.444,0.072,30,0
40,65542.41,Retired,749,16250.06,0.456,0,0.483,0.204,27,0
34,72128.54,Retired,546,16797.62,0.507,0,0.0,0.085,40,0
42,37115.61,Retired,671,4245.25,0.398,0,0.73,0.07,39,0
36,105594.38,Employed,542,13549.62,0.398,2,0.589,0.129,72,0
61,94672.05,Employed,643,25182.98,0.386,0,0.166,0.04,40,0
41,68777.29,Retired,658,6567.49,0.48,0,0.381,0.073,36,0
37,32161.33,Employed,635,8169.76,0.285,0,0.327,0.207,27,0
47,29433.48,Employed,642,29536.69,0.43,2,0.683,0.127,20,1
58,41635.07,Employed,753,33053.31,0.695,0,0.275,0.13,12,0
34,50533.03,Unemployed,843,10173.47,0.404,0,0.136,0.082,19,0
67,20246.84,Employed,705,16389.41,0.17,0,0.374,0.075,31,0
44,62777.16,Employed,615,14089.27,0.306,0,0.17,0.109,50,0
54,93314.53,Employed,685,29917.1,0.443,0,0.612,0.162,41,0
68,65397.35,Employed,653,10721.35,0.249,0,0.379,0.127,20,0
42,34960.48,Self-Employed,747,11764.15,0.203,0,0.138,0.149,26,0
30,32951.71,Employed,702,33006.52,0.143,0,0.237,-0.044,33,0
58,56949.84,Employed,562,8086.91,0.319,1,0.296,0.02,30,0
21,45403.67,Employed,762,10951.42,0.592,3,0.329,0.051,22,0
43,61176.63,Employed,753,15990.32,0.27,1,0.036,0.135,2,0
69,66228.14,Employed,792,36837.14,0.481,0,0.14,0.129,19,0
41,84621.64,Retired,641,7215.04,0.308,0,0.456,0.152,20,0
55,27831.9,Employed,703,9639.72,0.292,1,0.678,0.072,52,0
47,54765.16,Employed,591,21068.42,0.428,0,0.282,0.109,56,0
31,40874.53,Employed,676,23113.45,0.12,0,0.416,0.242,7,0
36,46661.86,Retired,710,16763.07,0.6,0,0.909,0.103,46,1
47,75523.9,Self-Employed,632,13766.14,0.431,2,0.449,-0.049,53,0
26,79742.9,Employed,706,15959.21,0.508,3,0.0,0.139,23,0
41,98638.98,Employed,693,5976.79,0.311,2,0.519,0.195,11,0
41,60645.16,Employed,646,15691.17,0.424,1,0.443,0.191,60,0
62,46397.07,Self-Employed,785,35928.05,0.49,2,0.3,0.074,32,0
27,43198.49,Retired,662,6686.94,0.336,1,0.146,0.079,54,0
63,20591.27,Self-Employed,690,9224.05,0.219,1,0.576,0.161,36,0
41,95785.59,Unemployed,570,11636.16,0.209,0,0.0,0.111,57,0
53,41733.14,Employed,719,12084.08,0.287,4,0.302,0.144,42,0
48,63129.82,Employed,644,44570.12,0.384,0,0.317,0.054,30,0
35,68837.11,Self-Employed,752,8441.0,0.326,0,0.24,0.129,28,0
67,26300.47,Self-Employed,582,7487.37,0.277,0,0.372,0.057,26,0
32,30894.29,Employed,712,23450.4,0.452,0,0.121,0.083,32,0
22,106245.74,Employed,516,10015.47,0.281,1,0.518,0.013,34,0
58,56682.33,Employed,726,23685.18,0.26,1,1.0,0.035,41,0
52,36669.74,Employed,667,13118.29,0.491,0,0.197,-0.015,29,0
65,46019.78,Retired,710,19446.3,0.433,0,0.488,-0.026,61,0
43,84382.76,Employed,635,5763.35,0.166,0,0.432,0.025,59,0
21,78210.35,Unemployed,609,19407.09,0.15,0,0.443,0.134,39,0
22,23551.84,Employed,647,16825.95,0.184,4,0.296,0.119,63,0
42,110984.07,Self-Employed,694,12667.2,0.345,0,0.401,0.167,57,0
33,79465.16,Retired,723,7047.0,0.527,0,0.445,0.063,31,0
67,45422.48,Self-Employed,703,16816.25,0.567,0,0.575,-0.021,42,0
26,27014.76,Unemployed,610,22797.99,0.463,0,0.56,0.128,34,1
65,83033.91,Employed,818,10735.46,0.637,1,0.682,0.098,57,0
31,62206.44,Employed,705,10862.87,0.38,1,0.237,0.089,22,0
26,23649.58,Self-Employed,633,23773.65,0.516,1,0.44,0.013,14,0
34,43650.1,Self-Employed,712,41197.49,0.264,1,0.365,0.07,35,1
28,234002.36,Self-Employed,699,25945.97,0.117,0,0.588,0.154,22,0
41,49426.94,Self-Employed,667,16944.15,0.304,0,0.055,0.003,23,0
37,33827.0,Employed,658,12759.92,0.331,0,0.64,-0.047,32,0
47,29606.57,Employed,754,14523.15,0.738,0,0.47,0.111,29,0
47,118901.36,Retired,810,6665.53,0.35,0,0.664,0.035,31,0
21,74897.8,Employed,527,13458.53,0.197,2,0.41,0.159,32,0
27,99083.63,Self-Employed,772,28909.65,0.495,0,0.36,0.073,39,0
29,55497.47,Employed,681,15120.11,0.236,0,0.254,0.016,25,0
30,91767.15,Retired,698,10144.63,0.372,0,0.31,0.111,27,0
25,32075.24,Unemployed,781,9596.95,0.482,0,0.0,0.097,48,0
36,53172.44,Employed,481,14486.03,0.21,1,0.364,0.097,53,0
48,56586.56,Retired,741,7038.98,0.578,0,0.283,0.013,62,0
36,97853.18,Employed,776,8560.1,0.519,2,0.42,0.196,36,0
37,57493.17,Employed,628,37037.66,0.403,0,0.245,0.052,52,0
44,35855.21,Unemployed,575,7929.46,0.613,3,0.476,0.215,31,0
48,50616.7,Employed,803,9127.76,0.293,1,0.37,-0.038,42,0
37,21200.78,Employed,548,17585.02,0.469,0,0.0,0.169,37,0
32,15359.9,Self-Employed,711,11326.97,0.392,0,0.41,0.14,61,0
41,74285.47,Retired,757,15571.23,0.254,0,0.58,0.076,26,0
22,40644.88,Employed,710,24778.35,0.259,0,0.596,-0.033,23,1
45,43014.45,Self-Employed,722,5835.71,0.655,1,0.203,0.104,36,0
68,74270.81,Employed,660,23214.86,0.509,3,0.067,-0.048,6,0
40,98568.32,Employed,715,10410.46,0.483,1,0.639,0.063,36,0
26,64038.77,Self-Employed,627,12436.04,0.256,1,0.49,0.162,2,0
56,128545.27,Employed,637,46782.06,0.456,1,0.186,0.084,22,0
27,63028.64,Self-Employed,683,6364.09,0.295,2,0.215,0.083,35,1
30,57017.11,Self-Employed,565,21045.07,0.605,1,0.406,0.21,10,0
28,55281.55,Retired,723,29051.27,0.532,0,0.588,0.11,39,0
65,25777.37,Unemployed,494,9797.49,0.488,1,0.325,0.237,2,0
70,79062.92,Employed,707,9890.82,0.473,1,0.071,0.073,34,0
49,14432.92,Self-Employed,714,11834.8,0.337,0,0.0,0.181,46,0
51,36565.98,Self-Employed,620,9762.72,0.423,2,0.219,0.087,53,0
53,49586.07,Employed,587,15365.54,0.581,0,0.215,0.127,58,0
51,33028.26,Employed,649,25224.31,0.42,3,0.153,0.033,22,0
48,39109.55,Self-Employed,728,11873.45,0.224,1,0.71,0.119,29,0
70,122969.03,Employed,706,25774.29,0.538,1,0.054,0.125,25,0
57,85136.57,Employed,597,34221.4,0.248,0,0.236,0.109,48,0
25,34790.03,Employed,688,19122.78,0.346,1,0.871,-0.039,38,0
40,38762.82,Employed,700,20237.45,0.279,0,0.223,0.182,35,0
69,25887.05,Unemployed,696,10338.47,0.0,2,0.396,0.124,34,0
41,69737.74,Employed,606,3060.15,0.376,3,0.71,0.135,44,0
31,43266.28,Self-Employed,692,20982.05,0.676,1,0.373,0.22,22,1
64,18338.66,Self-Employed,749,23810.59,0.398,0,0.484,0.093,47,1
52,51554.35,Employed,720,17076.64,0.794,0,0.252,0.154,40,0
49,61052.5,Employed,711,25485.41,0.327,0,0.208,0.161,51,0
42,79345.78,Employed,803,10625.82,0.383,0,0.045,0.077,30,0
27,47255.42,Employed,693,20153.02,0.334,0,0.352,0.1,36,0
40,40687.02,Employed,617,35713.58,0.359,0,0.483,0.036,51,0
42,132340.36,Employed,617,22013.27,0.405,1,0.826,-0.096,18,0
67,49182.5,Unemployed,693,33045.92,0.577,1,0.281,0.04,53,1
36,70247.56,Employed,572,33173.08,0.224,1,0.663,-0.011,31,0
28,37430.09,Employed,657,7095.17,0.351,0,0.605,-0.02,47,0
42,69213.75,Employed,715,22731.54,0.442,1,0.237,0.043,47,0
70,23675.25,Unemployed,768,10105.42,0.542,1,0.406,0.289,32,1
45,38908.43,Employed,564,7597.01,0.026,1,0.409,0.006,36,0
39,26792.11,Self-Employed,687,12439.19,0.14,0,0.095,0.141,15,0
54,36225.31,Employed,675,42298.01,0.356,0,0.345,-0.051,8,0
53,91604.44,Retired,683,10654.31,0.518,2,0.215,0.123,37,0
35,36092.38,Employed,691,5141.35,0.278,2,0.349,0.154,53,0
69,70201.72,Employed,678,6205.77,0.45,1,0.364,0.01,32,0
50,104676.78,Employed,784,19673.5,0.647,0,0.388,0.048,4,0
23,48349.51,Employed,773,9364.72,0.352,0,0.267,0.025,28,0
41,80570.15,Self-Employed,841,4333.32,0.316,2,0.166,0.139,28,0
67,63929.93,Employed,679,6354.59,0.421,0,0.01,0.123,30,0
40,51959.43,Employed,649,16320.07,0.377,0,0.604,0.163,20,0
49,71336.1,Employed,607,23569.09,0.388,1,0.404,0.087,24,0
51,123003.62,Self-Employed,641,11300.14,0.323,0,0.624,-0.023,13,0
56,35645.05,Retired,734,21793.94,0.311,0,0.365,0.011,66,0
64,30345.38,Employed,745,25564.44,0.199,1,0.395,-0.009,60,0
28,29467.48,Unemployed,731,9225.93,0.442,3,0.339,0.03,21,0
46,80596.78,Unemployed,630,13729.04,0.194,0,0.318,0.052,36,0
47,86222.27,Employed,631,10298.06,0.227,0,0.451,0.062,26,0
28,37476.96,Employed,827,20400.77,0.17,0,0.332,0.087,33,0
54,16848.1,Employed,618,10225.7,0.301,1,0.611,-0.051,41,0
26,34983.14,Employed,786,7130.19,0.354,3,0.704,0.164,38,0
43,64468.18,Self-Employed,710,15238.07,0.185,1,0.686,0.122,50,0
37,47412.37,Employed,625,28744.65,0.31,1,0.739,0.069,27,0
28,53646.63,Employed,591,20057.2,0.374,0,0.147,0.055,35,0
62,37734.41,Self-Employed,628,27013.75,0.115,2,0.664,0.057,2,0
33,81393.0,Employed,711,25627.28,0.236,1,0.419,0.07,37,0
33,58197.4,Unemployed,612,15142.93,0.621,1,0.422,0.135,4,1
63,65724.81,Self-Employed,797,10316.57,0.244,2,0.242,0.086,16,0
64,53078.8,Employed,664,8761.85,0.456,1,0.317,0.122,54,0
22,63715.56,Employed,733,5698.94,0.274,2,0.0,0.106,54,0
34,61653.53,Employed,726,30143.66,0.38,0,0.522,0.051,20,0
56,30821.34,Retired,802,12108.19,0.23,1,0.355,-0.03,61,0
59,59073.14,Employed,647,5308.89,0.065,0,0.286,0.209,46,0
70,72820.59,Retired,688,30964.45,0.284,1,0.694,0.149,42,0
48,87340.6,Retired,575,15623.95,0.416,1,0.402,0.202,18,1
21,60358.29,Employed,688,26387.92,0.452,0,0.197,0.059,62,0
64,30253.73,Self-Employed,766,12620.47,0.371,1,0.396,0.126,46,0
29,32674.21,Employed,696,9173.15,0.233,1,0.777,0.05,23,0
27,39435.67,Employed,850,19292.07,0.488,1,0.371,0.152,2,0
54,53891.71,Retired,719,20275.75,0.242,1,0.578,0.225,18,0
51,46114.46,Employed,639,12482.21,0.251,1,0.241,0.221,37,0
23,27948.92,Retired,714,32471.46,0.203,0,0.509,0.103,32,0
29,27865.37,Self-Employed,570,26037.2,0.287,0,0.445,0.159,57,1
50,17166.91,Employed,620,20720.08,0.306,0,0.4,0.141,19,0
33,12000.0,Employed,589,7585.67,0.394,0,0.293,0.111,40,0
55,45894.89,Employed,681,6970.8,0.147,0,0.338,0.134,51,0
41,156391.1,Employed,675,30315.38,0.281,1,0.0,0.038,15,0
50,120377.72,Self-Employed,770,3971.87,0.23,0,0.045,-0.023,44,0
44,30058.01,Employed,673,13980.41,0.414,0,0.057,0.134,35,0
39,52836.19,Retired,605,16122.75,0.395,0,0.064,0.012,27,0
38,23569.53,Employed,797,11005.74,0.196,1,0.337,0.032,2,0
55,25436.62,Employed,459,14455.17,0.424,0,0.289,0.065,42,1
46,26937.21,Employed,683,18999.7,0.342,0,0.168,0.22,25,0
50,43793.94,Employed,696,10380.33,0.469,1,0.664,0.095,29,0
49,44746.58,Employed,679,25055.44,0.253,2,0.34,0.029,56,0
31,55622.94,Employed,718,20941.44,0.439,0,0.595,0.001,35,0
66,68296.12,Self-Employed,688,13253.6,0.48,0,0.074,0.086,39,0
49,41421.67,Employed,717,8992.46,0.36,2,0.491,0.083,64,0
56,49916.21,Employed,635,13983.08,0.665,3,0.616,0.007,38,0
65,28370.18,Employed,571,52386.39,0.424,1,0.487,0.111,23,1
67,25028.03,Employed,677,9372.57,0.614,1,0.301,-0.032,54,0
54,23167.69,Employed,603,36992.42,0.728,2,0.336,0.014,36,1
60,67820.78,Self-Employed,625,5150.72,0.099,1,0.473,0.209,27,0
44,41400.41,Employed,767,8808.99,0.523,0,0.411,0.006,22,0
57,19234.1,Employed,797,10661.8,0.427,1,0.639,0.089,31,0
37,47498.6,Employed,766,26093.81,0.387,2,0.192,0.131,49,0
56,26254.41,Employed,752,15263.42,0.251,1,0.611,0.245,27,0
25,112441.62,Retired,684,32404.19,0.216,2,0.464,0.222,38,0
66,36702.1,Unemployed,756,12093.39,0.192,1,0.443,0.152,22,0
33,68923.54,Self-Employed,707,14295.27,0.683,1,0.359,0.014,56,0
53,84497.86,Employed,826,12122.17,0.423,1,0.632,0.023,14,0
21,30410.27,Employed,611,49803.51,0.146,2,0.204,0.061,20,1
28,50920.64,Employed,730,7539.08,0.192,0,0.146,0.295,25,0
70,64649.39,Unemployed,585,10884.36,0.046,1,0.404,0.139,15,0
62,51936.29,Employed,731,8210.94,0.529,0,0.247,0.095,43,0
32,58720.86,Employed,551,20826.62,0.357,1,0.463,0.115,45,0
27,25214.77,Employed,589,7445.72,0.426,0,0.816,0.209,45,0
61,64667.76,Self-Employed,584,44059.13,0.35,1,0.416,0.051,45,0
70,38442.46,Employed,699,15497.1,0.492,0,0.443,0.106,13,0
29,58379.82,Employed,707,18909.66,0.29,0,0.747,0.081,39,0
54,77652.14,Retired,850,19493.99,0.394,1,0.483,0.042,56,0
35,68487.34,Employed,673,14588.14,0.391,1,0.632,0.08,30,0
58,58358.47,Retired,738,15882.9,0.176,2,0.339,0.128,51,0
41,67579.78,Employed,692,15534.81,0.242,1,0.386,0.123,33,0
27,69161.91,Retired,732,20161.82,0.305,3,0.251,0.211,33,0
37,103543.86,Retired,691,9014.4,0.398,3,0.499,0.05,17,0
47,48193.27,Employed,762,8141.69,0.558,1,0.504,0.118,28,0
60,53208.77,Unemployed,601,24163.07,0.367,2,0.555,0.004,54,0
22,78122.5,Employed,496,14747.8,0.337,0,0.493,0.093,25,0
68,38361.37,Employed,711,4429.88,0.396,2,0.368,-0.024,63,0
53,25143.79,Employed,545,11102.06,0.326,0,0.52,0.138,33,0
64,62731.26,Employed,778,36974.53,0.347,1,0.723,0.245,55,0
67,44222.46,Employed,639,13410.24,0.577,1,0.427,0.182,35,0
28,26802.12,Employed,602,10736.51,0.317,0,0.107,0.068,2,0
25,62961.01,Retired,850,6021.69,0.389,0,0.182,0.177,24,0
59,100264.45,Unemployed,679,10501.79,0.253,0,0.452,-0.019,24,0
30,21701.33,Employed,664,7344.8,0.539,0,0.21,0.135,25,0
28,81728.86,Employed,736,19101.51,0.213,1,0.289,0.303,16,0
44,13786.79,Employed,741,15207.98,0.339,0,0.283,0.134,20,0
66,40129.09,Employed,765,11871.81,0.497,2,0.487,0.078,44,0
60,123039.16,Retired,580,9345.68,0.22,0,0.749,0.073,74,0
46,41599.27,Retired,720,36896.22,0.48,1,0.072,0.121,38,0
30,51275.54,Employed,658,9670.26,0.043,1,0.625,0.096,30,0
37,71785.16,Employed,611,9691.85,0.186,1,0.615,0.061,2,0
55,20780.35,Employed,684,12761.9,0.336,2,0.459,0.087,65,0
28,50820.11,Employed,544,13878.95,0.711,0,0.354,-0.034,51,0
47,50620.23,Employed,749,19716.83,0.372,1,0.567,0.158,28,0
21,124387.94,Employed,658,25803.54,0.375,1,0.412,0.185,40,0
37,26426.69,Employed,644,24670.02,0.522,1,0.364,0.154,28,1
33,40507.01,Employed,670,63445.5,0.187,2,0.002,0.071,17,0
55,30817.01,Unemployed,667,5346.92,0.0,0,0.501,0.128,29,0
66,29225.42,Self-Employed,766,16958.27,0.61,0,0.707,0.131,48,0
28,86137.61,Employed,598,10804.26,0.441,2,0.093,0.075,40,0
60,49678.41,Employed,651,49308.71,0.283,1,0.205,0.191,32,0
53,37131.33,Unemployed,664,16405.34,0.359,1,0.296,0.166,45,0
69,37838.3,Employed,600,4368.59,0.508,1,0.338,0.179,30,0
66,36989.39,Retired,692,19159.01,0.331,0,0.242,0.125,54,0
26,38680.79,Employed,626,17328.36,0.372,0,0.679,-0.022,19,0
58,26050.11,Retired,575,23263.65,0.655,3,0.839,-0.079,30,0
50,43072.29,Employed,719,9565.15,0.163,0,0.448,0.059,47,0
26,40961.86,Unemployed,796,17974.27,0.428,0,0.253,0.031,46,0
33,33560.39,Employed,684,12552.91,0.167,0,0.435,0.093,25,0
67,52972.23,Unemployed,672,9869.29,0.584,1,0.153,0.006,22,0
48,55267.74,Employed,671,18135.64,0.394,1,0.353,0.007,43,0
37,37111.29,Employed,641,16182.26,0.247,0,0.52,-0.065,56,0
37,45612.31,Self-Employed,768,27723.39,0.125,0,0.543,-0.012,49,0
62,144251.25,Employed,687,15005.82,0.297,0,0.522,0.063,17,0
35,141522.87,Employed,517,21212.41,0.378,3,0.296,0.051,25,0
28,28939.27,Employed,770,7154.81,0.524,1,0.428,0.182,19,0
49,31032.06,Self-Employed,752,34088.33,0.186,0,0.322,0.072,56,1
70,28862.5,Unemployed,725,9262.04,0.226,1,0.592,-0.03,34,0
30,83160.43,Employed,473,25381.05,0.275,0,0.491,0.076,30,0
33,40164.36,Self-Employed,680,17289.79,0.234,3,0.764,0.136,39,1
44,55261.8,Retired,747,16023.22,0.273,0,0.471,-0.091,42,0
30,133050.45,Self-Employed,708,23299.97,0.208,0,0.211,0.196,29,0
53,48764.97,Employed,695,4088.82,0.413,0,0.133,0.132,39,0
33,69781.51,Employed,747,10465.98,0.278,2,0.434,0.21,37,0
27,63589.93,Employed,690,23102.08,0.352,2,0.0,0.137,60,0
34,36530.08,Employed,770,46782.1,0.396,1,0.31,0.064,36,0
67,83248.12,Employed,692,14550.56,0.143,0,0.271,0.094,41,0
67,32053.11,Unemployed,686,3420.09,0.439,1,0.223,0.06,26,0
46,95792.52,Employed,747,12205.83,0.381,1,0.43,0.165,26,0
41,36544.08,Self-Employed,650,14241.42,0.382,0,0.171,0.036,42,0
61,38600.33,Employed,598,28729.38,0.33,1,0.051,0.126,21,0
30,28445.81,Employed,680,15199.32,0.31,0,0.507,0.19,40,0
53,30880.19,Self-Employed,724,6863.45,0.358,0,0.318,0.117,31,0
55,39601.32,Employed,749,26320.36,0.364,2,0.472,0.105,44,0
56,14535.16,Retired,750,20764.29,0.173,1,0.437,0.132,6,0
31,43622.74,Employed,675,9706.43,0.586,3,0.515,0.044,57,0
56,38025.52,Employed,667,22740.97,0.246,1,0.446,-0.075,10,0
51,72766.11,Self-Employed,636,10636.34,0.36,0,0.527,0.02,62,0
64,60566.09,Self-Employed,699,12345.85,0.525,0,0.771,0.037,36,0
29,34412.71,Employed,557,10744.91,0.299,2,0.472,0.126,43,0
51,38976.91,Self-Employed,682,12259.24,0.386,1,0.522,0.027,34,0
62,43594.71,Employed,850,25439.44,0.021,0,0.423,0.037,36,0
34,103050.9,Employed,567,5057.0,0.053,0,0.0,0.16,21,0
58,32495.2,Employed,692,28637.65,0.346,0,0.369,0.131,44,0
25,34204.75,Self-Employed,708,16412.44,0.378,2,0.695,0.196,42,0
56,27881.2,Self-Employed,718,11683.69,0.516,1,0.506,0.091,41,0
51,23364.67,Employed,608,14949.87,0.47,2,0.293,-0.023,57,0
30,57153.84,Self-Employed,719,8557.94,0.111,1,0.481,0.27,14,0
24,54255.07,Self-Employed,640,5546.74,0.54,0,0.155,0.148,36,0
58,93095.48,Employed,573,8703.96,0.171,0,0.551,0.052,13,0
33,82512.45,Employed,751,4734.86,0.479,0,0.293,0.169,53,0
45,162520.33,Employed,730,6557.83,0.282,0,0.437,0.115,46,0
24,47243.18,Employed,608,5576.68,0.757,0,0.176,0.197,31,1
69,43033.55,Retired,639,30769.87,0.261,1,0.447,0.118,48,0
48,25588.21,Unemployed,636,6832.69,0.339,0,0.0,0.066,43,0
67,69444.91,Employed,557,14403.87,0.374,0,0.305,0.122,13,0
29,52013.94,Employed,737,28855.1,0.314,0,0.231,0.177,45,0
31,67889.26,Employed,740,24588.97,0.2,0,0.239,0.037,22,0
51,27734.65,Employed,655,12368.63,0.681,0,0.0,0.104,37,0
51,58442.7,Employed,678,12402.51,0.258,1,0.248,0.004,49,0
60,54317.4,Employed,689,16450.16,0.253,1,0.457,0.138,36,0
67,52549.85,Employed,698,52435.39,0.334,1,0.202,0.104,34,0
62,34834.62,Employed,579,18917.23,0.379,0,0.501,0.151,56,0
28,88846.22,Employed,717,22047.0,0.247,0,0.597,0.18,38,0
36,136646.67,Employed,592,57517.13,0.493,1,0.463,0.047,31,0
66,28136.64,Employed,731,17443.04,0.373,0,0.483,0.115,11,0
48,70278.56,Employed,600,29398.98,0.353,1,0.457,0.118,35,0
64,12000.0,Employed,582,19665.78,0.434,0,0.519,0.048,45,1
49,68480.55,Employed,678,19494.63,0.223,3,0.25,0.02,57,0
23,19243.39,Retired,676,8283.3,0.262,0,0.209,0.222,12,1
44,37703.81,Employed,688,7498.88,0.347,0,0.215,0.066,42,0
62,25424.99,Employed,613,10857.49,0.489,4,0.546,0.066,45,1
53,44010.97,Employed,695,25063.33,0.313,0,0.212,0.08,29,0
27,74562.79,Employed,702,24359.56,0.302,0,0.333,0.14,60,0
31,19367.34,Employed,767,32856.73,0.034,0,0.303,0.062,22,0
63,40956.27,Self-Employed,694,14666.74,0.246,2,0.436,0.037,62,0
69,37923.1,Retired,635,20386.85,0.102,0,0.535,0.112,37,0
58,108068.91,Employed,579,20438.94,0.14,0,0.535,0.156,47,0
25,60832.56,Employed,565,13842.56,0.405,1,0.004,0.137,29,0
51,27211.4,Self-Employed,704,12174.26,0.848,2,0.473,0.05,12,0
62,38729.34,Employed,739,6057.19,0.379,0,0.387,0.013,33,0
53,106729.42,Employed,613,13473.49,0.4,0,0.435,0.023,45,0
50,70065.28,Unemployed,699,13871.61,0.236,0,0.323,0.126,27,0
44,30973.38,Employed,667,29162.31,0.193,0,0.221,0.142,31,1
33,42893.03,Employed,734,30939.69,0.658,0,0.61,0.061,36,0
35,43584.0,Employed,745,16113.75,0.229,0,0.352,0.056,12,0
58,37459.25,Employed,510,50920.96,0.05,0,0.665,0.003,31,1
24,20845.51,Retired,757,16547.53,0.387,0,0.39,0.095,38,0
25,34933.07,Employed,699,27439.87,0.286,0,0.396,0.155,27,0
40,98184.11,Employed,640,13904.33,0.439,0,0.245,0.046,54,0
59,40515.01,Employed,642,7449.55,0.585,1,0.394,0.184,38,0
53,46554.23,Employed,682,11439.97,0.405,0,0.601,0.016,3,0
50,52589.03,Employed,642,35754.47,0.384,2,0.369,0.036,27,0
47,148608.51,Employed,610,12600.34,0.449,1,0.444,0.087,25,0
26,49238.81,Employed,627,11160.11,0.756,1,0.756,0.112,22,1
37,84708.62,Employed,602,14728.81,0.692,2,0.135,0.08,58,0
24,36348.56,Self-Employed,781,11687.81,0.303,1,0.193,0.121,44,0
58,43057.87,Employed,684,30219.89,0.492,1,0.466,0.118,29,0
58,49329.44,Retired,849,45764.91,0.618,0,0.023,0.195,28,0
33,33287.38,Employed,708,14817.45,0.454,0,0.512,0.106,30,0
35,44273.48,Employed,724,20420.07,0.34,1,0.224,0.073,26,0
36,76421.97,Retired,600,26453.01,0.275,1,0.3,0.132,25,0
65,32853.64,Unemployed,664,15758.4,0.365,2,0.586,-0.042,43,0
45,49022.98,Employed,685,8718.94,0.179,1,0.123,-0.01,4,0
59,69868.26,Employed,632,11548.77,0.484,0,0.0,0.172,43,0
43,32460.1,Unemployed,645,18905.61,0.559,0,0.0,0.057,12,1
55,84770.84,Employed,712,18700.16,0.29,1,0.462,0.036,43,0
47,50840.15,Employed,713,5037.61,0.282,0,0.585,0.135,51,0
34,45136.15,Employed,580,11361.97,0.192,0,0.163,0.09,19,0
64,17960.43,Unemployed,701,9488.12,0.42,0,0.633,0.176,24,0
56,40667.88,Employed,721,25068.69,0.348,2,0.385,0.067,50,0
59,59029.71,Employed,636,9711.4,0.133,0,0.407,0.202,30,0
68,117321.41,Retired,628,11196.0,0.787,0,0.602,0.072,23,0
33,65117.24,Employed,713,10963.7,0.083,0,0.006,0.174,24,0
25,86086.52,Self-Employed,487,23737.21,0.134,1,0.54,0.107,71,0
50,26780.99,Employed,680,26404.95,0.491,1,0.0,0.034,28,0
37,46008.84,Self-Employed,803,19853.67,0.449,0,0.039,0.094,43,0
42,90253.1,Employed,485,28676.86,0.243,5,0.074,0.109,45,0
32,31449.34,Employed,742,30984.71,0.233,2,0.523,0.092,58,0
40,79428.4,Employed,721,4983.14,0.419,0,0.536,0.037,64,0
40,70732.39,Unemployed,572,21060.34,0.407,1,0.583,0.215,7,0
38,56238.78,Employed,719,11826.77,0.244,1,0.379,0.119,57,0
58,41591.4,Employed,755,6946.21,0.499,0,0.305,-0.076,37,0
50,29937.06,Employed,592,12187.42,0.436,1,0.497,0.116,20,0
44,119096.53,Self-Employed,627,22891.4,0.55,4,0.354,0.141,50,0
26,67233.79,Self-Employed,682,35353.35,0.343,1,0.431,-0.06,21,0
49,58122.5,Employed,753,6587.57,0.472,0,0.369,0.043,54,0
29,39877.8,Employed,639,21397.93,0.316,1,0.373,0.174,29,0
36,49957.89,Self-Employed,677,48020.22,0.431,2,0.832,0.113,51,1
41,53229.0,Employed,630,44287.25,0.404,0,0.584,0.113,46,1
28,59870.42,Employed,682,1859.41,0.477,3,0.49,0.004,17,0
40,70768.56,Employed,759,54574.83,0.428,2,0.301,0.032,14,0
34,33148.88,Employed,688,26281.61,0.067,2,0.398,-0.009,38,0
63,23545.77,Retired,653,3698.08,0.256,0,0.601,-0.051,28,0
63,51130.7,Employed,678,9326.39,0.362,1,0.425,-0.1,45,1
21,20463.36,Employed,620,31402.99,0.42,1,0.297,0.267,31,1
51,41696.38,Unemployed,605,18327.74,0.474,1,0.018,0.042,22,0
53,38002.42,Employed,770,10463.27,0.432,0,0.304,0.123,40,0
39,62684.79,Retired,803,15365.46,0.244,0,0.536,0.19,4,0
44,132097.89,Employed,546,20487.11,0.488,0,0.108,0.112,15,0
60,18540.35,Retired,724,10429.97,0.229,0,0.707,0.092,19,1
39,152831.69,Unemployed,744,13680.54,0.539,0,0.439,0.129,2,0
24,43628.35,Unemployed,589,25289.64,0.549,1,0.694,0.264,40,1
39,58331.9,Employed,645,9696.39,0.348,1,0.368,0.104,22,0
33,24163.15,Unemployed,637,6540.75,0.253,1,0.0,-0.017,39,0
40,80695.31,Self-Employed,823,10072.99,0.246,4,0.297,0.012,46,0
32,50047.92,Employed,804,8661.58,0.186,0,0.237,0.024,54,0
28,47537.13,Employed,611,10271.0,0.212,0,0.194,0.084,47,0
70,18607.27,Self-Employed,571,5237.11,0.323,1,0.488,0.003,11,1
27,50863.38,Retired,738,17006.87,0.266,1,0.183,0.052,21,0
56,74825.51,Self-Employed,721,24848.7,0.109,1,0.065,0.086,9,0
56,43558.52,Employed,773,9072.14,0.277,2,0.242,0.178,21,0
51,88176.84,Self-Employed,601,9984.79,0.364,2,0.564,0.028,57,0
66,86374.48,Employed,734,13194.67,0.299,2,0.322,0.147,39,0
21,35576.92,Employed,625,8545.98,0.216,1,0.18,0.119,50,0
36,108831.59,Self-Employed,727,26642.68,0.0,2,0.29,0.155,15,0
30,50143.67,Employed,677,8662.89,0.522,2,0.619,-0.092,32,1
49,50255.37,Self-Employed,823,10769.36,0.344,2,0.485,-0.044,44,0
52,51507.91,Employed,714,9339.79,0.398,1,0.495,-0.023,20,0
65,50749.54,Employed,656,27024.15,0.377,0,0.482,0.207,32,0
39,13159.95,Self-Employed,690,12853.26,0.425,0,0.014,0.037,49,0
32,44678.46,Employed,672,48818.55,0.386,2,0.35,0.005,50,0
67,24785.81,Retired,593,18256.18,0.365,0,0.598,0.09,43,0
54,110543.88,Retired,824,29586.07,0.464,0,0.0,0.264,34,0
59,108341.28,Retired,800,12154.28,0.497,0,0.0,0.045,37,0
43,75054.45,Retired,667,8386.91,0.557,0,0.139,0.046,18,0
43,43510.88,Employed,732,14473.92,0.225,3,0.212,0.176,63,0
40,29613.7,Employed,834,9823.9,0.387,0,0.385,0.119,16,0
58,35284.87,Unemployed,773,4450.99,0.109,2,0.09,0.099,54,0
31,129485.08,Employed,657,27122.31,0.278,2,0.486,0.061,6,0
69,34679.41,Unemployed,673,15057.72,0.32,1,0.867,0.122,31,0
29,15096.26,Employed,551,9699.39,0.461,3,0.25,-0.1,41,1
44,82049.89,Unemployed,738,18504.38,0.332,0,0.066,0.121,24,0
36,103803.15,Employed,773,15186.46,0.451,1,0.281,-0.001,12,0
53,112376.24,Unemployed,774,34402.15,0.298,2,0.495,0.216,23,0
55,82386.26,Employed,733,19142.96,0.263,0,0.409,0.183,31,0
66,89389.62,Employed,706,13438.09,0.23,2,0.538,0.16,37,0
60,50335.56,Retired,605,22383.0,0.454,2,0.315,0.257,33,0
33,17358.75,Employed,704,14449.59,0.293,0,0.448,0.311,37,0
31,49708.96,Employed,633,16486.54,0.0,1,0.94,0.098,40,0
65,66888.77,Employed,719,30813.25,0.445,0,0.288,0.102,45,0
45,45814.91,Employed,623,7323.6,0.211,0,0.374,0.156,28,0
25,44782.91,Employed,719,8795.85,0.379,3,0.475,0.148,40,0
62,30270.87,Self-Employed,779,11480.28,0.181,0,0.926,-0.092,17,0
53,29706.78,Employed,708,12533.78,0.352,1,0.565,0.076,11,0
22,122893.6,Employed,705,29552.5,0.0,1,0.399,0.026,28,0
60,125138.1,Retired,748,6318.14,0.345,0,0.275,0.131,82,0
51,48955.96,Self-Employed,813,14505.75,0.219,0,0.672,0.134,35,0
51,56430.32,Employed,672,10609.8,0.16,1,0.357,0.099,48,0
64,30018.56,Employed,719,40957.47,0.465,2,0.712,0.042,53,1
45,67594.87,Employed,793,25092.1,0.332,0,0.318,0.055,30,0
44,118163.51,Unemployed,730,17038.24,0.313,2,0.245,0.245,57,0
51,22819.82,Self-Employed,530,26404.92,0.241,1,0.056,-0.095,42,1
30,61817.49,Self-Employed,626,6689.78,0.484,1,0.489,0.342,51,0
28,64184.12,Self-Employed,736,49836.49,0.285,0,0.0,0.248,38,0
63,63818.81,Unemployed,650,8909.63,0.573,1,0.652,0.085,39,0
31,111458.64,Employed,788,31387.66,0.534,3,0.06,0.15,56,0
46,135673.85,Employed,819,20557.7,0.564,1,0.0,0.09,28,0
34,43619.44,Employed,636,17302.3,0.495,0,0.366,0.085,40,0
32,68636.99,Retired,603,30611.61,0.259,2,0.586,0.062,36,0
50,51129.5,Employed,653,26848.07,0.358,0,0.35,0.045,37,0
61,35737.02,Employed,649,15747.38,0.32,1,0.544,0.155,46,0
43,56128.95,Unemployed,795,11464.85,0.476,0,0.446,0.029,40,0
27,68579.56,Employed,602,15895.91,0.348,0,0.527,0.104,34,0
33,54636.88,Employed,736,13881.55,0.314,1,0.723,0.066,60,0
29,31552.54,Self-Employed,784,18258.66,0.599,0,0.221,0.255,41,0
65,38879.39,Retired,741,27237.6,0.301,0,0.41,0.186,26,0
36,39028.46,Employed,713,19558.03,0.256,1,0.0,0.04,35,0
39,32169.63,Employed,668,16496.8,0.29,0,0.677,0.203,35,0
24,57340.92,Retired,819,9972.83,0.511,1,0.301,0.13,27,0
43,60418.83,Self-Employed,662,17940.11,0.378,0,0.389,0.188,29,0
66,79998.15,Employed,751,5337.11,0.419,1,0.305,0.175,34,0
41,31926.41,Employed,668,9149.88,0.385,1,0.227,-0.016,43,0
53,36726.75,Employed,542,21242.21,0.021,0,0.542,0.145,18,0
30,106647.55,Employed,660,25112.28,0.19,1,0.501,0.094,44,0
28,45150.29,Employed,668,14582.86,0.308,1,0.255,0.255,32,0
57,49764.92,Unemployed,669,16657.14,0.397,1,0.758,0.025,19,0
24,44911.45,Self-Employed,630,18437.77,0.202,1,0.565,0.157,43,0
43,86380.34,Unemployed,727,22222.52,0.198,1,0.731,0.002,40,1
36,88071.51,Employed,735,13084.12,0.303,0,0.0,0.273,44,0
21,85528.42,Employed,657,8186.35,0.549,0,0.238,0.146,52,0
47,49676.33,Self-Employed,656,18625.83,0.027,2,0.591,0.057,63,0
69,31690.81,Employed,601,47809.67,0.0,0,0.108,0.215,36,0
24,128361.6,Employed,699,8489.02,0.61,1,0.286,0.241,31,0
61,75218.65,Employed,783,13682.21,0.12,0,0.151,0.132,33,0
47,39013.79,Employed,783,11710.63,0.289,0,0.465,0.084,30,0
57,99898.45,Employed,635,62813.11,0.125,0,0.303,0.006,27,0
25,37503.73,Employed,829,8296.3,0.305,2,0.156,0.019,36,0
64,99245.48,Unemployed,653,13409.59,0.33,2,0.76,-0.004,12,0
21,102656.35,Employed,604,11863.1,0.592,0,0.522,0.19,48,0
66,30923.1,Employed,578,6956.22,0.458,0,0.517,0.194,41,0
53,65570.37,Employed,599,6733.19,0.158,0,0.423,0.011,58,0
37,72482.13,Employed,705,20765.12,0.064,0,0.568,0.197,22,0
21,181217.75,Employed,661,22588.4,0.425,0,0.502,0.074,57,0
51,33821.41,Employed,633,10554.42,0.272,0,0.0,0.051,50,0
25,100335.18,Employed,616,34385.76,0.242,1,0.81,0.136,21,0
51,49447.81,Employed,599,3825.76,0.528,1,0.774,0.092,19,0
59,26352.49,Retired,613,6939.03,0.087,1,0.289,-0.047,40,0
34,46166.35,Employed,756,9001.69,0.295,0,0.023,0.069,44,0
32,49081.25,Employed,815,14685.68,0.445,0,0.151,-0.013,47,0
32,28869.9,Retired,820,11265.0,0.173,0,0.158,-0.042,26,0
32,57301.77,Self-Employed,732,13086.96,0.545,0,0.456,0.047,71,0
26,79134.53,Self-Employed,643,19752.46,0.198,0,0.301,0.09,18,0
33,55221.1,Employed,630,35392.02,0.339,2,0.257,-0.011,53,0
53,37386.99,Retired,737,23895.81,0.246,1,0.529,0.103,9,0
36,45513.49,Employed,662,15270.71,0.0,1,0.368,0.105,24,0
60,48909.57,Self-Employed,711,14071.62,0.287,0,0.603,0.154,49,0
61,54647.61,Self-Employed,825,28590.99,0.469,1,0.382,0.082,62,0
59,85384.12,Employed,696,45731.42,0.195,0,0.767,0.156,52,0
47,56160.55,Retired,850,21654.66,0.256,0,0.888,0.163,33,0
36,24310.21,Retired,595,11003.15,0.273,0,0.447,-0.026,18,0
67,37006.15,Employed,714,17249.47,0.43,1,0.325,0.239,54,0
31,53263.71,Employed,704,20914.28,0.296,1,0.381,0.198,33,0
44,85996.53,Self-Employed,606,10582.03,0.353,0,0.628,0.075,57,0
43,93800.29,Employed,740,24821.18,0.355,0,0.587,0.021,53,0
58,119055.22,Employed,795,17299.36,0.271,0,0.0,0.167,43,0
48,52329.06,Employed,845,29696.81,0.603,1,0.518,0.043,23,0
60,71801.06,Unemployed,711,8216.95,0.196,1,0.31,0.013,24,0
66,23689.07,Retired,537,5193.24,0.455,0,0.456,0.071,44,1
40,60775.42,Employed,716,11664.99,0.541,0,0.395,0.196,38,0
64,28634.51,Self-Employed,736,14976.57,0.329,1,0.307,0.217,64,1
29,47511.66,Unemployed,662,5011.34,0.359,0,0.028,0.249,45,0
66,222998.25,Employed,696,10248.89,0.43,1,0.046,0.08,43,0
29,57055.35,Employed,644,31892.73,0.294,1,0.334,0.087,59,0
63,31827.74,Employed,670,20332.38,0.066,0,0.365,0.087,26,0
40,60107.78,Unemployed,756,16041.54,0.313,1,0.381,0.048,44,0
69,37852.88,Employed,784,7836.36,0.597,0,0.453,0.046,23,0
27,30321.97,Employed,585,31262.33,0.435,2,0.215,0.065,49,0
44,140304.42,Employed,642,11494.14,0.362,1,0.088,0.25,59,0
66,83567.17,Employed,561,15630.77,0.463,0,0.613,0.031,39,0
23,58265.67,Employed,818,18853.26,0.328,0,0.519,0.117,10,0
34,40299.26,Self-Employed,745,16362.55,0.354,1,0.241,0.148,51,0
25,41965.59,Employed,530,36136.8,0.285,1,0.587,0.269,58,0
37,106004.94,Self-Employed,675,20849.15,0.422,1,0.175,0.124,25,0
40,57141.66,Self-Employed,659,18088.02,0.27,0,0.445,0.078,26,0
51,12000.0,Unemployed,623,14018.63,0.303,0,0.448,0.021,51,1
33,164467.66,Employed,758,19132.5,0.482,0,0.256,0.028,22,0
28,53719.49,Employed,756,13016.88,0.321,1,0.505,0.099,19,0
29,58202.55,Self-Employed,700,16541.5,0.435,0,0.111,0.075,22,0
67,84402.09,Employed,632,12027.75,0.447,0,0.391,0.095,29,0
68,61864.48,Employed,633,10941.74,0.338,1,0.391,0.146,47,0
32,71214.68,Employed,683,8521.64,0.298,1,0.154,0.048,38,0
30,39661.58,Employed,646,12547.61,0.152,0,0.537,0.13,50,0
23,26505.36,Employed,680,12063.3,0.186,0,0.644,0.183,44,0
68,56393.91,Retired,722,44250.66,0.441,0,0.384,-0.046,56,0
56,100288.6,Unemployed,565,26776.05,0.439,0,0.415,0.114,52,0
59,35457.81,Self-Employed,623,13623.95,0.202,0,0.336,0.215,19,0
35,34063.71,Retired,677,11453.07,0.409,1,0.377,0.134,31,0
53,90265.41,Self-Employed,797,21354.83,0.382,2,0.284,0.05,55,0
23,39002.36,Employed,743,47352.16,0.49,0,0.398,0.149,42,0
54,39923.49,Employed,680,23811.79,0.675,1,0.34,0.058,28,1
49,40677.4,Unemployed,710,5260.43,0.436,1,0.756,0.171,30,0
37,47453.69,Employed,672,24782.64,0.246,1,0.346,0.138,49,0
56,22318.72,Retired,761,27561.96,0.462,1,0.185,0.253,30,0
53,37433.82,Employed,713,55245.57,0.194,1,0.014,0.092,53,0
42,55005.26,Employed,776,12720.78,0.683,2,0.615,0.136,33,0
30,54809.51,Self-Employed,578,16044.82,0.166,0,0.711,0.073,58,0
22,87465.22,Unemployed,620,19344.13,0.416,2,0.135,0.109,53,0
67,122970.05,Unemployed,701,9335.82,0.35,0,0.528,0.032,27,0
35,104426.81,Employed,717,8841.88,0.288,0,0.509,0.206,47,0
36,77445.23,Employed,850,18762.48,0.279,2,0.396,0.119,15,0
55,45507.51,Self-Employed,544,5849.92,0.554,1,0.147,0.103,36,0
33,35899.03,Retired,678,6699.48,0.435,0,0.504,0.173,35,0
39,49460.97,Employed,674,24086.49,0.327,0,0.683,0.223,10,0
56,65695.74,Employed,698,19904.55,0.61,1,0.702,0.282,9,0
50,73937.02,Employed,810,31252.19,0.332,3,0.507,0.033,53,0
53,66939.39,Self-Employed,746,19495.52,0.46,1,0.585,0.156,35,0
21,46138.93,Employed,560,14857.4,0.149,0,0.0,0.177,37,0
43,72651.63,Retired,795,31998.41,0.157,1,0.527,0.093,31,0
44,92082.14,Employed,793,11456.1,0.456,1,0.53,0.049,54,0
52,76121.06,Self-Employed,700,12088.35,0.396,1,0.323,0.194,13,0
28,48242.39,Self-Employed,559,14204.14,0.672,0,0.414,0.027,48,0
28,32308.18,Employed,669,19346.74,0.244,0,0.279,0.133,65,0
59,31927.29,Employed,715,14186.22,0.451,0,0.053,0.044,23,0
54,34870.32,Employed,755,6057.01,0.313,1,0.53,0.104,21,0
61,55744.7,Self-Employed,547,12582.28,0.477,2,0.811,-0.024,41,0
34,63570.31,Self-Employed,622,14487.85,0.465,1,0.204,0.017,45,0
70,24166.77,Employed,762,15817.82,0.346,0,0.412,-0.045,16,0
34,38101.25,Employed,793,11275.19,0.239,1,0.104,0.314,30,0
53,55361.67,Retired,712,19997.64,0.299,2,0.446,-0.015,58,0
29,31262.05,Employed,766,5617.74,0.183,1,0.256,0.171,64,0
66,60897.78,Employed,714,18948.04,0.405,0,0.365,0.039,33,0
37,42036.18,Retired,752,43291.69,0.0,1,0.615,-0.09,37,0
61,34142.21,Retired,691,10259.05,0.263,2,0.462,0.121,40,0
37,50342.39,Employed,716,15284.07,0.486,3,0.371,0.306,2,0
60,59643.48,Employed,588,12730.87,0.482,1,0.193,0.038,24,0
43,32071.9,Employed,734,12860.27,0.108,0,0.55,0.248,34,0
24,43420.8,Employed,586,7965.85,0.437,0,0.153,0.258,70,0
30,61934.9,Self-Employed,734,48773.15,0.179,0,0.69,0.014,41,0
55,33488.42,Employed,647,18610.31,0.293,1,0.423,-0.038,57,0
30,21399.47,Employed,708,9872.63,0.465,0,0.172,0.037,32,0
34,22736.19,Employed,609,9220.75,0.204,1,0.066,0.187,42,0
48,39774.23,Self-Employed,642,15319.79,0.564,1,0.327,-0.061,21,0
33,25356.51,Self-Employed,708,4021.44,0.389,3,0.321,0.14,13,0
27,41197.76,Employed,737,27769.49,0.419,1,0.5,0.108,18,0
52,112698.5,Employed,762,10847.5,0.512,2,0.174,0.047,28,0
55,24604.9,Employed,594,18643.93,0.484,2,0.573,0.061,33,1
57,42561.17,Self-Employed,567,19174.92,0.47,2,0.0,0.085,25,0
68,142365.4,Self-Employed,607,26348.84,0.251,0,0.418,0.107,2,0
27,60118.03,Unemployed,600,19842.38,0.183,0,0.241,0.231,45,0
42,40787.8,Retired,798,23061.16,0.308,0,0.42,0.067,21,1
32,45322.49,Employed,781,27212.71,0.421,0,0.665,0.092,34,0
66,60759.65,Retired,605,12110.79,0.157,0,0.599,0.15,23,0
47,114449.16,Employed,808,53681.96,0.437,0,0.473,0.021,49,0
25,37593.0,Employed,776,18246.42,0.406,0,0.692,0.228,7,0
55,33563.51,Employed,558,14518.96,0.323,0,0.701,0.033,47,0
23,24602.31,Self-Employed,603,8913.63,0.359,3,0.738,0.138,27,1
34,51613.99,Self-Employed,556,13039.92,0.36,0,0.266,0.079,28,0
57,24273.88,Employed,674,18790.63,0.416,2,0.564,0.1,34,0
46,38875.08,Retired,681,15633.42,0.462,0,0.569,0.26,32,0
59,31121.63,Retired,681,44199.5,0.781,0,0.402,0.121,54,1
49,83873.23,Retired,528,11684.39,0.375,0,0.627,0.044,43,0
63,38017.5,Employed,573,22194.19,0.253,0,0.408,0.026,53,0
49,59782.32,Retired,700,7515.11,0.064,2,0.072,0.201,40,0
23,21981.45,Self-Employed,727,54716.74,0.139,0,0.679,0.136,31,1
24,52352.42,Self-Employed,529,7214.28,0.236,1,0.265,0.059,31,0
59,26860.71,Employed,584,51255.11,0.453,1,0.014,0.188,9,1
22,39623.42,Unemployed,757,13609.13,0.291,0,1.0,0.034,61,0
39,148093.82,Self-Employed,588,3863.27,0.411,1,0.162,0.03,31,0
21,78126.7,Employed,679,33230.48,0.24,2,0.541,0.088,6,0
36,45972.27,Retired,581,15512.4,0.418,1,0.167,0.076,17,0
50,242673.2,Employed,742,11247.89,0.481,1,0.307,-0.041,9,0
29,31020.78,Self-Employed,529,21698.73,0.29,1,0.246,0.059,22,0
44,87781.69,Employed,657,21996.64,0.415,0,0.181,0.145,41,0
70,22780.56,Employed,751,18934.67,0.284,1,0.591,0.069,2,0
24,43392.36,Employed,726,29173.71,0.165,0,0.9,0.097,53,0
24,24986.85,Employed,645,17180.49,0.433,0,0.401,0.018,23,0
34,55750.29,Employed,628,21803.69,0.412,0,0.009,0.122,30,0
62,50412.03,Employed,663,10796.11,0.439,2,0.17,0.139,32,0
41,42031.21,Employed,583,23373.04,0.493,0,0.216,0.212,16,1
52,84628.68,Self-Employed,672,10824.41,0.313,0,0.422,0.074,44,0
22,36917.85,Employed,674,7519.65,0.324,3,0.308,0.079,12,0
57,57723.86,Employed,649,13046.08,0.307,2,0.865,0.151,56,0
24,73885.91,Employed,755,12513.1,0.402,1,0.379,0.088,17,0
56,23350.87,Employed,600,25761.86,0.329,1,0.578,0.15,32,0
28,33718.19,Employed,552,6173.86,0.369,0,0.362,0.158,23,0
63,50358.89,Retired,641,28457.87,0.242,0,0.391,0.014,49,0
35,67176.36,Employed,689,10160.02,0.196,0,0.321,0.011,16,0
30,99769.61,Employed,672,3364.6,0.214,0,0.399,0.053,54,0
37,44005.07,Employed,669,7155.0,0.412,0,0.291,-0.038,65,0
21,41846.54,Employed,596,12276.95,0.344,0,0.408,0.248,12,0
29,31688.27,Self-Employed,606,19274.45,0.276,0,0.278,-0.002,5,0
50,57814.34,Retired,643,13629.89,0.45,1,0.899,0.192,29,0
36,42253.45,Employed,637,7145.78,0.569,0,0.486,0.018,35,0
38,42743.99,Employed,762,9254.63,0.276,1,0.527,0.186,30,0
61,46772.74,Self-Employed,700,7217.64,0.187,0,0.363,0.195,29,0
27,64589.95,Employed,640,17244.59,0.492,0,0.075,-0.039,43,0
40,36980.08,Employed,762,13983.65,0.352,2,0.103,0.091,38,0
30,33320.26,Self-Employed,713,21338.39,0.322,1,0.362,0.237,9,0
45,60831.44,Employed,578,5104.52,0.503,2,0.354,0.108,22,0
37,12000.0,Employed,437,10717.25,0.311,2,0.486,0.172,53,1
23,36248.78,Unemployed,581,49875.18,0.41,0,0.441,0.121,35,1
24,27566.19,Employed,725,21690.3,0.374,1,0.296,0.171,32,0
63,89467.36,Employed,747,12361.42,0.837,2,0.983,0.201,14,0
23,39321.77,Self-Employed,555,8164.8,0.33,2,0.476,0.085,44,0
60,37035.86,Employed,729,28699.89,0.491,3,0.303,0.1,33,0
66,47843.41,Employed,727,37034.41,0.312,1,0.317,0.075,33,0
44,36399.63,Self-Employed,785,7411.58,0.418,0,0.559,0.001,48,0
36,40081.73,Self-Employed,751,7844.43,0.321,1,0.351,0.156,18,0
59,51459.75,Unemployed,781,17453.24,0.469,0,0.61,0.106,51,0
70,39694.97,Employed,717,18460.16,0.336,1,0.381,0.201,38,0
27,39552.78,Employed,714,19725.49,0.426,0,0.315,0.256,51,0
69,29581.99,Self-Employed,655,44623.77,0.237,2,0.084,0.057,29,0
68,27532.11,Employed,742,8242.9,0.231,1,0.629,0.067,53,0
28,50529.8,Self-Employed,580,15122.14,0.068,0,0.161,0.05,2,0
23,57142.32,Employed,670,22759.01,0.405,1,0.565,0.216,13,0
56,24002.7,Employed,720,22612.35,0.253,2,0.269,-0.01,20,0
24,71680.26,Self-Employed,786,10009.71,0.679,2,0.589,0.127,22,0
51,71827.58,Self-Employed,644,10249.72,0.279,1,0.682,-0.019,50,1
24,79805.25,Employed,752,11208.94,0.537,1,0.234,0.218,4,0
55,56950.89,Employed,665,41030.64,0.522,0,0.215,0.158,47,1
32,67409.49,Unemployed,754,8208.43,0.313,0,0.888,0.049,33,0
25,146168.15,Retired,620,12154.01,0.239,2,0.501,0.244,16,0
24,42160.51,Employed,734,23512.12,0.33,2,0.559,0.036,60,0
30,29061.06,Employed,673,7682.59,0.52,0,0.102,0.11,13,0
48,22764.78,Employed,591,17236.95,0.693,1,0.176,-0.076,47,1
24,117928.87,Employed,669,4723.39,0.165,1,0.447,0.15,53,0
61,118704.64,Employed,779,16573.51,0.352,3,0.316,0.072,5,0
51,30874.94,Unemployed,604,15236.13,0.259,0,0.179,0.082,18,0
35,34075.69,Employed,569,16287.7,0.296,0,0.461,0.023,54,0
70,41689.5,Employed,710,8766.04,0.606,0,0.024,0.012,36,0
53,90411.65,Employed,554,16926.48,0.235,1,0.467,0.056,43,0
54,25754.09,Employed,797,14422.88,0.109,0,0.202,0.203,35,0
29,18337.26,Employed,795,32191.97,0.38,1,0.556,0.133,45,1
56,144893.93,Employed,758,21648.79,0.407,0,0.422,0.031,15,0
48,57307.49,Employed,679,6189.51,0.287,2,0.516,-0.078,45,0
70,61525.48,Self-Employed,805,8959.31,0.248,1,0.695,0.257,31,0
44,44242.76,Employed,781,10200.44,0.374,0,0.253,-0.098,30,0
54,61876.3,Employed,640,16452.48,0.148,1,0.185,0.191,13,0
38,22991.9,Retired,788,13340.1,0.413,0,0.664,0.14,10,0
23,32194.14,Employed,612,13307.02,0.298,0,0.772,0.084,31,0
27,51667.23,Employed,665,80068.67,0.558,0,0.682,0.054,52,0
64,15749.35,Unemployed,545,10853.71,0.398,0,0.0,0.161,37,0
57,42139.52,Employed,691,34013.73,0.327,2,0.532,0.188,19,0
39,40860.45,Employed,658,13515.38,0.316,2,0.194,0.188,31,0
55,42135.88,Unemployed,646,3995.35,0.06,0,0.597,0.189,29,0
21,37214.7,Employed,668,16560.83,0.331,0,0.344,-0.021,21,0
22,29793.75,Retired,637,28898.31,0.32,1,0.326,0.046,40,0
46,19712.02,Employed,683,21591.79,0.358,1,0.314,0.049,19,1
52,52700.15,Employed,776,17217.65,0.321,1,0.268,0.105,23,0
67,42189.98,Employed,600,14976.47,0.564,1,0.119,0.123,17,0
58,24645.74,Employed,745,10973.13,0.31,1,0.316,0.186,22,0
33,50577.73,Employed,696,25279.3,0.223,2,0.429,0.098,57,0
61,42299.26,Employed,708,11378.47,0.1,1,0.729,0.163,23,0
45,38928.74,Employed,678,10054.72,0.283,0,0.513,0.072,26,0
62,16673.11,Employed,626,18889.83,0.193,2,0.336,0.265,46,0
29,68967.02,Employed,713,12332.03,0.155,0,0.32,0.049,49,0
22,26462.25,Employed,719,31841.28,0.303,0,0.0,0.048,26,0
23,50596.37,Self-Employed,620,19542.92,0.521,2,0.314,0.121,53,0
70,32724.06,Employed,580,9257.77,0.49,0,0.43,0.193,19,0
25,40361.71,Self-Employed,686,7429.13,0.158,2,0.265,0.038,44,0
67,87216.28,Employed,737,10465.56,0.356,0,0.284,0.077,33,0
57,63946.95,Employed,755,60040.46,0.413,0,0.0,0.071,40,0
28,86251.26,Retired,770,12803.28,0.438,0,0.094,0.018,43,0
64,57825.94,Retired,708,23271.09,0.591,1,0.158,0.056,33,0
28,59758.8,Employed,660,6745.37,0.175,0,0.241,0.046,42,0
28,20119.21,Employed,680,7709.06,0.217,3,0.0,0.207,46,0
49,41824.5,Unemployed,587,13186.4,0.251,0,0.358,0.113,9,0
35,43806.85,Employed,629,40972.6,0.405,0,0.38,0.06,21,1
35,90384.89,Employed,676,6806.0,0.0,0,0.49,0.25,47,0
30,38058.71,Employed,660,10118.89,0.316,0,0.305,0.246,5,0
51,55962.09,Employed,687,25362.23,0.083,2,0.581,0.238,17,0
22,54878.6,Self-Employed,577,38390.03,0.35,0,0.793,0.065,57,1
33,87451.32,Employed,594,19195.71,0.661,1,0.09,0.183,28,1
48,45849.88,Employed,738,22148.41,0.485,2,0.125,0.272,37,0
45,74153.57,Employed,617,8620.05,0.166,0,0.474,0.069,40,0
55,20901.32,Employed,629,6675.82,0.287,0,0.529,0.083,41,0
31,21872.61,Self-Employed,687,7424.24,0.217,0,0.132,0.065,26,0
53,15651.59,Retired,610,8742.79,0.544,1,0.771,0.118,29,0
58,72619.77,Employed,763,16904.94,0.02,0,0.193,0.246,66,0
40,68653.92,Self-Employed,586,7102.61,0.284,1,0.346,0.106,14,0
33,76758.07,Employed,680,17158.36,0.246,2,0.547,0.055,24,0
48,34937.61,Employed,624,12220.72,0.174,0,0.716,0.092,16,0
49,36983.46,Employed,692,10535.33,0.599,2,0.181,0.195,31,0
25,46141.88,Employed,643,25110.03,0.115,0,0.563,-0.1,20,0
49,100896.41,Employed,678,8304.74,0.171,0,0.376,0.131,53,0
28,114337.98,Unemployed,772,34941.23,0.589,1,0.077,0.082,58,0
49,72904.4,Employed,628,24306.66,0.335,1,0.265,0.048,33,0
67,57844.28,Employed,628,8151.35,0.324,1,0.135,-0.041,19,0
47,95577.37,Unemployed,656,30373.98,0.256,3,0.55,0.149,61,0
59,43134.52,Self-Employed,791,7593.57,0.35,1,0.087,0.077,22,0
36,40317.03,Employed,673,32075.5,0.286,0,0.496,0.137,37,0
67,45958.26,Employed,773,18029.42,0.24,2,0.396,0.01,39,0
61,30050.75,Unemployed,667,5724.59,0.14,0,0.473,-0.052,19,0
66,44913.57,Employed,769,6787.06,0.356,1,0.399,0.002,28,0
58,28037.44,Employed,711,11579.77,0.26,2,0.206,0.082,62,0
53,81838.57,Employed,722,24851.6,0.28,2,0.483,-0.045,38,0
47,64334.01,Employed,572,13327.52,0.449,0,0.427,0.112,41,0
67,100185.75,Self-Employed,561,13129.64,0.274,1,0.285,0.233,46,0
63,21706.32,Unemployed,760,15124.96,0.334,2,0.962,-0.099,40,0
41,126861.15,Employed,759,4460.2,0.601,1,0.139,0.043,49,0
25,22331.7,Retired,850,24210.34,0.408,0,0.51,0.086,42,0
21,26925.95,Employed,569,32984.56,0.269,0,0.529,0.084,32,1
32,35939.39,Employed,716,23709.16,0.185,2,0.335,0.205,81,0
24,94264.54,Employed,603,11451.87,0.33,1,0.454,0.066,25,0
31,54873.55,Employed,624,8681.72,0.468,1,0.497,0.077,28,0
26,43394.39,Employed,642,7714.35,0.261,3,0.383,0.071,55,0
70,32980.98,Self-Employed,709,7480.95,0.344,2,0.276,0.138,46,0
25,24637.68,Employed,630,57453.87,0.258,1,0.381,0.232,28,1
52,86362.92,Employed,683,14082.75,0.289,0,0.266,0.1,27,0
38,73080.7,Employed,742,25407.8,0.158,0,0.701,0.223,34,0
29,96396.5,Employed,765,24582.32,0.382,1,0.592,0.108,39,0
56,59778.96,Employed,732,16083.77,0.363,1,0.416,-0.001,34,0
69,13081.43,Employed,714,8442.27,0.562,2,0.235,0.189,26,0
60,26310.11,Employed,669,20155.17,0.357,0,0.329,0.098,44,0
69,61848.04,Unemployed,637,7711.64,0.233,0,0.269,0.214,35,0
50,40747.16,Unemployed,720,21192.08,0.558,1,0.377,0.166,47,0
54,37070.58,Employed,601,7925.77,0.395,1,0.046,0.175,37,0
28,28236.95,Employed,689,11365.12,0.369,1,0.276,0.039,12,0
63,78731.2,Employed,599,11353.71,0.338,0,0.158,0.023,42,0
58,61580.24,Employed,677,34179.15,0.363,0,0.244,0.097,49,0
33,62981.46,Unemployed,601,3427.35,0.21,1,0.801,-0.009,40,0
38,35710.46,Employed,650,59782.7,0.327,0,0.328,0.013,11,1
51,53537.84,Unemployed,629,9103.89,0.306,0,0.442,0.04,39,0
21,25112.41,Employed,620,13711.4,0.393,1,0.35,0.002,28,0
61,45939.75,Retired,673,18920.18,0.507,1,0.537,0.091,35,0
35,13849.93,Self-Employed,498,17971.98,0.484,0,0.313,0.102,42,0
24,22380.42,Self-Employed,545,24493.87,0.416,2,0.278,0.058,31,1
37,41724.51,Retired,740,21294.92,0.081,0,0.248,0.0,44,0
62,160742.51,Employed,691,50121.08,0.274,0,0.236,0.033,42,0
34,19922.97,Employed,626,22901.49,0.066,3,0.73,0.118,40,0
47,26323.3,Employed,753,13760.85,0.502,1,0.484,0.08,29,0
61,54632.67,Unemployed,632,10595.58,0.321,1,0.264,0.108,50,0
22,118742.37,Unemployed,637,10432.57,0.317,0,0.584,0.028,57,1
58,54235.24,Employed,621,32078.66,0.236,0,0.653,0.133,35,0
35,69638.37,Self-Employed,823,42324.49,0.529,2,0.243,0.162,28,0
55,41406.71,Employed,698,26969.47,0.355,1,0.335,-0.005,29,0
30,37975.22,Employed,695,2211.33,0.322,0,0.402,0.063,47,0
27,51077.13,Employed,715,3834.18,0.358,1,0.231,-0.033,36,0
60,35272.37,Employed,541,14697.94,0.37,1,0.291,0.166,31,0
61,70413.1,Employed,635,13359.52,0.319,0,0.291,0.278,24,0
70,21957.5,Self-Employed,714,14942.21,0.529,2,0.368,0.172,41,0
54,76495.98,Employed,680,31289.74,0.527,1,1.0,0.088,44,0
44,49993.91,Employed,845,30367.67,0.353,2,0.201,0.113,34,0
30,44030.58,Employed,640,16398.55,0.223,3,0.076,0.146,39,0
35,21558.12,Employed,751,5917.51,0.388,2,0.615,-0.001,42,0
53,30034.61,Self-Employed,740,7061.96,0.25,0,0.44,0.104,49,0
38,89261.52,Unemployed,691,15374.37,0.553,0,0.332,0.098,22,0
45,44165.56,Employed,704,18960.13,0.575,0,0.59,0.082,24,0
29,56342.21,Unemployed,658,7112.54,0.447,0,0.131,0.066,29,0
42,31578.57,Self-Employed,532,21945.4,0.165,1,0.469,0.107,35,1
32,48313.81,Unemployed,706,5159.39,0.27,1,0.359,0.019,28,0
26,24684.33,Employed,712,2987.24,0.309,1,0.408,0.04,31,0
27,51531.12,Employed,724,8733.52,0.213,1,0.411,0.122,46,0
46,59001.64,Self-Employed,685,33652.35,0.294,2,0.924,0.096,13,0
39,57544.13,Employed,753,36804.34,0.374,0,0.289,0.101,23,0
25,31201.07,Employed,615,5670.52,0.419,0,0.215,0.177,25,0
46,41314.74,Employed,790,5936.69,0.533,0,0.518,0.092,54,0
29,64125.48,Employed,606,23308.21,0.336,0,0.625,0.083,36,0
21,44102.92,Employed,672,11334.27,0.295,1,0.103,0.152,38,0
27,42461.26,Retired,731,33517.55,0.146,1,0.486,0.241,22,0
43,126973.52,Employed,641,23081.73,0.392,1,0.143,0.062,27,0
68,30470.23,Employed,736,25586.91,0.272,1,0.102,0.136,2,0
33,84137.63,Retired,654,9017.04,0.308,0,0.351,0.079,36,0
35,27519.76,Employed,689,19269.66,0.255,1,0.254,0.024,25,0
33,68008.67,Employed,666,49505.06,0.259,2,0.116,0.098,11,0
38,69847.97,Unemployed,637,16080.28,0.447,1,0.213,0.149,39,0
56,37980.09,Retired,849,14371.45,0.331,1,0.286,0.033,21,0
37,26669.12,Self-Employed,617,11368.3,0.574,0,0.537,0.189,36,0
53,18302.33,Employed,509,5646.77,0.172,1,0.184,0.069,39,1
65,36042.11,Employed,620,7636.03,0.527,0,0.416,0.064,76,0
68,63774.54,Unemployed,690,8646.47,0.266,0,0.0,0.16,29,0
49,28600.68,Retired,652,5505.04,0.332,0,0.352,0.121,38,1
56,51455.59,Employed,756,5848.33,0.414,0,0.561,0.041,34,0
66,23430.29,Unemployed,754,3398.5,0.494,1,0.295,-0.005,23,0
60,43610.62,Employed,656,9232.58,0.5,1,0.518,0.237,38,0
35,27625.04,Employed,554,22140.17,0.497,1,0.0,0.114,46,0
27,47146.25,Employed,584,12210.95,0.309,0,0.154,0.25,43,0
26,38156.84,Employed,678,12244.21,0.612,0,0.524,0.061,45,0
65,27033.09,Retired,563,23390.07,0.432,1,0.539,0.127,23,0
48,35262.07,Employed,652,40675.41,0.0,0,0.811,0.001,36,0
35,30727.75,Self-Employed,787,57756.9,0.349,1,0.555,0.019,11,0
38,25413.55,Employed,706,16102.12,0.287,1,0.655,0.065,9,0
35,84235.6,Self-Employed,683,12467.98,0.297,0,0.189,0.233,60,0
61,40942.04,Employed,602,11523.6,0.439,1,0.399,0.119,36,0
51,16299.46,Retired,694,21051.37,0.39,1,0.096,0.187,44,1
64,35895.23,Employed,661,13443.04,0.243,1,0.639,0.262,44,0
36,77447.52,Self-Employed,698,13471.92,0.569,0,0.336,0.176,34,0
44,33500.67,Self-Employed,735,14018.29,0.151,2,0.507,0.173,55,0
27,103660.04,Employed,747,8389.35,0.141,1,0.0,0.111,33,0
69,31941.74,Retired,690,3643.43,0.181,0,0.0,0.216,2,0
46,63051.3,Employed,718,9881.88,0.411,0,0.788,0.129,37,0
48,82315.88,Retired,642,35400.73,0.399,0,1.0,0.191,49,0
41,61395.82,Employed,765,34416.3,0.222,2,0.478,0.074,14,0
34,24655.44,Self-Employed,613,25948.51,0.255,0,0.741,0.156,30,0
68,30600.32,Retired,664,10979.25,0.343,0,0.238,0.134,51,0
45,87995.02,Retired,773,9188.35,0.184,1,0.053,0.074,48,0
54,32783.95,Employed,644,39134.43,0.464,1,0.763,-0.013,33,1
22,79844.66,Employed,579,7708.83,0.579,1,0.37,0.126,23,0
34,39531.68,Unemployed,649,15117.96,0.317,0,0.353,0.136,35,0
61,52613.01,Employed,784,40688.31,0.396,0,0.766,0.02,38,1
25,24512.69,Retired,510,15904.67,0.36,2,0.324,0.112,46,0
26,36165.69,Employed,688,12380.94,0.549,0,0.141,0.124,33,0
61,31645.36,Employed,632,29611.06,0.635,1,0.095,0.189,58,1
36,54874.27,Self-Employed,667,15416.71,0.29,1,0.399,0.125,38,0
34,51359.17,Employed,654,16609.04,0.349,0,0.592,0.156,29,0
49,61779.38,Employed,752,36637.5,0.473,1,0.337,0.088,26,0
30,38358.78,Employed,684,3206.85,0.396,0,0.375,0.075,22,0
23,30788.14,Retired,756,18311.86,0.207,3,0.229,0.089,50,0
21,53710.54,Employed,776,9322.7,0.073,2,0.286,0.064,32,0
24,29295.98,Retired,682,13038.55,0.254,0,0.746,0.081,2,0
28,84053.71,Employed,653,15800.14,0.393,0,0.37,0.142,29,0
55,46292.67,Employed,708,9844.99,0.285,2,0.229,0.144,53,0
35,41644.83,Employed,723,16934.59,0.186,1,0.761,0.136,28,0
24,61764.73,Employed,594,18605.62,0.257,0,0.338,0.125,14,0
21,47184.36,Employed,698,16681.8,0.619,0,0.361,0.206,27,0
44,21396.32,Employed,661,15785.52,0.175,2,0.343,0.205,43,0
63,28833.27,Employed,648,13758.88,0.297,2,0.041,0.112,31,0
37,83187.66,Self-Employed,628,13922.2,0.267,1,0.306,0.225,21,0
24,51120.57,Employed,633,15485.13,0.637,1,0.444,0.214,43,0
32,21146.21,Employed,774,8387.94,0.123,1,0.304,0.112,52,0
45,58457.54,Employed,653,31636.6,0.226,0,0.614,0.051,56,0
30,37062.86,Employed,766,13979.29,0.354,3,0.177,0.071,38,0
69,31658.12,Self-Employed,690,11590.88,0.369,1,0.46,0.107,32,0
59,27655.05,Unemployed,595,18722.97,0.512,0,0.283,0.075,41,0
38,80818.79,Unemployed,694,13782.93,0.497,1,0.603,0.022,53,0
68,18347.54,Employed,591,31119.02,0.239,0,0.734,0.017,50,1
37,32248.73,Employed,726,25255.77,0.391,0,0.666,0.066,33,0
28,52055.38,Unemployed,664,15611.51,0.318,1,0.413,0.053,20,1
67,107923.89,Retired,744,25935.01,0.276,0,0.389,-0.052,38,0
68,64662.01,Employed,788,17003.27,0.497,1,0.374,0.167,34,0
36,32112.08,Employed,550,7387.41,0.382,1,0.16,0.183,41,0
50,105311.38,Self-Employed,645,25182.9,0.583,0,0.595,0.148,18,0
29,24895.4,Retired,589,4720.79,0.416,2,0.0,-0.068,25,0
53,55975.43,Employed,842,1789.85,0.483,0,0.309,0.085,48,0
55,62560.68,Employed,647,22444.43,0.0,1,0.752,0.136,37,0
56,31553.58,Unemployed,581,19266.78,0.358,1,0.037,0.2,17,0
49,69480.16,Self-Employed,848,18509.72,0.409,0,0.502,0.274,54,0
56,37913.21,Employed,626,33987.02,0.423,1,0.563,0.101,30,1
48,69395.08,Employed,558,14547.44,0.577,0,0.271,0.112,40,0
61,19539.67,Employed,593,11766.95,0.438,1,0.166,0.139,27,0
29,57958.82,Self-Employed,691,23812.93,0.163,1,0.026,0.053,39,0
45,39892.62,Self-Employed,683,9621.2,0.426,0,0.292,0.039,54,0
41,87103.46,Employed,617,12799.16,0.471,1,0.223,0.171,54,0
47,47954.58,Employed,644,17180.73,0.254,0,0.077,0.154,58,0
28,91547.64,Self-Employed,684,18025.18,0.283,0,0.614,0.084,28,0
37,63184.0,Employed,779,12090.62,0.463,0,0.205,-0.025,44,0
68,45993.06,Employed,705,11000.68,0.346,0,0.495,-0.071,10,0
26,72680.95,Employed,638,7540.54,0.51,0,0.204,0.094,40,0
52,72913.51,Employed,663,9206.78,0.373,1,0.513,0.097,62,0
54,62066.09,Self-Employed,738,43978.37,0.018,1,0.441,0.08,17,1
44,15581.65,Employed,806,12589.95,0.355,1,0.623,0.172,22,0
22,29993.01,Self-Employed,597,16540.23,0.286,1,0.044,0.117,33,0
22,97934.38,Self-Employed,764,6034.41,0.438,1,0.227,-0.058,31,0
34,26161.05,Employed,657,68729.0,0.41,1,0.598,0.26,47,1
26,76208.67,Unemployed,558,8805.4,0.205,1,0.252,-0.1,46,0
25,69788.63,Employed,543,7295.08,0.376,0,0.309,0.056,4,0
29,34102.43,Unemployed,780,14232.6,0.427,1,0.515,0.02,19,0
30,18076.79,Employed,789,8643.06,0.413,1,0.329,0.139,32,0
62,36884.39,Retired,637,18379.46,0.493,2,0.419,-0.003,26,0
52,138552.91,Employed,664,5961.12,0.193,0,0.369,0.153,40,0
22,31836.27,Employed,546,29208.92,0.323,0,0.321,0.075,41,0
52,32954.11,Employed,737,25949.71,0.012,1,0.092,0.158,2,0
27,29768.58,Employed,678,13749.97,0.523,0,0.292,-0.091,30,0
42,89984.46,Employed,564,5468.11,0.364,1,0.514,0.084,22,0
22,43414.21,Employed,695,9069.28,0.333,0,0.325,0.156,37,0
25,35848.14,Employed,576,15329.21,0.331,2,0.504,0.009,45,0
27,99383.07,Employed,722,7141.61,0.422,2,0.323,0.125,32,0
42,65496.18,Self-Employed,599,7873.88,0.506,0,0.502,0.122,16,0
44,30957.01,Employed,705,27710.85,0.306,1,0.26,0.12,55,0
38,26587.81,Employed,631,16202.98,0.411,1,0.139,0.071,23,0
52,87472.96,Retired,503,15898.79,0.41,0,0.586,0.158,27,0
57,49434.02,Self-Employed,755,20261.46,0.02,1,0.153,0.128,6,0
57,22594.64,Employed,759,13382.54,0.244,1,0.243,0.123,43,0
49,20099.34,Employed,641,14246.93,0.415,0,0.397,0.054,35,0
48,28056.64,Employed,701,19410.93,0.535,1,0.0,0.021,42,0
45,26377.26,Employed,713,23989.94,0.554,0,0.269,0.138,23,0
32,17623.02,Unemployed,715,19907.7,0.166,0,0.25,0.044,45,0
45,28289.51,Employed,809,35462.56,0.5,2,0.335,0.215,56,0
21,30960.26,Retired,711,14984.6,0.505,3,0.342,0.263,2,0
69,38896.49,Self-Employed,653,6579.39,0.412,2,0.291,0.043,42,0
39,114285.5,Retired,712,28366.45,0.047,0,0.357,0.034,13,0
58,42897.91,Employed,648,12745.69,0.269,1,0.716,0.135,42,0
68,45080.84,Self-Employed,600,9309.46,0.366,1,0.911,0.124,51,0
45,63235.91,Self-Employed,771,22638.55,0.315,0,0.506,0.097,19,0
64,43535.89,Self-Employed,720,18443.42,0.025,0,0.323,0.146,23,0
44,59878.72,Employed,540,6855.12,0.311,0,0.196,0.157,37,0
27,56404.68,Employed,629,22078.91,0.21,1,0.232,0.038,35,0
22,52119.49,Employed,737,45460.09,0.439,2,0.343,0.032,14,1
27,195483.85,Employed,563,17928.93,0.422,2,0.644,-0.049,26,0
68,77308.79,Retired,624,12661.1,0.428,0,0.168,-0.035,23,0
44,28542.2,Self-Employed,850,5423.23,0.295,1,0.473,0.024,32,0
36,58989.28,Employed,655,50550.64,0.353,0,0.279,0.073,61,0
43,32995.67,Employed,761,10827.28,0.337,0,0.606,0.164,37,0
33,61274.89,Employed,793,6343.63,0.487,1,0.311,0.149,19,0
64,24646.9,Unemployed,612,15780.13,0.27,1,0.227,0.138,39,0
70,28172.74,Retired,700,27036.67,0.236,1,0.242,0.084,31,0
25,58218.23,Employed,834,30994.0,0.494,2,0.776,0.279,57,0
56,80727.5,Employed,714,9864.21,0.473,0,0.383,0.005,28,0
37,63027.23,Retired,850,13917.25,0.42,2,0.633,0.08,30,0
23,75136.27,Self-Employed,632,14768.44,0.587,1,0.47,0.127,52,0
67,59095.45,Unemployed,815,26527.44,0.663,3,0.526,0.013,22,0
24,53436.43,Employed,681,21072.0,0.535,0,0.31,0.076,17,0
31,38107.0,Employed,655,17367.83,0.238,0,0.368,-0.015,39,0
22,73607.4,Self-Employed,728,25562.86,0.475,0,0.16,0.073,38,0
44,81833.31,Employed,672,6520.85,0.367,0,0.171,0.218,15,0
50,47497.97,Unemployed,674,19006.28,0.266,0,0.34,0.113,5,0
37,46237.06,Self-Employed,716,16864.36,0.239,0,0.318,0.255,40,0
24,108630.0,Employed,544,14328.36,0.39,0,0.36,0.214,40,0
26,48522.8,Employed,620,12710.65,0.473,0,0.562,-0.018,43,0
67,50911.44,Self-Employed,734,16002.33,0.557,1,0.8,0.008,50,0
61,62449.47,Retired,754,10486.95,0.451,1,0.174,0.215,36,0
67,46681.2,Employed,707,75839.54,0.436,0,0.475,0.092,33,0
47,32527.13,Self-Employed,701,33369.06,0.319,0,0.262,-0.018,46,0
48,59218.12,Employed,710,28445.52,0.382,1,0.027,0.176,37,0
60,48080.04,Retired,752,10744.98,0.126,1,0.911,0.223,13,0
51,123145.87,Self-Employed,573,8313.9,0.435,0,0.375,0.219,39,0
42,72709.28,Employed,642,13001.61,0.415,2,0.308,0.14,45,0
35,36397.63,Self-Employed,674,15811.55,0.637,2,0.587,0.195,21,0
45,70581.98,Self-Employed,695,6191.71,0.344,0,0.92,0.142,61,0
24,57178.48,Self-Employed,522,19692.36,0.529,0,0.459,0.023,30,0
30,94344.96,Employed,586,28262.46,0.279,1,0.95,0.189,51,0
57,37713.48,Self-Employed,679,3860.66,0.605,1,0.388,0.083,20,0
64,53870.49,Unemployed,756,8602.25,0.567,0,0.616,0.248,47,0
26,46651.16,Employed,649,30844.09,0.52,0,0.214,0.073,56,0
25,50475.32,Employed,630,18478.8,0.359,2,0.217,0.081,23,0
25,31489.22,Retired,720,8779.78,0.317,1,0.461,0.013,39,1
60,65378.96,Self-Employed,655,22953.3,0.294,1,0.685,0.158,31,1
36,60414.36,Employed,746,10336.86,0.204,0,0.284,0.252,20,0
37,93210.14,Unemployed,663,12814.43,0.42,0,0.6,0.164,37,0
21,48775.68,Employed,596,7455.25,0.313,2,0.478,0.107,30,0
69,39897.95,Unemployed,787,14915.39,0.407,1,0.335,0.064,31,0
42,72740.03,Employed,773,27198.42,0.375,0,0.556,0.048,17,0
60,32954.98,Employed,608,11086.65,0.189,0,0.223,0.198,48,0
56,84329.94,Retired,710,21747.94,0.509,0,0.624,0.05,29,0
28,84239.65,Self-Employed,655,14329.19,0.364,2,0.347,-0.067,31,0
61,91916.83,Employed,726,28209.22,0.479,0,0.558,0.341,19,0
48,59178.38,Retired,614,11183.31,0.175,1,0.446,0.124,51,0
51,38436.08,Retired,745,37534.35,0.235,0,0.419,0.07,15,0
31,51771.44,Unemployed,770,22224.56,0.291,0,0.0,0.047,11,0
63,59280.43,Employed,609,17092.72,0.386,0,0.275,0.144,37,0
67,37046.5,Employed,685,17471.12,0.334,0,0.181,0.008,28,0
41,95469.12,Self-Employed,771,11170.24,0.555,1,0.521,0.051,44,0
25,65515.5,Retired,605,10747.16,0.505,2,0.349,0.135,58,0
63,31378.82,Employed,630,17280.18,0.24,1,0.032,0.03,54,0
65,125672.78,Employed,730,7192.25,0.792,2,0.524,0.006,49,0
46,51466.92,Employed,668,10290.59,0.337,1,0.364,0.058,21,0
49,28366.06,Employed,562,8413.95,0.544,0,0.387,0.078,51,0
32,32366.3,Self-Employed,656,20808.0,0.307,0,0.501,0.081,28,0
24,103145.08,Employed,811,20998.71,0.444,0,0.456,0.079,18,0
68,122087.4,Self-Employed,835,31593.08,0.492,0,0.843,0.123,43,0
45,81205.85,Self-Employed,632,12078.81,0.124,1,0.6,0.045,29,0
34,94812.29,Employed,612,9093.72,0.612,3,0.415,0.124,33,0
55,90066.88,Retired,646,6114.52,0.233,0,0.473,0.054,45,0
22,64760.95,Employed,815,17371.22,0.298,0,0.352,0.091,47,0
24,57787.1,Employed,743,34134.93,0.259,0,0.293,0.049,30,0
33,64211.11,Employed,790,14118.38,0.265,1,0.594,-0.045,37,0
43,70827.86,Employed,755,15002.6,0.272,1,0.755,0.124,49,0
39,33833.31,Employed,581,14709.83,0.171,3,0.364,0.186,24,0
30,70684.34,Retired,609,17195.56,0.464,0,0.52,0.121,11,0
38,101651.79,Employed,628,26855.6,0.367,2,0.2,0.001,28,0
37,44214.75,Employed,641,46700.64,0.329,1,0.542,-0.006,30,1
47,41914.04,Unemployed,629,19910.12,0.502,0,0.196,0.168,33,0
49,62210.13,Retired,638,20713.95,0.615,1,0.445,0.133,69,0
65,35424.93,Employed,728,12790.28,0.116,0,0.498,0.113,24,1
61,25376.8,Employed,690,13839.92,0.594,0,0.691,0.168,33,0
35,87017.06,Employed,771,13728.3,0.347,0,0.0,0.154,22,0
66,39125.29,Employed,699,11852.71,0.147,0,0.753,0.11,39,0
47,49475.08,Employed,629,15938.86,0.412,0,0.668,0.212,43,0
30,36132.12,Self-Employed,694,21481.01,0.332,0,0.517,0.238,46,0
38,92816.29,Employed,567,15338.69,0.479,1,0.333,0.203,39,0
58,75100.92,Employed,507,12477.57,0.372,0,0.635,0.161,36,0
62,43461.48,Self-Employed,728,15924.26,0.404,0,0.816,0.109,2,0
39,27174.96,Employed,756,8300.63,0.285,0,0.342,0.104,46,0
28,41214.07,Employed,685,23908.85,0.196,0,0.721,0.16,56,0
30,65190.98,Unemployed,651,11523.05,0.461,0,0.618,0.055,23,0
26,53869.4,Employed,579,7383.62,0.271,0,0.676,0.095,22,1
55,51769.12,Employed,768,19478.12,0.41,1,0.573,0.052,19,1
46,54494.19,Employed,717,20066.95,0.573,0,0.406,0.094,44,0
43,71639.23,Employed,702,8813.51,0.326,1,0.142,0.034,18,0
54,48005.48,Employed,680,21464.19,0.455,0,0.295,0.083,33,0
62,61390.28,Employed,645,21597.65,0.345,1,0.552,0.069,13,0
60,29927.72,Employed,597,48287.52,0.295,1,0.358,0.186,41,1
27,175768.91,Employed,699,12822.86,0.116,2,0.0,0.193,28,0
50,42534.48,Employed,640,14290.84,0.344,1,0.271,0.146,38,0
65,54273.78,Unemployed,648,10259.12,0.325,1,0.157,-0.018,22,0
59,65070.9,Retired,809,19854.88,0.219,0,0.458,0.148,24,0
37,39918.88,Employed,676,14724.05,0.045,0,0.592,0.17,26,0
40,49212.97,Employed,496,26709.04,0.099,1,0.45,0.074,22,0
65,48914.91,Self-Employed,640,11380.19,0.618,2,0.075,0.161,22,0
22,31038.42,Employed,605,19596.64,0.356,0,0.318,0.175,16,1
47,61040.61,Employed,670,12801.19,0.135,0,0.172,-0.029,42,0
26,21490.99,Retired,573,4887.87,0.26,0,0.372,0.177,40,0
65,117754.15,Employed,713,21521.86,0.352,0,0.57,0.083,29,0
22,72873.87,Employed,658,5172.8,0.417,0,0.425,-0.01,46,0
22,67478.29,Employed,644,13417.42,0.315,2,0.41,0.113,57,0
37,20571.85,Employed,691,13543.74,0.653,1,0.751,0.069,24,0
31,32982.61,Employed,674,14690.82,0.66,1,0.207,0.168,38,0
45,98191.27,Employed,670,15189.91,0.407,0,0.65,0.149,38,0
35,390670.86,Self-Employed,663,15100.46,0.295,1,0.338,0.144,25,0
38,89085.0,Employed,678,18358.42,0.407,0,0.956,0.038,15,0
49,82328.42,Retired,706,13832.3,0.151,0,0.465,0.069,72,0
49,63734.87,Employed,696,70927.85,0.5,0,0.008,0.076,40,0
67,32088.45,Employed,765,12022.85,0.376,1,0.321,0.152,35,0
45,80626.85,Employed,639,7089.96,0.169,0,0.124,0.21,40,0
49,28265.47,Employed,698,6335.93,0.262,1,0.873,0.144,71,0
54,26761.17,Self-Employed,850,21915.6,0.436,0,0.246,0.034,32,1
29,25932.06,Employed,677,5681.77,0.1,1,0.678,0.066,36,1
54,79846.5,Employed,680,7144.88,0.216,2,0.612,0.133,36,0
64,47633.57,Employed,585,6553.43,0.28,0,0.146,0.193,51,0
36,51556.27,Employed,627,19424.4,0.496,0,0.068,0.091,39,0
29,48644.69,Employed,672,32807.89,0.607,0,0.619,0.154,12,0
38,27921.21,Employed,720,8380.24,0.407,1,0.327,-0.025,9,0
34,35053.63,Employed,729,19019.59,0.0,1,0.404,0.056,51,0
50,35946.5,Unemployed,704,3034.59,0.182,0,0.437,0.158,39,0
64,24278.93,Self-Employed,740,9444.17,0.874,0,0.0,-0.092,30,0
50,38097.16,Employed,605,21194.24,0.374,0,0.385,0.187,23,0
27,28548.13,Employed,717,12241.87,0.0,1,0.653,0.131,61,0
36,65436.65,Employed,681,26806.97,0.706,2,0.013,0.107,38,0
55,68219.49,Employed,689,3866.43,0.15,0,0.58,-0.063,43,0
37,25672.62,Employed,653,9499.69,0.436,1,0.352,0.176,47,0
50,42263.71,Employed,609,19373.24,0.178,2,0.15,0.257,41,0
55,123999.14,Retired,589,19227.89,0.68,2,0.476,0.08,28,0
37,30019.98,Self-Employed,704,20133.92,0.137,1,0.396,0.061,32,0
53,60676.93,Employed,717,16722.44,0.262,0,0.7,0.077,45,0
40,51676.63,Employed,670,7431.81,0.507,0,0.277,0.16,48,0
27,84663.83,Employed,679,9251.41,0.267,0,0.684,0.181,51,0
39,56825.1,Employed,626,59268.36,0.423,2,0.392,0.146,23,0
43,39511.71,Employed,718,6935.26,0.475,0,0.495,0.079,38,0
21,50684.84,Employed,685,6314.84,0.377,2,0.323,0.188,23,0
65,51056.34,Employed,653,22201.94,0.183,2,0.189,0.009,33,0
47,46824.06,Employed,745,7819.99,0.232,1,0.608,0.194,31,0
22,25347.73,Self-Employed,728,43274.9,0.292,0,0.39,0.206,35,0
64,91266.98,Employed,565,76165.8,0.438,0,0.328,0.069,49,0
63,83551.36,Retired,684,12777.44,0.472,0,0.619,0.241,22,0
21,29082.9,Employed,608,17777.19,0.381,1,0.73,0.18,64,1
29,42177.29,Employed,690,4940.42,0.455,2,0.283,0.1,54,0
39,43802.98,Employed,444,27418.22,0.111,1,0.761,0.073,11,0
46,27494.48,Employed,695,3853.81,0.395,0,0.228,0.163,40,0
57,19275.73,Employed,733,6609.6,0.34,0,0.447,0.049,18,0
42,35056.06,Employed,672,15853.66,0.424,2,0.59,0.216,40,1
51,41019.34,Employed,593,20508.49,0.463,0,0.0,0.055,13,0
21,23846.28,Employed,827,6061.19,0.192,1,0.185,0.297,52,0
53,53556.31,Employed,767,10662.41,0.334,0,0.306,0.124,53,0
66,87678.16,Self-Employed,640,5448.29,0.55,0,0.459,-0.006,28,0
47,74686.76,Employed,660,12207.23,0.396,0,0.4,0.205,37,0
43,46011.98,Self-Employed,531,9132.07,0.335,0,0.0,0.069,16,0
35,19531.7,Retired,716,10082.75,0.167,1,0.313,-0.049,26,0
68,70112.14,Employed,577,21823.22,0.431,2,0.055,0.252,32,0
22,52743.51,Retired,730,17482.25,0.141,3,0.263,0.319,11,0
35,60607.6,Employed,757,20675.65,0.323,1,0.322,0.142,59,0
27,129062.41,Employed,675,13663.45,0.276,0,0.445,0.152,37,0
64,32454.49,Self-Employed,600,22700.89,0.409,0,0.299,0.137,53,0
45,12000.0,Employed,774,14457.12,0.26,1,0.405,0.15,32,1
67,28948.47,Employed,680,10994.7,0.301,0,0.278,0.076,24,0
54,62506.29,Employed,687,20792.39,0.213,3,0.471,0.1,36,0
48,49685.23,Employed,610,11452.31,0.313,1,0.11,0.085,49,0
46,26693.68,Employed,694,12116.3,0.382,0,0.382,0.101,25,0
31,24104.2,Self-Employed,665,28028.07,0.298,0,0.146,0.004,38,0
49,41056.13,Employed,580,26488.15,0.303,0,0.309,0.178,26,0
55,26290.23,Employed,780,12353.78,0.375,1,0.443,0.109,3,0
69,63596.69,Employed,812,24927.18,0.5,0,0.199,0.158,29,0
48,39906.18,Retired,756,6857.49,0.462,3,0.368,0.14,37,0
67,35826.43,Retired,745,12396.84,0.156,1,0.318,-0.081,35,0
68,33552.34,Self-Employed,812,9404.27,0.465,2,0.849,0.137,30,0
47,55913.51,Employed,601,14749.28,0.555,0,0.474,0.167,36,0
42,50076.37,Employed,601,22942.62,0.456,1,0.506,0.032,25,1
28,54229.41,Employed,649,20607.42,0.0,1,0.203,0.101,42,0
34,53640.77,Self-Employed,702,18992.09,0.39,2,0.0,0.073,28,0
64,47282.82,Employed,658,16034.45,0.558,2,0.262,0.132,47,0
27,29244.15,Self-Employed,604,13418.35,0.283,1,0.037,0.089,14,0
40,34023.61,Employed,680,30354.87,0.785,0,0.443,-0.038,36,0
55,40241.84,Unemployed,673,5837.65,0.023,1,0.455,0.022,42,0
33,137667.64,Employed,743,9896.52,0.372,3,0.44,0.15,53,0
69,24973.78,Employed,683,18897.2,0.459,2,0.378,0.136,26,1
53,39755.83,Employed,537,36928.13,0.376,3,0.198,0.292,52,1
22,51489.52,Employed,709,11998.03,0.373,1,0.233,0.103,41,0
33,42122.34,Retired,799,12625.1,0.194,0,0.485,-0.036,60,0
58,83866.77,Employed,682,6809.33,0.264,0,0.832,0.217,12,0
64,42013.7,Retired,754,10668.91,0.436,0,0.447,0.184,38,0
67,43596.38,Employed,642,22582.68,0.033,0,0.474,0.039,34,0
63,73667.3,Employed,722,38085.02,0.486,2,0.812,0.168,37,0
24,121219.21,Employed,624,12382.37,0.333,5,0.39,0.126,47,0
57,99086.57,Employed,662,9141.83,0.433,1,0.188,0.032,55,0
26,45783.23,Unemployed,662,15395.81,0.477,0,0.477,0.126,39,0
24,47822.09,Employed,716,5603.75,0.91,0,0.759,0.055,10,1
55,50179.39,Employed,618,30987.81,0.56,0,0.593,-0.014,29,0
44,52759.53,Employed,570,7055.48,0.17,1,0.443,0.088,82,0
53,32090.84,Self-Employed,715,17823.54,0.674,1,0.0,0.155,20,1
63,78299.53,Retired,712,17665.99,0.0,0,0.059,0.098,37,0
24,54355.69,Unemployed,688,21517.98,0.283,1,0.473,0.051,45,0
47,47933.6,Employed,750,17211.88,0.376,1,0.322,0.145,49,0
62,25962.99,Employed,665,14788.83,0.301,0,0.379,0.085,25,0
43,50571.48,Employed,701,19094.57,0.392,1,0.614,0.03,56,0
47,19022.81,Retired,654,24362.83,0.325,0,0.123,0.12,53,0
45,36650.24,Employed,661,43385.21,0.543,1,0.262,0.084,41,0
66,36991.79,Retired,706,7619.67,0.278,1,0.664,0.249,21,0
23,56584.91,Unemployed,850,4897.94,0.333,0,0.124,0.173,26,0
64,125482.93,Self-Employed,736,5836.37,0.616,1,0.655,0.167,24,0
61,65248.2,Self-Employed,721,4974.28,0.495,1,0.478,-0.039,31,0
61,101133.94,Employed,738,7188.16,0.325,0,0.372,0.161,55,0
41,67684.07,Employed,504,6661.05,0.421,0,0.432,0.174,39,0
46,86036.49,Employed,704,11500.89,0.631,2,0.481,-0.029,44,1
39,124065.34,Employed,748,24663.35,0.142,1,0.545,0.033,37,0
33,33998.84,Self-Employed,686,21501.78,0.187,0,0.0,0.04,57,0
64,32907.23,Employed,677,10164.55,0.264,1,0.679,0.187,11,1
46,68487.43,Retired,610,10705.2,0.383,1,0.454,0.198,2,0
57,48930.72,Unemployed,647,49338.79,0.495,1,0.653,0.041,34,1
26,54730.53,Employed,617,21096.68,0.235,0,0.498,0.008,34,0
60,43289.55,Employed,755,16376.85,0.209,1,0.88,-0.071,33,0
53,36383.5,Employed,793,15881.36,0.153,1,0.243,-0.031,24,0
70,110236.39,Employed,825,12412.41,0.209,1,0.756,0.043,15,0
27,28284.51,Self-Employed,616,49113.18,0.252,1,0.21,0.049,32,1
48,69092.13,Self-Employed,630,13175.2,0.025,2,0.52,0.1,29,0
46,63711.1,Self-Employed,624,16148.42,0.266,1,0.634,0.148,38,0
47,22258.81,Employed,604,5490.14,0.193,0,0.404,0.119,44,0
23,32357.78,Unemployed,605,10078.71,0.325,2,0.0,0.047,52,0
44,35194.84,Employed,641,10610.18,0.605,0,0.429,0.092,46,0
35,65009.72,Retired,746,19767.14,0.111,0,0.296,0.034,34,0
51,40801.84,Unemployed,626,9273.06,0.502,1,0.599,0.064,41,0
32,46967.22,Self-Employed,759,15199.04,0.6,0,0.204,0.08,17,0
42,23651.37,Employed,783,10261.84,0.495,1,0.28,0.161,22,0
52,156835.99,Unemployed,701,7628.26,0.401,1,0.252,0.173,60,0
24,50797.27,Employed,772,7444.45,0.547,2,0.331,0.034,50,0
60,62912.52,Employed,578,13305.89,0.445,2,0.419,0.101,12,0
56,37409.77,Employed,638,15706.62,0.517,1,0.526,0.157,24,0
23,35372.37,Employed,694,13144.58,0.368,0,0.509,0.089,62,0
24,127560.03,Employed,697,8957.82,0.191,0,0.119,0.071,23,0
63,18800.51,Employed,787,13593.49,0.525,1,0.209,0.18,7,0
35,56349.21,Unemployed,605,12165.67,0.741,2,0.271,0.152,27,0
64,26748.88,Self-Employed,640,7902.07,0.299,2,0.323,0.097,27,0
45,40034.6,Retired,674,15519.47,0.353,0,0.209,0.026,52,0
38,35630.34,Unemployed,641,43747.78,0.367,2,0.235,-0.027,47,1
34,29941.81,Employed,602,13497.37,0.13,0,0.685,0.115,27,0
53,49897.23,Self-Employed,644,6144.74,0.223,0,0.468,0.149,34,0
26,13575.0,Employed,662,35636.54,0.396,1,0.157,0.016,39,1
41,41867.11,Employed,789,31390.89,0.336,0,0.488,0.179,46,0
38,46856.97,Retired,603,34874.68,0.353,2,0.309,0.073,29,0
28,24843.76,Retired,741,14395.48,0.354,0,0.806,-0.039,39,0
38,104465.21,Employed,775,9226.8,0.333,0,0.261,0.139,56,0
47,36416.27,Unemployed,642,8640.23,0.235,0,0.291,0.092,33,0
54,43532.27,Employed,699,29282.18,0.415,3,0.335,0.088,37,1
25,36457.06,Retired,723,38697.39,0.399,0,0.157,0.167,44,0
64,47061.8,Self-Employed,711,8499.61,0.218,1,0.502,0.221,26,0
64,94284.5,Employed,686,3254.96,0.412,1,0.41,0.147,22,0
55,168806.42,Unemployed,629,14608.06,0.256,1,0.475,0.067,41,0
67,71169.5,Employed,730,8582.19,0.448,0,0.406,-0.038,44,0
42,84456.92,Employed,652,9658.95,0.344,3,0.44,0.15,34,0
62,115637.29,Self-Employed,682,12798.31,0.409,1,0.757,0.104,25,0
57,55516.5,Self-Employed,693,18881.24,0.376,1,0.521,0.038,28,0
49,107487.03,Employed,744,9241.15,0.342,1,0.005,0.059,39,0
29,72853.11,Self-Employed,825,16020.84,0.399,0,0.469,0.22,17,0
48,52680.13,Employed,625,13688.45,0.476,1,0.657,0.176,51,0
66,58405.8,Employed,684,3702.6,0.368,0,0.0,0.191,58,0
70,19718.09,Self-Employed,569,20475.52,0.366,0,0.144,0.185,12,1
43,56730.07,Employed,791,11264.34,0.297,0,0.532,0.121,43,0
33,22654.78,Employed,683,6916.62,0.077,0,0.614,0.017,47,0
58,21749.92,Retired,658,9551.0,0.355,0,0.438,0.109,48,0
24,53983.8,Unemployed,684,16676.89,0.16,3,0.496,0.153,10,0
28,28084.15,Employed,688,15180.09,0.265,0,0.701,0.091,30,0
49,48846.75,Employed,625,21734.57,0.22,0,0.287,0.121,26,0
70,52534.07,Retired,769,19186.27,0.242,0,0.193,0.145,31,0
37,53719.15,Unemployed,728,7310.29,0.252,0,0.345,0.178,16,0
43,31192.7,Employed,739,2508.44,0.423,0,0.439,0.176,61,0
37,76829.29,Employed,629,15875.67,0.4,1,0.469,0.071,42,0
43,46881.69,Employed,625,21559.48,0.367,0,0.57,-0.006,20,0
21,61116.54,Employed,671,13076.0,0.531,0,0.766,0.223,27,0
50,26951.12,Employed,740,21946.49,0.809,0,0.441,0.126,56,0
50,44839.12,Employed,718,8095.1,0.426,0,0.125,0.077,33,0
36,84850.59,Self-Employed,622,11996.72,0.486,2,0.23,-0.049,54,0
34,79625.43,Retired,730,8498.58,0.392,0,0.43,0.157,45,0
59,32904.14,Employed,607,22435.03,0.447,0,0.72,0.14,15,0
30,37317.62,Employed,630,8550.62,0.106,1,0.544,0.078,20,1
23,29901.28,Employed,692,50813.1,0.0,2,0.204,0.131,17,1
23,35305.48,Employed,592,10924.94,0.033,2,0.257,0.213,42,0
65,24354.36,Employed,608,23834.95,0.256,0,0.336,-0.001,64,0
39,45748.4,Retired,796,11009.49,0.555,3,0.416,0.19,38,0
26,67276.7,Employed,782,32944.28,0.388,0,0.34,0.026,33,0
64,33106.12,Self-Employed,850,32199.48,0.291,1,0.208,0.006,43,0
28,46849.56,Employed,714,12157.97,0.435,0,0.234,0.079,34,0
37,43903.56,Employed,728,17410.34,0.403,0,0.384,0.209,30,0
22,83080.01,Unemployed,668,31709.59,0.147,1,0.446,0.038,38,0
54,36105.63,Retired,654,17722.64,0.42,1,0.186,0.089,46,0
55,36768.32,Employed,745,8497.82,0.475,1,0.471,-0.018,27,0
58,32112.14,Retired,782,15398.72,0.665,2,0.799,0.141,20,0
34,27757.05,Employed,739,9424.49,0.338,2,0.445,0.032,49,0
37,63869.2,Unemployed,617,16164.89,0.604,1,0.46,0.064,2,0
67,45818.56,Employed,709,9205.13,0.289,0,0.098,0.172,15,0
62,50382.79,Employed,622,18465.94,0.699,0,0.562,0.046,35,0
22,92718.25,Self-Employed,656,5047.89,0.261,0,0.273,0.134,48,0
55,95419.7,Unemployed,803,7531.21,0.446,3,0.636,0.125,38,0
61,21523.12,Unemployed,590,9173.42,0.393,0,0.796,0.119,26,0
48,67772.88,Employed,843,13411.55,0.573,1,0.251,0.018,47,0
52,54875.57,Unemployed,721,5959.55,0.553,2,0.258,0.114,23,0
21,38917.7,Employed,645,8689.98,0.194,1,0.517,0.086,45,0
22,57747.88,Employed,685,23549.8,0.3,0,0.121,0.078,28,1
22,20677.64,Employed,629,25293.41,0.669,0,0.422,0.158,17,0
28,101856.59,Employed,639,3228.67,0.365,0,0.336,-0.001,46,0
70,63416.04,Employed,685,10383.29,0.472,3,0.382,0.048,59,0
52,31805.71,Self-Employed,655,31726.31,0.189,0,0.0,0.099,29,0
60,36581.39,Employed,610,18613.14,0.313,1,0.511,0.222,50,0
35,20919.29,Employed,663,18852.66,0.244,0,0.941,-0.045,5,0
67,41899.17,Employed,581,20712.41,0.489,1,0.309,0.116,14,0
30,38508.49,Self-Employed,585,8305.24,0.461,0,0.083,0.086,20,0
66,25271.81,Employed,584,16787.98,0.534,1,0.576,0.161,32,0
22,72283.5,Employed,805,19595.21,0.187,1,0.209,0.043,42,0
22,92818.25,Self-Employed,710,15744.53,0.432,0,0.407,0.083,16,0
24,48354.75,Retired,725,11658.84,0.353,1,0.244,0.028,21,0
60,42073.63,Retired,681,14344.88,0.0,0,0.086,0.067,47,0
33,60930.69,Employed,718,7449.58,0.419,1,0.468,0.15,22,0
43,48541.8,Retired,768,21343.32,0.544,0,0.248,0.132,55,0
44,28535.68,Employed,711,6240.4,0.586,2,0.048,0.078,24,0
60,35371.48,Retired,803,9047.51,0.345,1,0.464,0.172,52,0
38,42267.85,Employed,677,22227.18,0.474,0,1.0,0.295,47,0
21,55497.5,Employed,725,17573.61,0.432,0,0.624,0.037,36,0
40,49250.18,Employed,733,11042.53,0.236,1,0.392,0.142,38,0
35,54457.98,Unemployed,610,5284.44,0.216,0,1.0,0.104,36,0
57,22870.11,Employed,683,14361.7,0.343,0,0.013,0.187,51,0
58,68364.49,Employed,542,10116.21,0.315,3,0.527,0.056,2,0
25,49104.6,Employed,670,19697.57,0.363,1,0.803,0.18,29,0
60,175668.6,Retired,659,10829.46,0.287,2,0.176,0.092,37,0
24,40383.75,Employed,655,5164.69,0.382,1,0.466,0.082,53,0
51,57626.01,Self-Employed,649,6436.63,0.19,2,0.261,0.113,26,0
40,201714.7,Employed,718,11427.79,0.579,0,0.325,0.113,3,0
36,54016.55,Retired,614,15760.47,0.077,2,0.49,0.028,2,0
45,47390.86,Employed,819,7344.21,0.338,1,0.012,0.103,36,0
36,29927.68,Employed,723,9366.63,0.319,2,0.179,0.207,15,0
60,105254.15,Employed,620,23753.47,0.33,0,0.408,0.007,31,0
69,27459.0,Employed,729,28732.57,0.223,1,0.014,0.138,15,0
61,60691.59,Self-Employed,755,17433.5,0.123,0,0.319,0.182,29,0
42,38685.59,Self-Employed,708,12443.8,0.386,0,0.065,0.098,64,0
46,44592.99,Employed,605,10169.53,0.319,2,0.078,0.081,54,0
43,24053.45,Employed,848,20404.99,0.408,0,0.603,0.101,34,0
60,95948.19,Employed,728,12212.05,0.103,1,0.422,0.026,30,0
48,42663.6,Employed,586,25644.3,0.607,1,0.352,0.084,21,1
44,26700.97,Retired,696,26465.85,0.338,3,0.303,0.237,43,0
41,91706.2,Self-Employed,663,18883.55,0.0,1,0.469,0.09,29,0
39,38098.55,Employed,680,10953.64,0.378,0,0.295,0.101,55,0
48,57948.13,Employed,590,11473.2,0.279,0,0.234,0.025,36,0
55,74660.63,Unemployed,684,5507.02,0.18,2,0.63,0.132,37,0
42,62132.05,Unemployed,618,14305.6,0.535,0,0.264,0.016,9,0
61,16345.08,Retired,654,14041.67,0.489,1,0.695,0.084,26,1
62,69402.51,Employed,709,6460.64,0.401,1,0.278,-0.1,62,0
42,46615.72,Employed,644,60991.66,0.362,1,0.565,0.102,11,1
66,41584.62,Employed,658,20614.46,0.426,0,0.456,0.113,31,0
29,46418.93,Self-Employed,742,8917.16,0.113,0,0.524,0.04,31,0
67,21916.25,Employed,613,50640.92,0.379,1,0.464,0.057,38,0
35,53964.7,Self-Employed,631,10963.98,0.536,2,0.557,0.045,40,0
49,24780.3,Employed,586,24299.31,0.506,0,0.72,0.154,26,1
35,42492.38,Self-Employed,618,15561.88,0.192,0,0.206,0.057,47,0
43,53004.51,Employed,690,11191.89,0.378,1,0.728,0.21,25,0
38,83869.6,Unemployed,728,12062.24,0.182,1,0.334,0.214,43,0
56,32538.96,Employed,620,34961.09,0.374,0,0.001,0.104,11,0
25,101295.14,Self-Employed,726,24977.68,0.237,2,0.55,0.223,23,0
62,78702.22,Employed,688,13719.28,0.219,2,0.582,0.216,11,0
66,39548.98,Self-Employed,576,4314.8,0.404,1,0.511,0.132,38,0
49,28159.09,Self-Employed,693,17723.68,0.241,2,0.325,0.029,39,0
48,23815.5,Employed,770,6989.16,0.231,0,0.193,0.129,28,0
55,56155.33,Employed,538,20397.26,0.403,1,0.284,0.118,38,0
30,33906.36,Employed,830,9619.69,0.128,0,0.437,0.057,16,0
58,89293.0,Employed,634,10242.93,0.302,1,0.34,0.261,53,1
31,34899.86,Self-Employed,556,10068.32,0.119,0,0.17,0.152,48,0
54,31246.56,Employed,690,27236.38,0.147,0,0.343,0.005,20,0
36,55094.94,Employed,742,5116.57,0.526,1,0.217,0.133,16,0
58,34786.22,Employed,659,22986.38,0.288,2,0.252,0.105,27,0
60,49230.81,Employed,703,18131.04,0.242,4,0.56,0.136,38,0
31,80257.43,Employed,839,14135.13,0.478,0,0.139,0.087,36,0
51,51980.02,Self-Employed,695,11284.34,0.592,1,0.472,-0.0,18,0
45,52077.19,Employed,850,19769.37,0.388,1,0.281,0.185,28,0
35,54315.96,Retired,775,11338.81,0.503,2,0.459,0.244,39,0
50,21024.64,Self-Employed,684,11277.42,0.267,1,0.196,0.067,28,0
70,59630.29,Employed,702,15340.51,0.358,0,0.351,0.089,36,0
21,53101.78,Unemployed,656,41433.84,0.351,0,0.211,0.19,49,0
68,76607.38,Employed,699,5956.73,0.399,1,0.464,0.062,25,0
63,66363.69,Employed,722,19938.79,0.495,1,0.0,0.169,48,0
47,44312.66,Employed,650,13550.44,0.13,2,0.378,0.095,34,0
51,82141.32,Self-Employed,577,12934.36,0.216,1,0.108,0.035,32,0
39,42348.35,Employed,779,5906.55,0.277,0,0.255,0.054,14,0
27,55468.94,Employed,753,5148.86,0.204,1,0.324,0.097,46,0
49,41958.04,Employed,574,18105.29,0.384,2,0.555,0.103,64,0
61,61751.83,Employed,693,6893.92,0.383,0,0.026,0.008,19,0
32,40609.41,Employed,757,27168.74,0.359,1,0.0,0.116,21,0
56,111722.77,Employed,749,8026.35,0.29,0,0.644,-0.076,58,0
58,134414.2,Employed,628,20549.38,0.552,2,0.321,0.154,44,0
58,75884.61,Unemployed,754,10450.12,0.382,2,0.014,0.162,25,0
38,105942.13,Employed,681,10153.76,0.327,0,0.305,0.039,60,0
40,22706.19,Employed,709,8532.92,0.36,0,0.292,0.105,28,0
41,24084.2,Employed,611,19188.95,0.462,0,0.27,0.065,35,0
63,41740.19,Retired,361,22682.37,0.382,0,0.447,0.068,40,1
66,50041.88,Self-Employed,622,12218.18,0.22,0,0.023,0.079,46,0
41,44395.63,Employed,720,21051.43,0.614,1,0.405,0.089,42,0
69,21567.27,Unemployed,665,14876.9,0.419,0,0.293,0.058,66,0
49,87185.72,Self-Employed,729,6630.68,0.177,1,0.381,0.12,56,0
40,143932.41,Unemployed,763,18529.51,0.078,0,0.591,0.221,59,0
21,93012.93,Self-Employed,655,12328.61,0.453,1,0.616,0.137,25,0
51,84352.66,Unemployed,648,3076.11,0.544,1,0.743,0.085,40,0
53,54888.54,Self-Employed,516,11678.87,0.418,2,0.0,0.198,60,0
69,32160.73,Employed,564,5344.91,0.442,1,0.473,0.192,29,0
56,50831.12,Employed,580,7052.07,0.446,0,0.564,0.171,29,0
22,140476.29,Employed,722,12716.16,0.351,0,0.264,0.133,49,0
49,41109.97,Employed,656,14113.24,0.098,0,0.387,0.134,42,0
58,39047.0,Retired,640,8946.05,0.245,0,0.686,0.153,35,0
45,85276.3,Self-Employed,631,20259.52,0.469,0,0.347,0.194,39,0
42,88154.22,Self-Employed,622,13784.32,0.438,0,0.678,0.045,8,0
61,32081.96,Self-Employed,749,11448.48,0.321,0,0.381,0.089,30,0
51,43013.0,Retired,687,15154.35,0.268,1,0.493,0.173,22,0
55,38141.08,Self-Employed,754,30425.47,0.376,1,0.596,0.109,59,0
44,50759.02,Employed,515,4063.54,0.299,1,0.152,0.107,32,0
34,85122.22,Employed,720,32199.76,0.338,0,0.487,0.17,36,0
46,32793.52,Employed,644,10198.69,0.37,1,0.286,0.025,52,0
68,84527.52,Employed,659,9252.49,0.233,0,0.66,0.176,58,0
51,51576.72,Employed,781,11599.24,0.47,0,0.326,0.027,39,0
56,156857.98,Employed,651,8673.07,0.325,1,0.323,0.071,22,0
27,57492.83,Employed,717,7909.15,0.423,2,0.21,-0.025,27,0
70,46701.93,Employed,604,24540.88,0.36,1,0.385,0.063,39,1
33,65339.85,Retired,683,16249.4,0.581,0,0.517,0.146,40,0
69,41416.18,Employed,561,4672.2,0.431,1,0.413,0.115,23,0
43,19977.53,Unemployed,676,22125.06,0.411,1,0.885,0.081,4,1
66,43466.22,Employed,709,20273.41,0.406,0,0.3,0.135,11,0
65,43124.79,Retired,763,6058.68,0.663,0,0.207,0.136,17,0
58,22111.24,Self-Employed,619,16451.22,0.343,1,0.371,0.014,32,0
66,47262.97,Retired,640,21424.18,0.375,1,0.475,0.188,30,0
51,17438.66,Employed,632,5638.78,0.366,0,0.119,0.146,10,1
63,41198.48,Self-Employed,661,17521.28,0.055,0,0.688,-0.016,31,0
29,55370.27,Employed,608,9847.19,0.364,0,0.344,0.23,60,0
24,51456.81,Employed,518,20441.35,0.502,0,0.773,0.078,40,0
48,39913.32,Self-Employed,602,8432.19,0.427,1,0.693,0.015,65,0
61,46968.61,Employed,676,27593.79,0.577,0,0.545,-0.002,35,1
59,33122.49,Employed,669,12757.56,0.468,0,0.395,-0.025,35,0
47,49286.64,Unemployed,721,10209.4,0.425,1,0.177,0.061,39,0
47,50465.4,Employed,743,9570.95,0.483,0,0.261,0.04,62,0
51,31253.14,Self-Employed,646,24944.57,0.405,0,0.163,0.01,59,1
64,56041.6,Employed,561,9567.26,0.308,2,0.154,0.075,46,0
63,55866.84,Employed,710,27896.81,0.331,0,0.463,0.222,41,0
26,45111.62,Employed,679,16781.82,0.0,1,0.472,0.044,22,0
50,164476.59,Employed,661,6429.38,0.589,1,0.058,0.074,15,0
40,45690.64,Unemployed,772,14996.73,0.32,1,0.293,0.146,28,0
60,42632.96,Unemployed,714,15185.8,0.193,1,0.222,0.244,58,0
46,39687.97,Employed,689,6305.05,0.295,0,0.721,0.115,62,0
70,30167.8,Employed,692,14838.34,0.614,0,0.0,0.137,11,0
42,69075.04,Unemployed,744,20441.2,0.361,1,0.822,0.167,55,0
54,34782.74,Employed,628,29053.43,0.389,0,0.528,0.139,62,0
26,36902.18,Employed,614,28299.55,0.663,0,0.0,-0.033,54,1
67,37454.39,Employed,662,61908.94,0.475,0,0.259,0.039,28,1
28,29957.3,Self-Employed,592,14769.96,0.307,0,0.498,0.156,47,0
39,20423.84,Employed,677,20584.24,0.095,0,0.25,0.057,12,0
62,38891.46,Employed,687,10262.58,0.446,1,0.34,-0.004,14,0
69,75861.73,Retired,675,45731.28,0.248,2,0.901,0.078,73,0
45,54094.61,Retired,653,8651.07,0.449,0,0.307,0.144,28,0
45,106968.28,Self-Employed,804,44513.23,0.343,3,0.162,0.141,18,0
23,71358.96,Self-Employed,751,41215.2,0.411,0,0.602,0.104,30,0
69,63702.71,Retired,673,9219.39,0.484,0,0.091,-0.048,63,0
21,125658.67,Self-Employed,687,27496.01,0.091,0,0.555,0.116,53,0
22,46696.63,Self-Employed,783,19419.6,0.369,0,0.529,-0.004,25,0
44,50591.45,Employed,636,11531.17,0.347,0,0.802,0.144,34,0
21,48740.61,Employed,608,13609.38,0.393,0,0.491,0.13,43,0
29,106074.12,Unemployed,697,17314.27,0.426,2,0.349,0.056,45,0
52,49082.49,Self-Employed,711,18331.64,0.373,0,0.394,-0.008,43,0
56,35449.39,Employed,717,36189.17,0.253,0,0.87,0.191,21,0
35,65764.65,Self-Employed,742,20800.56,0.181,1,0.414,0.123,32,0
60,32593.56,Unemployed,625,9302.87,0.112,2,0.353,0.025,19,0
51,64006.23,Employed,574,23067.31,0.368,1,0.386,0.218,50,0
32,60289.94,Self-Employed,636,5174.02,0.429,0,0.505,0.104,34,0
56,44591.51,Employed,724,11708.24,0.299,0,0.317,0.048,40,1
50,65049.63,Self-Employed,611,12404.44,0.475,2,0.173,0.185,25,0
61,23297.59,Retired,535,21916.37,0.333,1,0.252,0.164,45,0
28,53182.31,Unemployed,691,42722.56,0.337,1,0.205,0.147,45,0
32,38894.86,Unemployed,637,16824.92,0.134,1,0.366,0.12,14,0
36,205075.15,Self-Employed,550,11886.76,0.283,2,0.265,0.011,47,0
38,52992.86,Employed,686,9711.17,0.488,1,0.361,0.015,18,0
65,36381.07,Self-Employed,651,24367.97,0.56,1,0.367,0.068,25,0
57,24608.55,Employed,806,13135.82,0.321,0,0.458,-0.059,49,0
48,94155.51,Employed,687,10917.02,0.48,1,0.188,0.123,26,0
48,41150.18,Employed,724,26128.25,0.562,1,0.775,0.094,37,0
65,33002.02,Employed,679,29779.2,0.209,0,0.674,0.104,34,0
43,57997.18,Employed,635,8303.11,0.398,0,0.519,0.225,14,0
32,67836.75,Employed,643,6015.23,0.379,1,0.562,0.008,57,0
27,67304.1,Employed,761,13923.46,0.511,0,0.15,0.111,57,0
37,49507.29,Employed,736,7449.17,0.225,0,0.272,0.009,42,0
53,53082.1,Employed,568,6862.08,0.397,0,0.296,0.202,31,0
44,55051.18,Employed,586,7907.81,0.311,0,0.087,0.018,37,0
42,57999.99,Retired,591,27664.84,0.414,1,0.317,0.251,55,0
45,60623.79,Employed,760,21812.34,0.533,0,0.9,0.023,28,0
69,84730.12,Unemployed,550,64504.3,0.572,0,0.423,0.125,29,1
70,50423.24,Employed,739,10044.92,0.535,4,0.737,0.141,32,0
29,32584.71,Unemployed,710,32790.74,0.201,0,0.722,0.169,3,1
26,45608.72,Self-Employed,691,19853.46,0.279,0,0.192,0.014,46,0
33,71459.81,Retired,645,10574.15,0.501,0,0.408,0.005,38,0
63,20065.08,Unemployed,769,13520.94,0.441,0,0.313,0.063,48,0
43,20123.1,Self-Employed,689,10544.05,0.311,0,0.605,0.155,28,0
64,77585.67,Employed,572,17244.25,0.213,0,0.503,0.1,14,0
53,104826.45,Employed,589,26689.38,0.0,1,0.766,0.186,38,0
48,26040.28,Employed,557,11835.48,0.111,0,0.445,0.033,18,0
35,51545.99,Retired,770,24563.84,0.304,0,0.582,0.08,44,0
38,40143.97,Unemployed,787,31657.75,0.306,1,0.258,0.094,45,0
28,43027.08,Employed,761,36183.2,0.412,1,0.078,0.09,68,0
46,57111.77,Self-Employed,669,7304.41,0.44,1,0.548,0.147,57,0
35,25682.49,Employed,573,14335.71,0.689,0,0.433,0.199,40,1
35,28180.66,Self-Employed,601,22598.97,0.235,1,0.522,0.053,32,1
22,42166.21,Employed,606,7692.18,0.057,1,0.711,0.063,49,0
60,45584.01,Employed,677,6729.49,0.211,1,0.474,0.124,40,0
67,27917.88,Unemployed,784,14532.66,0.602,1,0.582,0.127,28,0
45,72752.88,Employed,784,11524.4,0.352,0,0.625,0.186,5,0
47,39783.98,Self-Employed,643,13314.29,0.502,0,0.368,0.108,70,0
67,39699.39,Self-Employed,512,11127.69,0.266,1,0.268,0.084,52,0
46,56462.35,Employed,592,53956.56,0.275,0,0.835,0.24,45,0
52,45960.88,Employed,769,11192.64,0.093,2,0.485,0.126,36,0
42,74513.71,Employed,697,20981.11,0.3,0,0.463,0.157,64,0
46,30739.04,Employed,653,20154.0,0.352,1,0.184,-0.026,49,1
47,24374.84,Retired,648,5359.96,0.48,0,0.454,0.089,15,0
56,41986.62,Employed,624,35584.72,0.434,0,0.471,0.19,32,0
51,50519.67,Employed,590,21492.92,0.648,1,0.194,0.109,47,0
46,26360.5,Employed,835,16222.77,0.327,0,0.563,0.095,54,0
24,24492.52,Employed,809,27846.43,0.386,0,0.344,-0.051,31,0
66,53698.96,Employed,618,14347.5,0.348,2,0.0,0.09,58,0
65,33560.66,Self-Employed,548,25063.27,0.246,0,0.285,0.2,16,0
30,23712.18,Employed,693,4789.91,0.411,2,0.613,0.101,32,0
35,79433.12,Unemployed,669,24113.23,0.309,0,0.202,0.138,32,1
69,35742.75,Employed,727,16484.58,0.599,1,0.932,0.075,50,0
37,87108.16,Employed,744,16639.92,0.232,0,0.505,0.074,55,0
61,49723.62,Employed,592,8907.32,0.299,2,0.892,0.105,55,0
60,56804.99,Employed,776,12948.08,0.163,0,0.158,0.14,15,0
64,44101.55,Employed,654,12722.5,0.401,0,0.134,0.163,38,0
21,12996.29,Self-Employed,726,7454.15,0.151,1,0.347,0.157,12,0
45,27767.09,Retired,660,18305.94,0.349,2,0.121,0.074,36,0
49,46034.45,Employed,749,37945.52,0.175,1,0.3,0.117,60,0
62,58827.49,Employed,503,6293.21,0.202,0,0.749,-0.001,66,0
32,20033.54,Self-Employed,735,19814.06,0.235,1,0.332,0.121,43,0
36,47724.45,Employed,618,11472.83,0.459,0,0.05,-0.06,40,0
29,27969.45,Unemployed,686,10704.86,0.336,2,0.466,-0.021,33,0
59,55122.32,Employed,773,15442.18,0.332,3,0.691,0.116,35,0
70,48547.58,Unemployed,620,15583.25,0.434,1,0.0,0.143,57,0
28,71093.47,Employed,608,16494.91,0.251,0,0.103,0.003,22,0
32,83567.63,Employed,652,7491.17,0.055,0,0.412,0.145,31,0
36,61666.43,Self-Employed,647,28394.6,0.185,2,0.137,0.087,36,0
65,75372.43,Employed,601,15501.36,0.307,0,0.363,0.191,25,0
43,41143.81,Self-Employed,688,21084.54,0.343,0,0.717,0.217,43,1
35,201100.23,Unemployed,692,30600.12,0.434,0,0.317,-0.079,59,1
37,26651.23,Employed,715,4662.6,0.328,1,0.501,0.254,45,0
50,37651.28,Employed,619,21553.11,0.503,0,0.516,0.173,25,0
40,76932.16,Employed,609,13379.65,0.404,0,0.225,0.149,24,0
28,71421.96,Employed,671,27209.6,0.139,1,0.168,0.074,16,0
62,62548.31,Self-Employed,662,9128.89,0.0,1,0.619,0.142,33,0
42,68710.64,Self-Employed,663,25879.53,0.199,0,0.411,0.13,23,0
33,17295.84,Employed,627,7840.02,0.371,1,0.446,0.169,39,0
57,108515.61,Self-Employed,705,18794.66,0.406,0,0.392,0.13,25,0
58,44269.65,Self-Employed,609,17510.48,0.334,3,0.372,0.145,14,0
28,91395.1,Self-Employed,671,13450.16,0.368,0,0.443,0.16,6,0
24,17733.96,Employed,657,7948.58,0.548,0,0.154,-0.054,44,0
23,55730.58,Employed,677,11834.58,0.352,2,0.486,0.078,14,0
59,36984.3,Employed,769,25686.47,0.402,1,0.18,0.101,42,0
52,65255.14,Unemployed,581,36050.07,0.589,0,0.912,0.071,25,1
60,57442.24,Unemployed,501,47690.91,0.078,0,0.535,0.191,39,1
52,58866.29,Unemployed,635,20253.38,0.606,0,0.462,0.231,34,0
41,28869.16,Employed,594,17168.92,0.0,1,0.166,0.113,37,0
50,47644.16,Self-Employed,454,19328.85,0.226,0,0.643,0.112,49,1
57,44797.9,Unemployed,811,46962.81,0.266,2,0.296,0.11,24,0
40,62796.53,Employed,722,20178.51,0.105,1,0.533,-0.024,57,0
66,80390.28,Employed,730,15557.87,0.325,2,0.253,0.031,46,0
65,52851.32,Employed,659,12516.68,0.342,0,0.0,0.032,30,0
61,25897.81,Employed,712,13414.96,0.461,0,0.739,0.166,32,0
70,51729.81,Employed,648,18617.17,0.456,1,0.527,0.069,37,0
40,180870.78,Employed,741,9406.32,0.376,0,0.314,0.095,29,0
26,111636.42,Employed,694,10138.92,0.518,2,0.833,0.087,9,0
45,12000.0,Self-Employed,677,14210.09,0.447,0,0.396,0.08,20,0
58,50598.21,Unemployed,683,11258.19,0.301,0,0.666,0.268,20,0
59,78124.56,Self-Employed,790,21118.24,0.368,1,0.041,0.109,32,0
40,44749.54,Retired,693,22122.59,0.255,0,0.328,0.213,17,0
35,38946.9,Employed,603,17283.52,0.166,1,0.336,0.044,47,0
43,42895.32,Unemployed,705,19809.88,0.414,3,0.183,0.012,37,0
61,64608.08,Employed,717,15844.16,0.125,1,0.205,0.172,29,0
24,27605.35,Unemployed,669,1517.24,0.322,1,0.433,0.113,23,0
37,88817.97,Retired,676,8729.65,0.005,0,0.362,0.151,35,0
32,47667.42,Self-Employed,600,22570.68,0.361,2,0.357,0.245,49,0
61,30714.43,Employed,687,8925.88,0.241,1,0.288,0.115,7,0
44,86006.24,Employed,589,24667.69,0.435,2,0.624,0.132,12,0
25,22639.12,Employed,661,25513.86,0.317,1,0.126,0.074,19,0
34,37137.96,Employed,630,12590.58,0.331,0,0.412,0.111,15,0
23,36833.48,Employed,754,10359.65,0.358,1,0.301,0.122,13,0
44,143196.2,Employed,796,14849.99,0.258,1,0.283,0.14,35,0
70,34804.07,Employed,594,14379.99,0.265,1,0.0,0.124,34,0
49,16689.21,Retired,680,21508.47,0.265,1,0.391,-0.024,29,0
64,36647.2,Self-Employed,657,3624.0,0.331,1,0.265,0.222,38,0
58,61560.47,Unemployed,715,9504.86,0.266,0,0.461,0.107,34,0
65,72550.8,Employed,687,8043.04,0.418,1,1.0,0.227,24,0
36,153011.73,Employed,651,3258.49,0.085,0,0.438,0.034,28,0
68,99056.81,Employed,687,10972.11,0.125,0,0.502,0.06,38,0
32,53850.19,Unemployed,664,6004.36,0.633,1,0.228,0.084,17,0
42,31391.49,Employed,799,11701.93,0.285,0,0.438,0.067,39,0
55,110416.37,Self-Employed,620,11017.32,0.198,2,0.375,0.129,2,0
35,40770.67,Employed,699,19380.6,0.346,0,0.218,0.187,34,0
34,35274.7,Employed,718,12706.9,0.465,0,0.2,0.21,40,0
27,39793.67,Employed,713,5351.45,0.446,1,0.504,0.063,20,0
21,26208.94,Employed,658,18177.2,0.238,1,0.252,0.052,51,0
46,38851.03,Employed,783,63065.79,0.273,0,0.193,0.162,52,0
70,43627.63,Unemployed,523,28142.83,0.3,0,0.69,0.016,38,1
32,70638.34,Employed,598,22193.21,0.397,0,0.736,0.154,59,0
43,40374.59,Employed,730,13130.95,0.357,1,0.196,0.081,23,0
67,26010.88,Employed,614,10997.86,0.212,1,0.633,0.065,48,0
59,21984.96,Retired,610,10549.46,0.274,0,0.039,-0.1,56,0
21,54436.21,Self-Employed,645,17058.18,0.31,1,0.191,0.121,18,0
46,50833.6,Self-Employed,621,7468.43,0.572,1,0.133,0.193,36,0
28,37154.63,Employed,728,16851.74,0.323,0,0.29,0.005,13,1
33,38803.73,Unemployed,748,9915.15,0.846,1,0.4,0.123,48,0
33,59530.46,Employed,687,5278.08,0.31,0,0.123,0.14,60,0
51,98250.26,Self-Employed,759,9831.57,0.098,1,0.304,0.058,27,0
30,33187.47,Unemployed,576,31279.51,0.403,0,0.191,0.135,34,1
33,51249.0,Employed,686,16042.98,0.507,0,0.451,0.172,27,0
32,79152.78,Employed,781,1751.97,0.421,1,0.426,0.115,72,0
38,33254.42,Employed,753,9855.88,0.38,1,0.705,0.144,21,0
53,48639.15,Employed,788,25386.08,0.293,1,0.015,0.079,21,0
40,48098.3,Employed,636,12344.67,0.307,1,0.649,0.165,43,0
37,25446.98,Employed,749,20216.94,0.001,1,0.65,-0.037,34,0
46,53329.74,Employed,648,11647.23,0.479,1,0.281,0.162,73,0
51,49800.1,Self-Employed,725,16487.61,0.293,1,0.318,0.199,65,0
21,64701.66,Employed,778,15080.79,0.522,0,0.472,0.04,44,0
65,27080.16,Self-Employed,620,10021.29,0.27,0,0.621,0.038,49,0
66,49265.79,Employed,541,20803.75,0.342,2,0.0,0.229,46,0
51,97818.31,Employed,819,37009.26,0.537,0,0.298,0.131,51,0
49,138517.22,Employed,717,18597.57,0.55,0,0.495,-0.022,43,0
55,92973.02,Retired,672,15715.09,0.476,0,0.414,0.082,20,0
43,27213.39,Employed,668,8902.57,0.069,0,0.405,-0.038,23,0
39,61422.18,Self-Employed,523,25924.07,0.158,0,0.041,0.082,50,0
38,38500.51,Unemployed,696,10865.72,0.455,3,0.29,0.098,27,0
28,56497.42,Self-Employed,640,20669.45,0.245,2,0.314,0.149,55,0
63,33319.29,Employed,684,23318.89,0.361,0,0.204,0.102,46,0
37,20811.55,Employed,682,26702.3,0.381,2,0.644,0.228,17,1
35,41263.82,Employed,427,27002.27,0.388,0,0.317,0.109,18,1
69,70354.45,Self-Employed,717,26422.61,0.192,1,0.211,-0.053,15,0
46,56613.34,Self-Employed,694,6948.4,0.503,0,0.831,0.149,47,0
52,59962.46,Self-Employed,704,8818.03,0.271,1,0.498,0.109,52,0
33,54621.08,Employed,666,6480.26,0.438,0,0.435,0.086,29,0
34,60009.83,Self-Employed,684,6223.63,0.319,0,0.371,0.184,35,0
57,63879.63,Employed,693,36871.2,0.638,0,0.252,0.167,40,0
43,42730.12,Retired,701,8171.78,0.567,0,0.215,0.031,48,0
28,51095.17,Self-Employed,716,7510.69,0.67,2,0.142,0.122,30,0
62,117199.07,Employed,701,14278.05,0.598,1,0.326,0.222,42,0
41,52628.63,Self-Employed,819,9437.2,0.33,0,0.066,0.106,34,0
54,50075.23,Employed,626,57362.29,0.27,1,0.598,-0.003,12,1
38,51608.53,Employed,652,12530.8,0.18,0,0.252,0.132,56,0
49,43960.45,Employed,807,19285.41,0.39,0,0.588,0.075,40,0
59,39431.57,Employed,668,9243.88,0.354,1,0.216,0.103,32,0
65,54411.96,Employed,750,5446.78,0.344,0,0.485,0.023,24,0
31,38068.5,Self-Employed,690,9535.45,0.226,1,0.091,0.127,24,0
54,45580.83,Employed,663,9597.07,0.404,0,0.259,0.054,13,0
66,33015.84,Self-Employed,754,9556.82,0.293,1,0.285,0.165,18,0
53,51741.01,Employed,719,5653.13,0.278,0,0.455,0.208,21,0
28,65650.3,Unemployed,565,16020.81,0.375,1,0.123,0.115,27,1
30,44092.39,Self-Employed,693,12063.29,0.338,1,0.719,0.024,55,0
31,17958.36,Self-Employed,605,5853.82,0.136,0,0.395,0.04,44,0
26,65853.36,Employed,775,15736.9,0.232,1,0.385,0.114,21,0
58,52056.86,Retired,812,23326.37,0.43,0,0.08,0.126,11,0
69,29833.41,Employed,821,30291.98,0.343,1,0.467,0.058,21,1
46,72159.56,Self-Employed,707,3455.86,0.059,0,0.641,0.084,57,0
50,24362.18,Employed,645,9522.95,0.455,0,0.195,0.146,45,0
59,82677.59,Employed,704,6486.86,0.343,0,0.267,0.186,32,0
41,47634.7,Self-Employed,610,9982.72,0.191,1,0.342,0.099,35,0
44,15765.31,Employed,850,33966.55,0.25,1,0.329,0.149,52,0
50,53592.52,Employed,770,9544.01,0.375,0,0.19,0.1,35,0
36,40010.76,Employed,703,11103.05,0.019,1,0.487,0.125,69,0
24,37107.54,Employed,755,8978.22,0.413,1,0.658,0.048,36,0
49,33898.88,Retired,643,39165.81,0.498,1,0.384,0.131,21,1
62,45999.79,Self-Employed,597,3715.03,0.484,0,0.201,0.209,5,0
24,38461.22,Employed,514,10574.28,0.523,1,0.154,0.129,42,0
31,19373.37,Self-Employed,686,8783.56,0.233,0,0.933,0.134,32,0
34,92599.03,Employed,664,5256.9,0.505,1,0.303,0.029,21,0
61,43382.92,Self-Employed,719,28604.83,0.391,1,0.51,0.127,45,0
46,33997.17,Employed,681,5004.72,0.225,1,0.033,-0.064,39,0
47,27883.44,Employed,716,11207.43,0.42,1,0.233,0.152,28,0
53,72068.05,Employed,741,14083.52,0.415,1,0.637,0.215,40,0
34,25611.17,Self-Employed,570,9409.24,0.581,0,0.206,0.058,33,0
56,52417.39,Self-Employed,745,5215.77,0.53,0,0.218,0.081,49,0
22,36613.62,Self-Employed,650,13346.96,0.246,0,0.479,0.176,36,0
26,37695.28,Employed,719,9347.84,0.401,1,0.255,0.034,29,0
61,28232.25,Unemployed,757,23985.13,0.399,0,0.519,0.137,54,0
53,35948.42,Employed,757,20123.97,0.388,3,0.254,0.04,19,0
29,49237.27,Self-Employed,690,47408.94,0.304,1,0.377,0.146,14,0
42,55141.4,Employed,693,15771.91,0.613,1,0.543,0.081,26,0
23,33097.19,Self-Employed,747,21026.75,0.257,0,0.298,-0.1,8,0
54,46841.87,Retired,567,11904.11,0.6,1,0.123,0.016,12,0
58,76437.39,Employed,609,41234.79,0.136,1,0.304,0.093,31,0
34,21347.41,Self-Employed,659,14856.04,0.293,0,0.181,0.249,36,0
38,48867.39,Employed,580,13883.65,0.465,0,0.291,0.08,31,0
32,30473.36,Employed,660,20421.56,0.192,0,0.401,0.043,43,0
40,28959.63,Employed,656,10026.88,0.24,4,0.401,0.125,28,0
34,55854.52,Self-Employed,687,10940.53,0.43,1,0.599,-0.1,7,1
33,37323.34,Employed,676,20412.75,0.091,2,0.227,0.202,46,0
42,26678.1,Employed,760,22910.26,0.516,1,0.395,0.149,34,0
63,95048.41,Unemployed,723,21125.57,0.572,6,0.701,0.06,45,0
59,77656.05,Employed,675,14071.27,0.578,2,0.471,0.158,44,0
35,18654.58,Self-Employed,655,17365.77,0.399,1,0.608,0.124,51,0
68,23453.76,Employed,676,26271.86,0.286,1,0.387,0.089,22,0
31,65955.04,Employed,678,7658.83,0.296,1,0.577,0.144,17,0
66,42512.91,Self-Employed,850,14777.13,0.393,0,0.359,0.093,34,0
36,103806.86,Employed,571,2573.85,0.369,1,0.09,0.114,33,0
48,66713.87,Employed,611,23020.52,0.293,3,0.542,0.144,54,0
31,56938.83,Self-Employed,600,9232.01,0.588,0,0.481,0.07,43,0
59,29409.37,Retired,700,9380.28,0.313,0,0.408,0.09,37,0
36,62675.14,Employed,697,13723.44,0.566,1,0.191,0.006,17,0
64,25903.1,Retired,637,21406.77,0.365,0,0.742,-0.003,24,1
25,94147.9,Self-Employed,747,62013.1,0.356,2,0.575,-0.036,11,0
46,60540.59,Employed,708,5814.9,0.428,0,0.26,0.129,23,0
28,32454.19,Employed,750,8868.79,0.426,1,0.713,0.075,38,0
65,73301.67,Employed,770,16936.25,0.328,0,0.701,0.006,42,0
41,150356.2,Employed,520,9546.83,0.435,0,0.355,0.069,45,0
54,43966.86,Employed,731,24381.08,0.453,0,0.212,0.015,46,0
64,64550.72,Employed,583,13350.68,0.598,2,0.504,0.115,44,0
47,39501.16,Employed,699,25114.14,0.361,0,0.357,0.179,26,0
23,51158.1,Retired,675,12719.68,0.233,2,0.992,0.206,24,0
32,23072.18,Employed,678,20474.4,0.248,0,0.173,0.088,55,0
31,49007.82,Employed,590,8314.22,0.705,1,0.744,0.086,29,0
66,50100.62,Employed,757,47214.34,0.068,5,0.31,-0.044,30,0
66,120511.31,Employed,583,5325.19,0.172,2,0.349,-0.017,33,0
44,19980.23,Employed,736,9656.07,0.354,1,0.215,0.207,13,0
65,42597.82,Self-Employed,573,6296.63,0.258,2,0.426,0.114,32,0
33,93345.1,Self-Employed,679,23865.26,0.473,0,0.208,0.19,12,0
54,43439.06,Employed,815,20409.72,0.46,0,0.349,-0.051,44,0
40,44996.02,Unemployed,850,7108.79,0.27,2,0.122,0.094,28,0
33,32317.7,Employed,559,26856.64,0.576,1,0.0,-0.039,26,0
33,30751.6,Unemployed,627,9709.64,0.185,2,0.35,-0.074,6,0
41,19674.39,Employed,641,18627.44,0.239,1,0.687,0.028,40,1
37,35788.88,Unemployed,849,21445.65,0.586,0,0.454,0.246,71,0
31,29891.29,Retired,675,12747.34,0.154,0,0.361,0.036,26,0
37,52001.06,Unemployed,761,25486.7,0.402,0,0.974,0.2,34,0
27,33062.86,Employed,702,13541.78,0.585,2,0.0,0.079,59,0
69,38569.01,Employed,590,18092.29,0.0,2,0.461,0.198,71,0
39,39100.76,Unemployed,541,12525.54,0.299,3,0.205,0.155,17,1
26,47854.36,Employed,634,4812.95,0.492,0,0.408,0.205,53,0
49,37636.85,Employed,850,13709.98,0.309,0,0.226,0.062,2,0
65,28828.13,Employed,699,8741.18,0.359,1,0.25,0.121,2,0
38,51168.7,Employed,759,34042.38,0.378,0,0.458,0.11,8,0
63,83595.22,Employed,574,6512.6,0.397,1,0.357,0.303,29,0
51,52272.89,Employed,656,30792.03,0.229,0,0.237,0.172,5,0
57,36137.62,Self-Employed,738,13263.05,0.465,0,0.102,0.088,55,0
35,46093.48,Employed,598,18839.69,0.388,3,0.566,0.263,36,1
22,17582.93,Employed,675,6451.38,0.178,1,0.346,0.269,44,0
38,45720.34,Employed,614,12267.71,0.28,0,0.127,0.049,30,0
67,40127.73,Retired,742,9909.29,0.138,0,0.024,0.122,26,0
60,30738.46,Employed,710,52153.44,0.382,0,0.458,0.069,34,0
60,33656.14,Self-Employed,731,9763.37,0.424,0,0.329,-0.026,64,0
64,39929.98,Self-Employed,745,29496.47,0.382,0,0.435,0.115,38,0
39,80517.44,Self-Employed,663,29745.08,0.432,0,0.955,-0.1,37,0
37,84628.82,Employed,755,29247.93,0.37,4,0.575,0.106,19,0
67,30820.56,Self-Employed,636,10338.96,0.464,2,0.39,0.096,20,0
49,37833.92,Employed,727,43605.46,0.331,1,0.028,0.095,25,0
35,38319.15,Employed,532,49380.4,0.455,0,0.756,0.083,44,1
34,73480.31,Employed,624,18403.01,0.157,3,0.414,0.065,40,0
64,52720.16,Retired,850,11167.47,0.14,0,0.936,-0.037,5,0
23,51348.7,Employed,726,8809.73,0.363,2,0.219,-0.012,42,0
24,64095.62,Employed,726,19595.5,0.453,1,0.115,0.095,46,0
57,36380.69,Self-Employed,618,15351.08,0.308,2,0.714,0.096,44,0
21,96949.29,Employed,598,16475.49,0.446,0,0.453,0.169,44,0
29,48978.06,Employed,660,6576.64,0.396,0,0.673,0.062,44,0
70,31953.72,Unemployed,675,15059.59,0.043,0,0.13,0.014,41,0
42,43703.34,Self-Employed,824,29328.33,0.699,0,0.127,0.075,15,0
57,90759.11,Self-Employed,756,24079.37,0.161,0,0.173,-0.076,50,0
45,39633.46,Employed,688,11516.39,0.208,0,0.0,0.114,61,0
25,78808.72,Employed,685,13829.72,0.522,0,0.285,0.146,54,0
30,35858.18,Employed,737,6118.05,0.353,0,0.0,0.206,39,0
59,33428.64,Employed,581,9905.53,0.235,2,0.417,0.122,34,0
25,68172.65,Employed,536,12039.92,0.28,0,0.379,0.01,26,0
50,31666.47,Employed,736,21591.28,0.218,0,0.203,0.045,7,0
38,73959.29,Employed,685,9664.27,0.23,1,0.512,0.085,50,0
39,58443.34,Employed,582,7930.01,0.468,0,0.435,0.044,13,0
68,31672.47,Employed,523,23262.72,0.275,0,0.692,0.006,30,1
51,47300.62,Employed,747,11457.93,0.19,1,0.806,0.051,29,0
51,37257.66,Employed,641,8925.19,0.236,0,0.429,0.177,54,0
38,58365.97,Employed,710,24039.34,0.327,3,0.495,0.13,45,0
40,125982.61,Employed,660,19443.53,0.238,1,0.528,0.168,26,0
55,40727.05,Employed,677,13036.62,0.304,1,0.824,0.037,33,1
22,64015.99,Employed,636,11958.91,0.402,0,0.09,0.21,32,0
32,49623.53,Unemployed,674,18540.58,0.278,1,0.275,0.128,44,0
51,49614.03,Employed,723,20399.37,0.221,1,0.096,0.132,20,0
52,45134.29,Employed,659,16736.5,0.245,1,0.262,0.095,39,0
25,31929.68,Employed,655,15873.14,0.559,2,0.315,-0.098,32,0
60,57963.57,Employed,726,10260.17,0.676,0,0.207,0.21,72,0
48,42430.77,Employed,731,10635.78,0.357,1,0.492,0.124,23,0
32,31182.11,Employed,595,13318.45,0.459,0,0.511,0.018,53,0
58,81396.42,Employed,678,8294.43,0.209,0,0.398,0.266,29,0
70,51508.64,Unemployed,641,7732.37,0.261,1,0.471,0.101,34,0
42,43737.04,Unemployed,681,13990.87,0.417,2,0.79,0.07,55,0
35,95800.99,Employed,788,26733.36,0.0,0,0.479,0.022,43,0
35,19574.04,Employed,707,4256.72,0.466,0,0.107,0.049,33,0
50,92633.9,Retired,842,11674.2,0.265,2,0.225,-0.029,30,0
23,31568.21,Employed,696,17387.57,0.188,1,0.209,0.064,56,0
45,54489.66,Retired,668,28096.02,0.408,2,0.711,0.09,30,0
22,36532.89,Self-Employed,679,43474.9,0.566,2,0.289,0.144,30,1
22,30899.63,Employed,691,12648.55,0.303,1,0.173,-0.046,25,0
42,94555.6,Employed,704,48219.27,0.394,0,0.148,0.035,62,0
58,124008.86,Employed,606,19406.04,0.418,1,0.273,0.001,16,0
65,43887.6,Unemployed,663,24065.56,0.386,1,0.265,0.172,39,0
25,57973.27,Employed,626,7791.38,0.2,1,0.232,0.154,40,0
33,50437.77,Self-Employed,757,19380.84,0.384,0,0.592,-0.053,17,0
42,116454.21,Employed,536,25345.02,0.378,1,0.336,0.078,31,1
49,17041.81,Unemployed,692,9763.32,0.0,0,0.382,0.212,29,0
70,59193.19,Self-Employed,566,3092.19,0.479,0,0.564,0.159,26,0
55,34079.01,Employed,712,16145.62,0.124,0,0.581,0.072,37,0
47,15093.48,Employed,650,12978.37,0.369,0,0.265,0.134,40,0
24,40934.76,Employed,544,33075.62,0.578,0,0.665,0.164,31,1
25,123503.45,Unemployed,751,10689.45,0.313,1,0.395,0.241,65,0
28,35311.9,Self-Employed,491,9672.04,0.193,1,0.27,0.065,25,0
54,72793.56,Employed,678,7311.09,0.434,0,0.6,0.209,39,0
37,89262.44,Unemployed,732,10116.77,0.56,2,0.486,0.056,37,0
33,48710.58,Employed,783,73143.07,0.184,1,0.465,0.052,44,0
54,52063.94,Employed,559,5698.79,0.0,1,0.32,0.085,38,0
61,20782.18,Unemployed,641,6626.46,0.527,1,0.4,0.113,22,0
42,34266.31,Employed,761,14291.47,0.478,2,0.239,0.16,45,0
65,77149.77,Unemployed,766,48278.38,0.408,2,0.353,0.092,35,0
57,50530.86,Employed,776,23038.62,0.08,0,0.307,0.059,50,0
56,58904.38,Employed,850,37473.8,0.44,1,0.454,0.031,47,0
64,52395.65,Employed,642,11719.02,0.505,0,0.738,0.147,44,0
30,146679.02,Employed,708,6412.07,0.673,1,0.361,0.103,49,0
58,39527.03,Employed,654,11276.44,0.308,0,0.573,0.124,27,0
68,109393.31,Self-Employed,532,13700.37,0.374,0,0.429,0.132,36,0
70,52404.7,Employed,673,14862.17,0.027,1,0.652,0.212,52,0
49,114359.18,Employed,530,12985.76,0.495,2,0.775,0.19,39,0
58,26569.28,Employed,641,21045.47,0.492,1,0.287,0.16,23,0
65,53762.21,Employed,570,9632.04,0.411,1,0.024,0.088,19,0
63,40261.73,Employed,713,8465.08,0.528,0,0.126,-0.002,47,0
65,52561.34,Self-Employed,622,7166.9,0.233,0,0.617,0.062,27,0
62,90326.68,Self-Employed,546,16697.53,0.317,0,0.47,0.093,34,1
40,59243.11,Employed,745,15731.97,0.323,0,0.185,0.045,56,0
57,90236.69,Employed,635,28420.15,0.515,1,0.753,0.145,22,1
41,35062.57,Employed,648,37353.96,0.518,0,0.33,0.105,53,0
61,32486.59,Employed,607,7155.06,0.398,1,0.321,0.028,20,0
61,49417.14,Unemployed,766,14974.63,0.39,1,0.336,0.209,53,0
67,48082.52,Employed,700,13053.16,0.433,1,0.678,0.135,38,0
50,44670.58,Retired,634,5872.07,0.3,2,0.232,0.108,9,0
44,30354.02,Employed,536,10754.71,0.554,1,0.682,0.187,17,0
29,89261.52,Self-Employed,850,37796.45,0.282,1,0.524,0.037,22,0
52,40887.57,Self-Employed,828,10100.89,0.414,2,0.7,0.05,37,0
49,100011.36,Self-Employed,788,9141.76,0.261,0,0.568,0.071,52,0
46,49334.14,Self-Employed,627,14310.78,0.492,0,0.477,0.142,41,0
54,67793.02,Employed,642,25514.82,0.335,2,0.553,0.126,22,0
63,64786.65,Self-Employed,710,12298.02,0.66,0,0.421,0.35,57,0
28,32463.21,Employed,613,15940.4,0.331,2,0.245,0.022,34,0
42,58900.3,Employed,606,3748.99,0.491,1,0.546,0.107,21,0
57,128561.99,Employed,789,20814.3,0.255,1,0.384,0.079,33,0
61,55592.64,Employed,676,16859.66,0.304,1,0.678,0.135,35,0
59,76929.01,Retired,596,25104.65,0.344,1,0.67,0.169,22,0
60,69330.2,Employed,751,4814.68,0.403,1,0.528,0.119,49,0
63,57155.15,Employed,637,12314.22,0.238,0,0.618,0.129,30,0
69,53811.33,Employed,532,26331.18,0.264,2,0.508,0.071,23,0
51,64450.82,Self-Employed,595,10570.66,0.363,0,0.51,0.231,44,0
33,71800.11,Self-Employed,641,15224.05,0.41,1,0.261,0.062,41,0
49,24932.26,Retired,696,11547.51,0.345,0,0.456,-0.1,47,0
56,55472.99,Employed,693,11718.52,0.323,0,0.498,0.052,46,0
26,44710.38,Employed,772,29740.95,0.151,0,0.481,0.291,25,0
58,40305.23,Employed,662,6285.27,0.425,0,0.46,0.005,33,0
48,93712.06,Employed,645,14326.04,0.476,1,0.446,0.139,2,1
67,33976.58,Employed,773,17172.37,0.494,0,0.858,0.036,37,0
31,24406.76,Retired,753,25922.34,0.373,0,0.43,0.137,39,0
66,72973.97,Employed,664,13722.98,0.259,0,0.564,0.188,32,0
43,24096.05,Employed,702,26405.52,0.302,1,0.407,0.063,21,0
49,18695.32,Self-Employed,644,14288.66,0.373,2,0.475,0.202,51,0
54,77198.39,Employed,593,15862.7,0.347,1,0.215,0.187,17,0
49,53069.68,Self-Employed,845,15503.22,0.223,3,0.275,0.126,58,0
66,62091.22,Employed,639,21876.46,0.098,0,0.296,0.094,12,0
29,39292.39,Employed,702,20435.71,0.267,0,0.096,0.082,31,0
57,24533.55,Employed,566,7571.64,0.308,0,0.431,0.035,2,0
69,27095.05,Employed,735,16818.13,0.396,0,0.208,0.01,24,0
32,42783.4,Self-Employed,590,20422.59,0.289,1,0.168,0.147,39,0
33,25946.67,Employed,806,35491.15,0.312,0,0.878,0.128,40,0
44,57155.25,Employed,815,8061.11,0.367,1,0.659,0.133,31,0
57,38900.84,Retired,722,20395.47,0.585,0,0.858,0.181,27,1
68,53772.53,Employed,689,11983.3,0.325,1,0.393,0.098,70,0
60,52974.93,Employed,666,16566.11,0.118,4,0.342,0.207,34,0
60,59480.26,Retired,676,7753.51,0.247,0,0.497,-0.03,78,0
43,62927.67,Employed,711,14646.7,0.621,2,0.495,0.244,58,0
53,41276.55,Self-Employed,687,17878.52,0.565,1,0.337,0.098,25,1
31,53743.86,Employed,754,8249.63,0.491,0,0.246,0.044,28,0
44,55160.59,Unemployed,611,35216.03,0.455,0,0.544,0.091,59,0
30,14553.04,Employed,795,5845.73,0.457,0,0.065,0.227,14,0
22,67728.54,Employed,648,20384.58,0.314,1,0.541,0.047,56,0
63,52837.22,Retired,624,3439.0,0.48,1,0.347,0.108,33,0
61,64992.32,Employed,707,12670.22,0.486,1,0.585,0.017,2,0
46,25760.0,Employed,712,19688.34,0.477,0,0.649,0.132,18,0
21,41861.15,Employed,550,22642.35,0.26,1,0.539,0.2,31,1
25,28402.58,Employed,644,13860.19,0.301,1,0.156,0.123,27,0
26,71132.58,Employed,517,12772.19,0.254,2,0.082,0.071,24,0
56,24280.81,Employed,629,20753.41,0.5,1,0.065,0.067,13,0
31,30812.4,Employed,633,26118.46,0.395,1,0.302,0.109,34,1
33,64033.21,Retired,702,33784.86,0.409,1,0.085,0.144,58,0
64,35786.03,Self-Employed,621,6805.67,0.436,1,0.396,0.17,58,0
64,30816.47,Retired,639,13090.11,0.138,0,0.209,0.017,53,0
59,77138.65,Employed,778,3959.53,0.482,1,0.279,0.061,32,0
36,78736.01,Employed,835,6499.62,0.269,0,0.402,0.216,53,0
49,70335.76,Employed,611,9677.21,0.283,1,0.49,0.14,11,0
31,74933.39,Employed,756,24810.13,0.225,0,0.227,0.112,44,0
63,43660.99,Employed,709,11064.14,0.362,0,0.309,0.163,59,0
25,44254.11,Unemployed,550,12414.51,0.34,2,0.48,-0.087,46,0
58,35452.87,Self-Employed,621,17676.98,0.141,1,0.375,0.154,11,0
46,53309.22,Employed,453,9874.03,0.082,2,0.369,0.302,22,0
58,37648.59,Employed,704,4461.3,0.32,1,0.552,0.106,25,0
43,39476.74,Employed,599,9437.48,0.472,3,0.204,0.122,19,0
28,66167.87,Employed,690,13733.12,0.458,1,0.584,0.074,30,0
58,88633.89,Employed,850,19556.79,0.5,1,0.904,0.024,33,0
52,59822.08,Unemployed,799,13045.08,0.32,0,0.463,0.06,32,0
44,120229.53,Employed,622,19362.63,0.297,1,0.303,0.172,21,0
39,34449.24,Employed,604,25714.84,0.333,0,0.083,0.145,52,0
38,19555.52,Self-Employed,777,28921.41,0.471,1,0.292,0.03,32,0
45,70074.48,Retired,605,16372.95,0.592,3,0.481,0.049,14,0
34,33325.67,Unemployed,754,7462.93,0.281,0,0.375,0.051,28,1
35,42751.26,Employed,850,6995.28,0.31,0,0.389,0.113,27,0
34,20233.64,Employed,731,7397.36,0.355,1,0.376,0.084,8,0
21,31269.39,Self-Employed,769,7747.06,0.31,0,0.291,0.094,29,0
67,23130.01,Unemployed,760,15672.2,0.263,0,0.388,0.014,54,0
32,39452.33,Retired,638,45819.52,0.331,0,0.222,0.23,31,0
29,40244.32,Employed,702,16766.58,0.231,1,0.422,0.124,32,0
28,51276.11,Self-Employed,608,14039.12,0.459,1,0.434,0.058,43,0
70,91113.52,Employed,777,26295.01,0.571,3,0.708,0.036,26,0
44,68765.2,Employed,599,8980.96,0.307,0,0.231,0.069,19,0
37,21783.65,Employed,733,27590.34,0.599,2,0.561,0.194,46,0
41,66436.89,Employed,765,26390.22,0.334,0,0.586,0.221,35,0
25,51837.93,Employed,643,15296.79,0.245,2,0.345,0.049,9,0
36,46680.73,Employed,626,51857.12,0.453,1,0.253,0.065,41,1
33,48467.57,Self-Employed,667,28829.05,0.211,2,0.694,-0.034,40,0
61,54299.82,Employed,613,15172.41,0.444,2,0.114,-0.029,9,0
23,34684.79,Employed,692,13545.48,0.388,2,0.221,0.111,2,0
42,44749.01,Self-Employed,611,11394.13,0.289,1,0.164,0.075,25,1
60,88607.3,Employed,617,13650.84,0.274,2,0.251,0.071,73,0
62,34476.98,Employed,721,13889.95,0.219,0,0.348,0.06,71,0
46,29291.6,Retired,726,12189.2,0.505,2,0.726,0.126,58,0
32,47531.42,Employed,658,12985.88,0.317,0,0.307,0.11,24,0
37,27853.58,Employed,557,7219.23,0.397,0,0.863,0.183,23,0
32,20714.9,Self-Employed,768,10499.86,0.348,0,0.598,0.308,16,0
54,41264.85,Employed,646,5662.63,0.318,0,0.289,0.014,16,0
35,101145.05,Employed,835,18932.96,0.399,2,0.292,0.001,44,0
52,48083.67,Self-Employed,670,15491.32,0.427,2,0.443,0.229,61,0
53,53599.15,Employed,690,13717.78,0.371,0,0.417,0.095,31,0
67,16897.58,Employed,648,25128.05,0.322,1,0.144,0.165,27,0
39,61026.46,Retired,698,8794.43,0.187,0,0.239,0.01,21,0
69,51363.49,Employed,850,9638.32,0.259,2,0.06,0.015,32,0
41,35155.72,Employed,654,6070.96,0.304,1,0.787,0.169,22,0
55,53638.65,Employed,776,27277.34,0.352,0,0.431,-0.0,14,0
54,53373.03,Employed,687,21233.16,0.089,2,0.331,0.215,38,0
61,28861.28,Retired,768,32785.84,0.443,0,0.253,0.168,23,1
44,57868.41,Self-Employed,535,38159.97,0.398,1,0.277,0.045,27,1
60,89193.88,Employed,826,11445.84,0.263,3,0.077,0.225,35,0
38,43740.48,Employed,706,9636.48,0.213,0,0.436,0.144,4,0
45,31767.62,Employed,660,5027.71,0.247,2,0.571,0.084,12,0
45,44855.88,Self-Employed,748,7640.42,0.151,0,0.745,0.108,37,0
56,75154.9,Employed,691,12149.66,0.299,1,0.574,-0.055,18,0
51,26551.47,Retired,594,4287.38,0.323,0,0.565,-0.007,36,0
24,65465.54,Employed,498,7735.7,0.488,0,0.657,0.162,24,1
61,34926.21,Employed,817,14048.9,0.421,0,0.366,0.118,39,0
58,55327.84,Retired,663,25236.9,0.537,2,0.105,0.217,11,0
26,36968.98,Retired,634,9602.25,0.367,0,0.571,0.132,23,0
69,36919.37,Employed,640,15943.2,0.213,0,0.243,0.004,59,0
54,104982.34,Employed,790,45173.0,0.611,3,0.38,0.017,41,0
25,24232.66,Retired,643,4995.9,0.302,2,0.177,0.035,49,0
45,62485.08,Self-Employed,728,28325.67,0.118,0,0.654,0.053,35,0
62,116501.82,Self-Employed,655,18554.43,0.383,0,0.587,0.112,16,0
34,69062.07,Self-Employed,586,31568.62,0.112,0,0.091,0.195,24,0
67,25196.28,Retired,748,26374.04,0.337,0,0.422,0.15,25,0
41,25827.88,Employed,763,9917.72,0.279,0,0.629,0.201,25,0
32,33664.1,Employed,629,14780.75,0.429,1,0.372,0.132,55,0
38,53048.08,Employed,677,6146.72,0.493,2,0.397,0.066,32,0
47,54883.68,Self-Employed,687,10788.52,0.301,0,0.613,-0.011,14,0
55,25955.84,Employed,713,15026.17,0.291,1,0.342,0.15,25,0
67,31685.72,Employed,828,17714.74,0.464,1,0.381,0.092,41,0
30,32671.51,Self-Employed,656,23710.22,0.235,2,0.573,0.163,12,0
69,44784.91,Employed,655,38168.13,0.36,0,0.178,0.052,51,1
47,132236.56,Retired,667,11369.31,0.431,1,0.25,0.231,57,0
27,30742.66,Employed,609,29344.52,0.231,0,0.024,0.231,22,1
67,30077.15,Self-Employed,551,17333.24,0.305,0,0.842,0.03,43,0
38,27817.76,Employed,690,6738.21,0.365,1,0.426,0.126,49,0
52,67357.69,Employed,720,13490.73,0.55,3,0.631,-0.026,20,0
55,48017.9,Employed,680,15827.88,0.169,1,0.138,0.034,29,0
21,31316.07,Employed,675,8937.24,0.328,1,0.673,0.03,31,0
32,40888.42,Self-Employed,613,7908.24,0.553,0,0.335,0.052,41,1
55,32999.41,Self-Employed,699,7750.44,0.496,1,0.703,0.078,57,0
37,56837.16,Employed,693,10655.92,0.309,0,0.356,0.038,31,0
21,187622.7,Employed,716,8788.7,0.339,2,0.162,0.112,12,0
22,64565.29,Retired,704,30891.76,0.419,4,0.639,-0.022,8,1
62,46793.79,Employed,710,3392.54,0.422,0,0.413,0.179,23,0
28,35154.65,Retired,779,15784.17,0.557,1,0.142,0.015,30,0
26,25041.76,Employed,723,20271.85,0.52,1,0.038,0.087,53,0
49,70745.55,Employed,716,8285.85,0.143,0,0.491,0.066,9,0
26,68849.42,Employed,549,12846.82,0.111,0,0.394,0.182,32,0
53,38830.04,Employed,759,12024.95,0.268,0,0.445,0.074,57,0
48,89919.22,Unemployed,658,14094.97,0.072,1,0.451,0.217,41,0
53,49540.88,Self-Employed,686,21977.19,0.547,1,0.369,0.129,16,0
45,72213.36,Self-Employed,585,20827.48,0.126,1,0.484,0.025,37,0
59,56845.85,Self-Employed,837,10301.18,0.305,1,0.559,0.083,34,0
53,44865.84,Self-Employed,494,5986.9,0.219,1,0.367,0.096,53,0
41,30410.94,Self-Employed,792,16301.97,0.112,0,0.514,0.159,45,0
21,45580.34,Self-Employed,712,9956.65,0.527,1,0.526,0.113,39,0
34,74684.31,Unemployed,537,10757.37,0.263,1,0.635,0.082,43,0
27,38022.46,Employed,833,16883.09,0.636,1,0.0,0.039,35,0
21,61075.78,Employed,719,11372.54,0.561,1,0.305,0.138,23,0
34,28527.74,Employed,503,17748.03,0.35,1,0.521,0.072,45,0
31,72404.89,Employed,648,66683.57,0.036,1,0.861,0.042,24,0
24,57323.77,Employed,720,22281.38,0.299,0,0.66,0.018,40,0
36,26874.81,Employed,808,33088.42,0.693,1,0.665,0.182,45,0
46,43826.45,Employed,649,20061.06,0.414,0,0.985,-0.019,15,0
29,78098.06,Employed,481,15464.01,0.325,1,0.381,0.138,31,0
34,26120.71,Unemployed,789,20244.51,0.258,0,0.856,0.102,57,0
22,28696.34,Self-Employed,717,19660.86,0.483,1,0.55,0.056,54,0
23,47346.66,Employed,513,24777.3,0.405,2,0.184,0.043,41,1
28,142438.47,Retired,706,15300.18,0.393,1,0.024,0.101,31,0
43,35021.27,Retired,714,6734.58,0.52,1,0.35,0.057,30,0
54,62795.39,Unemployed,656,6118.76,0.512,0,0.545,0.054,24,0
60,55830.06,Employed,618,19472.15,0.416,1,0.342,0.18,33,0
52,36506.3,Employed,634,7512.19,0.112,0,0.426,0.088,53,0
51,53133.7,Employed,656,22289.17,0.203,1,0.822,0.101,25,0
67,39186.31,Self-Employed,707,32964.7,0.258,0,0.41,0.036,15,1
33,40990.58,Self-Employed,739,12933.86,0.344,0,0.832,0.18,49,0
60,21361.9,Self-Employed,519,30540.46,0.575,0,0.57,0.198,29,0
67,48425.5,Self-Employed,699,17246.47,0.658,1,0.634,0.117,19,0
49,76845.08,Retired,717,14996.2,0.409,1,0.35,0.214,35,0
63,50448.73,Employed,693,15424.43,0.433,1,0.384,0.056,29,0
27,84563.15,Retired,650,8968.64,0.123,2,0.404,0.174,35,0
64,65523.47,Unemployed,786,8306.71,0.287,2,0.381,0.07,41,0
49,47582.93,Employed,781,5505.9,0.267,0,0.543,0.061,39,0
32,35811.96,Unemployed,653,9510.41,0.255,1,0.684,0.212,41,0
24,38440.55,Employed,674,53297.05,0.437,0,0.942,0.071,36,0
56,23499.74,Employed,738,6026.86,0.282,0,0.246,0.024,7,0
42,42892.86,Retired,776,7288.68,0.066,0,0.4,-0.045,35,0
36,52733.14,Employed,619,9105.61,0.476,2,0.619,0.101,14,0
40,115579.11,Employed,602,9365.68,0.531,1,0.414,0.018,23,0
70,63841.59,Retired,701,17354.28,0.393,0,0.115,0.258,23,0
42,31811.18,Employed,596,10228.29,0.325,1,0.575,0.239,42,0
24,23868.52,Employed,534,13106.85,0.215,0,0.223,-0.1,7,0
34,44210.78,Employed,618,8868.84,0.224,0,0.443,0.231,31,0
28,73561.88,Employed,711,11101.84,0.511,1,0.779,0.037,32,1
55,43900.98,Employed,797,14245.48,0.238,0,0.555,0.2,45,0
61,64279.25,Employed,627,13619.62,0.652,0,0.539,0.185,35,0
63,44776.43,Unemployed,671,48458.28,0.492,2,0.728,0.207,42,1
52,70157.66,Employed,692,14517.18,0.401,1,0.373,0.244,35,0
59,22056.68,Employed,631,13018.87,0.757,0,0.475,0.007,59,0
41,109326.17,Employed,625,3300.47,0.541,1,0.361,0.016,27,0
52,28106.56,Employed,705,17050.85,0.285,0,0.573,0.165,69,0
26,72901.62,Self-Employed,590,4514.04,0.196,0,0.107,0.109,25,0
47,42783.51,Employed,622,20558.24,0.286,1,0.205,0.154,45,0
48,46262.46,Employed,665,16081.91,0.335,1,0.407,0.072,57,0
22,43453.6,Employed,704,23830.9,0.236,0,0.533,0.171,31,0
48,55703.72,Employed,566,10090.43,0.181,1,0.819,-0.004,33,0
57,61621.26,Employed,670,15005.74,0.385,0,0.203,0.257,14,0
39,83214.82,Employed,583,22147.05,0.483,5,0.386,0.298,85,1
48,99108.89,Employed,629,8452.95,0.629,0,0.456,-0.044,31,0
35,57867.48,Employed,739,21290.59,0.362,0,0.147,0.225,55,0
34,115478.21,Employed,674,20713.76,0.44,0,0.235,-0.039,23,0
27,51353.39,Unemployed,805,13617.07,0.072,1,0.005,0.147,13,0
37,84012.44,Employed,675,38067.66,0.479,0,0.522,0.024,25,0
61,60740.13,Employed,753,20117.23,0.199,1,0.223,0.137,37,0
67,37249.64,Employed,740,5407.32,0.396,1,0.67,-0.0,36,0
52,53670.41,Employed,679,26721.21,0.344,1,0.492,0.133,25,0
52,63043.86,Employed,581,9948.08,0.314,0,0.358,0.085,28,1
51,48237.93,Employed,672,23827.81,0.127,0,0.235,0.079,37,0
44,60260.27,Employed,640,17629.28,0.236,1,0.484,0.129,23,0
42,75559.94,Employed,637,3025.87,0.207,0,0.344,-0.037,27,0
52,48451.25,Employed,692,21224.66,0.261,1,0.519,0.15,18,0
60,12000.0,Retired,571,12926.13,0.527,0,0.654,0.075,46,1
41,113452.0,Self-Employed,614,11207.43,0.297,0,0.233,-0.024,15,0
49,42243.44,Employed,604,11460.72,0.249,0,0.305,0.154,30,0
44,32479.35,Retired,661,23702.3,0.447,0,0.681,0.05,43,1
35,27943.64,Employed,622,8495.04,0.399,1,0.706,0.096,44,0
35,41430.68,Employed,627,28795.33,0.655,2,0.188,0.126,18,0
24,36998.26,Employed,690,5932.55,0.502,1,0.215,0.095,46,0
42,33911.02,Retired,647,17631.04,0.052,1,0.213,0.097,42,0
56,34854.48,Employed,680,23469.67,0.471,0,0.452,0.147,45,0
55,63887.02,Self-Employed,596,23126.61,0.453,1,0.094,0.078,33,0
70,135290.79,Self-Employed,618,16488.96,0.599,0,0.407,0.182,42,0
22,73886.53,Employed,833,13041.9,0.32,1,0.391,0.192,44,0
59,85930.93,Employed,628,10614.85,0.514,0,0.265,0.053,72,0
60,40590.73,Employed,522,7090.76,0.297,0,0.42,0.055,9,0
42,51654.5,Self-Employed,706,9784.92,0.394,2,0.419,0.15,41,0
35,60672.22,Employed,627,8293.05,0.192,1,0.321,0.234,46,0
38,35250.01,Employed,698,7516.16,0.144,1,0.77,0.188,39,0
55,39621.81,Employed,673,43574.45,0.48,0,0.31,0.028,50,0
64,75152.6,Self-Employed,721,5262.41,0.351,0,0.409,0.077,49,0
53,84554.06,Self-Employed,673,29007.39,0.158,0,0.268,0.035,40,0
46,50701.21,Employed,663,7031.1,0.472,0,0.613,0.218,33,0
53,26968.41,Employed,766,7996.22,0.0,0,0.151,0.134,4,0
24,42285.69,Employed,514,7918.16,0.229,0,0.433,0.02,68,0
51,23845.11,Employed,581,7583.38,0.101,0,0.2,0.065,2,0
23,50899.13,Employed,618,25686.3,0.53,0,0.023,0.024,45,0
68,55698.11,Self-Employed,553,21015.6,0.285,1,0.253,0.068,41,0
65,42815.04,Employed,644,12841.54,0.362,3,0.26,0.145,16,0
46,55318.11,Employed,637,74937.84,0.396,1,0.518,0.05,70,0
39,60382.26,Employed,753,14617.34,0.471,0,0.214,0.107,49,0
57,55738.76,Employed,673,15304.86,0.454,0,0.0,0.125,40,0
52,26882.61,Employed,664,9785.11,0.47,0,0.0,-0.053,16,0
56,43190.15,Self-Employed,652,9110.29,0.31,0,0.436,-0.036,59,0
46,60169.54,Employed,601,10722.85,0.478,2,0.503,0.062,60,0
32,107942.71,Employed,747,24613.18,0.252,1,0.439,0.029,38,0
24,42789.03,Employed,771,20799.27,0.29,1,0.306,0.133,64,0
35,64564.51,Employed,589,32027.85,0.119,2,0.47,0.072,39,0
47,76044.65,Unemployed,802,9602.26,0.601,2,0.0,0.157,42,0
42,44430.71,Unemployed,630,21030.0,0.201,1,0.0,0.14,35,0
46,87047.03,Unemployed,624,17735.17,0.562,0,0.079,0.169,47,0
34,89418.86,Unemployed,715,19158.87,0.431,0,0.36,0.058,44,0
67,97752.34,Unemployed,722,8793.21,0.38,0,0.572,0.082,28,0
39,61649.23,Employed,675,7916.94,0.405,2,0.178,0.261,19,0
63,159542.98,Employed,654,20403.93,0.19,2,0.203,0.016,33,0
40,36039.05,Self-Employed,768,24926.94,0.591,0,0.539,0.153,46,0
43,141780.99,Employed,633,10188.51,0.296,1,0.308,0.181,33,0
51,71980.44,Employed,675,21277.83,0.502,1,0.44,0.138,21,0
34,95816.83,Retired,807,30321.88,0.269,2,0.422,0.172,34,0
31,41771.98,Employed,580,11883.68,0.135,1,0.126,0.1,18,0
39,74774.89,Employed,646,6227.39,0.648,0,0.795,0.139,27,0
61,100056.18,Employed,757,6712.49,0.259,0,0.206,0.118,8,0
28,28461.87,Employed,720,9838.77,0.419,0,0.818,-0.013,37,0
42,45176.71,Employed,747,11298.12,0.0,1,0.52,0.083,47,0
54,16804.02,Employed,581,14448.08,0.339,1,0.46,-0.022,36,0
56,44839.0,Employed,704,14625.31,0.441,2,0.072,0.151,41,0
42,32597.66,Employed,659,12538.8,0.371,0,0.475,0.118,38,0
25,43963.55,Employed,850,22193.19,0.335,1,0.382,0.176,42,0
21,211466.46,Employed,741,9353.78,0.318,0,0.35,0.009,44,0
44,115716.87,Employed,678,31533.46,0.481,1,0.113,0.108,44,0
61,23867.58,Employed,701,25952.92,0.156,1,0.593,0.111,52,1
22,64722.82,Self-Employed,684,24836.86,0.314,0,0.603,0.261,11,0
65,73091.37,Employed,732,9939.75,0.565,1,0.023,0.084,47,0
54,41400.63,Retired,616,13768.6,0.128,0,0.268,0.056,32,0
21,53591.93,Self-Employed,782,22781.55,0.334,0,0.337,0.103,28,0
38,56274.18,Employed,581,13095.86,0.185,0,0.475,0.232,6,0
32,25001.58,Employed,695,9706.1,0.395,0,0.432,0.169,11,0
68,29270.5,Employed,618,9475.29,0.355,0,0.384,0.152,27,0
48,53431.11,Employed,683,9756.27,0.208,0,0.507,0.081,23,0
37,51518.76,Retired,754,7357.22,0.354,0,0.811,0.082,50,0
34,34396.79,Self-Employed,552,82636.96,0.36,1,0.335,0.219,46,1
49,32952.15,Self-Employed,667,4576.13,0.259,2,0.627,0.066,58,0
21,46868.94,Self-Employed,572,8197.02,0.288,0,0.786,0.06,33,0
33,76349.4,Retired,659,21112.36,0.253,0,0.736,-0.034,45,0
29,47181.5,Retired,572,9810.02,0.008,0,0.545,-0.025,11,0
52,110344.81,Employed,692,11955.81,0.489,0,0.544,0.191,71,0
54,34616.64,Employed,648,18715.61,0.529,1,0.495,-0.062,62,0
44,53990.04,Employed,736,27430.54,0.087,0,0.772,0.229,23,0
28,41062.57,Employed,772,12530.84,0.531,0,0.315,0.08,59,0
39,65774.04,Employed,681,25673.56,0.41,0,0.318,0.129,18,0
63,33163.53,Employed,747,5332.35,0.185,0,0.255,0.185,25,0
31,128501.89,Self-Employed,784,10264.16,0.319,1,0.937,0.052,35,0
29,21050.8,Employed,611,19868.51,0.244,1,0.738,0.148,22,0
26,115582.53,Self-Employed,788,48238.58,0.488,2,0.267,0.018,44,0
61,51276.83,Employed,677,8273.1,0.212,1,0.135,0.049,52,0
26,64615.67,Employed,607,7443.78,0.668,0,0.356,0.135,14,0
50,95536.39,Unemployed,702,18121.26,0.524,0,0.416,0.133,37,0
70,75269.53,Employed,675,15243.5,0.166,0,0.456,0.129,20,0
53,34029.62,Self-Employed,574,9594.45,0.596,0,0.061,0.218,39,0
41,66174.12,Unemployed,597,7115.19,0.459,0,0.237,0.094,39,0
31,124708.84,Employed,803,10847.22,0.327,1,0.667,0.229,25,0
21,31456.29,Employed,701,20185.96,0.451,1,0.535,0.105,33,1
28,141381.09,Employed,791,12089.34,0.489,0,0.246,0.148,37,0
68,59447.64,Employed,649,29812.93,0.236,0,0.613,0.159,25,0
28,39473.55,Retired,620,13607.64,0.475,1,0.615,0.06,10,0
21,31362.1,Unemployed,554,21181.91,0.285,2,0.889,0.117,47,1
61,43842.39,Employed,753,17449.81,0.472,0,0.352,-0.016,47,0
41,18441.54,Self-Employed,711,11588.86,0.33,1,0.252,0.109,46,0
38,39830.08,Retired,649,24339.86,0.199,1,0.367,0.106,20,0
56,42981.99,Employed,621,7112.64,0.445,1,0.604,0.143,32,0
47,28646.69,Employed,765,10592.04,0.293,0,0.124,0.09,11,0
66,71248.04,Unemployed,667,11517.99,0.373,2,0.401,0.243,66,1
44,43941.6,Self-Employed,668,18562.96,0.411,0,0.409,-0.036,15,0
56,35671.34,Employed,635,21557.88,0.57,2,0.692,0.006,54,0
64,41661.51,Employed,649,9053.37,0.285,1,0.282,0.023,23,0
44,58545.16,Employed,721,8319.38,0.223,2,0.368,0.097,40,0
35,50848.74,Employed,574,15477.53,0.597,3,0.515,0.038,31,0
69,34527.54,Self-Employed,686,5868.83,0.35,0,0.265,0.006,29,0
32,52199.42,Employed,752,27029.97,0.268,0,0.225,0.06,41,0
22,47794.32,Self-Employed,674,12909.27,0.404,1,0.812,-0.018,27,0
49,27729.94,Employed,759,7319.34,0.298,2,0.523,0.129,11,0
70,42435.8,Self-Employed,781,7232.97,0.31,2,0.667,0.125,33,0
25,65491.07,Self-Employed,748,17816.51,0.736,2,0.56,-0.002,52,0
63,65255.73,Employed,640,17529.57,0.202,0,0.374,0.17,35,0
62,43696.26,Employed,677,9310.88,0.134,0,0.267,-0.007,21,0
67,68760.61,Employed,706,13789.68,0.534,3,0.276,0.057,76,0
42,30032.1,Self-Employed,645,7498.64,0.293,3,0.238,0.118,35,0
33,30500.74,Self-Employed,642,12644.16,0.398,0,0.239,0.105,22,0
46,43233.57,Employed,638,35786.48,0.446,0,0.228,-0.025,67,0
28,103650.82,Retired,850,53015.33,0.088,0,0.572,0.136,9,0
63,53190.01,Unemployed,660,13003.11,0.521,0,0.189,0.096,21,0
54,42715.5,Employed,760,19131.77,0.266,0,0.706,0.252,50,0
45,106092.75,Employed,615,18683.6,0.635,1,0.566,0.148,21,0
46,42469.05,Employed,808,5257.33,0.231,2,0.548,0.218,46,0
56,149846.49,Employed,652,7406.3,0.585,1,0.452,0.025,48,0
47,37962.66,Retired,684,3679.81,0.612,2,0.492,-0.026,66,0
62,29558.77,Self-Employed,543,19330.59,0.277,2,0.307,0.206,51,0
67,45108.19,Employed,764,47440.44,0.321,2,0.214,0.128,28,0
68,43280.52,Employed,780,27987.18,0.303,3,0.302,0.246,24,0
52,32733.03,Employed,591,15164.31,0.578,3,0.111,0.19,19,0
58,180049.49,Employed,768,13934.32,0.377,1,0.501,0.185,18,0
36,57486.95,Employed,580,11951.1,0.43,1,0.18,0.136,41,0
22,61828.81,Unemployed,727,27883.79,0.328,3,0.543,0.031,8,0
41,38912.09,Self-Employed,658,16804.37,0.421,0,0.55,0.019,37,0
64,36723.25,Retired,780,15328.61,0.431,1,0.457,-0.062,6,0
27,81861.1,Employed,699,7616.2,0.26,2,0.289,0.058,39,0
48,21206.84,Employed,750,21176.47,0.616,0,0.214,0.099,27,1
30,27682.83,Unemployed,773,13494.12,0.319,1,0.24,0.092,44,0
42,43318.96,Employed,658,18735.61,0.504,1,0.197,0.101,2,0
28,96328.9,Employed,678,26888.29,0.161,0,0.397,-0.07,49,0
57,40649.49,Retired,597,5536.25,0.453,1,0.376,0.116,35,0
61,60359.63,Self-Employed,657,12365.11,0.51,1,0.819,0.222,28,0
58,49705.18,Unemployed,825,11334.77,0.39,1,0.809,0.036,43,0
56,93725.84,Employed,737,10750.95,0.511,0,0.736,-0.015,42,0
32,22195.36,Employed,602,7554.25,0.244,1,0.356,-0.026,14,0
47,70826.01,Employed,802,9542.28,0.421,2,0.089,0.049,37,0
26,44380.28,Employed,709,7638.29,0.122,1,0.441,0.07,46,0
39,77842.44,Employed,742,24220.33,0.372,1,0.346,0.115,11,0
46,32544.35,Unemployed,717,18517.09,0.231,1,0.408,0.161,38,0
54,49622.35,Employed,711,17762.54,0.34,1,0.495,0.022,53,0
25,46571.62,Employed,530,4646.24,0.557,0,0.555,0.058,38,0
61,29696.43,Unemployed,763,47539.02,0.611,0,0.009,-0.032,28,1
43,25842.96,Self-Employed,511,11555.11,0.158,0,0.685,0.145,14,0
65,36672.94,Employed,756,42056.9,0.537,2,0.611,0.068,19,1
47,52311.19,Employed,687,23143.73,0.56,2,0.274,0.08,29,0
48,33575.23,Employed,743,12848.75,0.399,2,0.596,0.204,47,0
55,41562.9,Employed,692,50308.16,0.554,1,0.345,0.108,44,0
61,19093.46,Employed,758,20752.63,0.288,1,0.408,0.235,29,0
28,40728.16,Self-Employed,681,12874.37,0.273,0,0.368,0.159,23,0
46,81780.44,Self-Employed,701,11676.57,0.274,1,0.241,0.065,26,0
22,69744.24,Retired,710,27423.96,0.457,0,0.124,0.01,52,0
44,46935.94,Employed,821,10701.02,0.335,1,1.0,0.086,12,0
61,55371.84,Employed,725,11764.72,0.243,2,0.538,0.181,35,0
64,32398.58,Employed,581,10319.91,0.25,0,0.43,-0.012,27,0
35,110439.08,Retired,638,9382.61,0.35,1,0.799,0.051,45,0
40,137844.46,Unemployed,725,9733.41,0.223,1,0.03,0.033,31,0
48,53231.83,Retired,774,42764.95,0.45,0,0.346,0.065,16,0
40,179036.13,Employed,626,27025.76,0.529,1,0.264,0.131,58,0
29,34888.37,Employed,848,17003.88,0.496,0,0.292,0.115,38,0
36,26224.79,Employed,693,10630.7,0.787,0,0.407,0.114,37,0
41,34378.55,Employed,712,10606.01,0.412,0,0.304,-0.012,13,0
46,43925.7,Employed,586,11849.33,0.604,2,0.008,0.156,29,0
67,155754.02,Employed,764,43190.35,0.378,2,0.177,0.179,23,0
48,42591.95,Employed,647,17580.56,0.308,2,0.197,0.08,33,0
40,31893.97,Employed,624,23121.62,0.368,1,0.302,0.028,6,0
54,31281.14,Retired,656,16645.6,0.375,1,0.19,0.165,36,0
59,86682.83,Self-Employed,784,8678.63,0.331,0,0.361,0.207,47,0
42,80712.67,Self-Employed,715,15701.91,0.188,0,0.368,0.13,26,0
45,38455.65,Employed,613,7742.66,0.203,0,0.0,0.042,38,0
31,19189.3,Self-Employed,640,30248.48,0.52,0,0.164,0.015,19,1
64,27881.07,Employed,786,9422.22,0.475,0,0.448,0.145,59,0
64,115916.1,Employed,662,10476.24,0.617,2,0.376,-0.025,19,0
29,69175.63,Employed,722,24050.4,0.291,2,0.013,-0.012,31,0
38,50651.83,Employed,740,9710.95,0.277,1,0.577,0.117,22,0
34,124793.62,Unemployed,424,12946.32,0.178,0,0.534,0.226,20,0
67,130504.52,Unemployed,775,3033.24,0.508,0,0.913,0.192,58,0
24,48147.77,Employed,616,12166.49,0.216,1,0.788,0.13,56,0
31,48592.0,Employed,653,21090.44,0.345,0,0.212,-0.067,27,1
36,36642.96,Employed,795,10139.15,0.397,2,0.372,-0.097,86,0
49,42518.66,Employed,789,20652.01,0.115,0,0.407,0.086,51,0
33,23314.66,Self-Employed,717,14622.33,0.467,1,0.681,0.241,50,0
47,23267.36,Self-Employed,735,28359.03,0.502,1,0.337,0.029,35,0
58,20716.19,Self-Employed,753,9499.66,0.392,1,0.696,0.169,53,0
62,84302.64,Employed,787,12772.76,0.337,0,0.462,0.125,37,0
25,22455.68,Employed,797,6113.21,0.345,2,0.224,0.054,20,0
27,129959.89,Employed,688,13971.22,0.56,1,0.141,0.067,34,0
25,34023.65,Employed,625,11465.15,0.358,0,0.624,-0.035,28,0
66,116853.34,Employed,661,26267.05,0.347,1,0.613,0.135,16,0
53,40842.27,Employed,690,10149.29,0.247,0,0.641,0.048,50,0
47,22402.02,Employed,676,11450.2,0.0,0,0.0,0.168,37,0
60,93142.83,Employed,604,9846.7,0.514,0,0.371,0.082,34,0
50,98807.9,Self-Employed,713,15007.4,0.35,1,0.676,0.076,61,0
32,31162.62,Employed,562,48684.15,0.219,0,0.085,-0.069,37,1
46,41530.11,Employed,686,1810.52,0.667,0,0.525,0.123,53,0
56,31166.59,Retired,691,14347.15,0.416,1,0.278,0.141,19,0
22,46153.9,Unemployed,689,29870.71,0.319,0,0.193,0.201,23,0
51,51736.28,Employed,744,10842.95,0.503,1,0.24,0.032,35,0
45,41122.41,Employed,734,20255.83,0.405,2,0.748,0.121,36,0
24,19743.0,Employed,847,29924.28,0.402,0,0.597,0.132,39,0
34,36664.36,Retired,641,12510.15,0.259,0,0.374,-0.002,50,0
43,69686.33,Employed,701,9981.19,0.454,1,0.884,0.05,89,0
38,44158.92,Employed,696,25880.57,0.491,0,0.006,0.005,11,0
35,41617.65,Self-Employed,693,19875.09,0.26,1,0.259,0.012,26,0
53,30779.73,Self-Employed,585,14222.47,0.066,0,0.752,0.068,41,0
41,36133.45,Employed,591,21306.1,0.493,0,0.36,0.045,64,0
45,99158.42,Employed,680,26270.42,0.444,1,0.354,0.099,32,0
60,27725.6,Employed,562,14302.48,0.476,1,0.373,0.15,35,0
25,70291.88,Employed,655,17734.63,0.357,0,0.299,0.147,29,0
38,50187.82,Employed,631,20200.86,0.494,1,0.604,0.163,43,0
24,55403.9,Unemployed,658,11191.16,0.252,2,0.218,0.079,35,0
67,33990.01,Self-Employed,765,30115.14,0.322,1,0.992,0.059,47,1
30,41114.3,Self-Employed,599,7954.2,0.193,0,0.089,0.002,53,0
61,48880.8,Self-Employed,745,13646.66,0.524,1,0.772,0.156,29,0
30,37784.96,Employed,637,23400.27,0.343,2,0.582,0.178,49,0
37,57856.21,Employed,646,7833.33,0.385,0,0.25,0.2,24,0
51,61618.63,Self-Employed,715,24904.34,0.415,0,0.457,0.125,38,0
62,145270.57,Employed,659,16550.58,0.314,1,0.586,0.063,25,0
29,56336.34,Employed,613,32699.24,0.473,1,0.538,0.013,10,0
31,18842.66,Employed,652,21325.76,0.599,0,0.0,-0.007,49,0
65,87685.3,Self-Employed,547,13390.95,0.497,0,0.485,-0.057,20,1
37,44270.1,Employed,709,16965.94,0.092,0,0.095,0.182,24,0
31,134049.27,Employed,447,17335.53,0.366,1,0.631,0.131,30,1
58,102279.26,Employed,747,49710.29,0.373,3,0.635,0.287,63,0
25,38077.02,Unemployed,726,15534.43,0.536,1,0.099,0.09,59,0
64,70329.84,Employed,800,13591.55,0.268,3,0.0,0.105,10,0
64,36425.43,Employed,844,13130.84,0.194,0,0.333,0.129,16,0
63,49086.8,Self-Employed,750,16536.31,0.475,2,0.347,0.148,63,0
35,68733.53,Self-Employed,633,7475.7,0.347,0,0.402,0.046,68,1
26,85519.53,Employed,843,11735.12,0.256,0,0.493,0.097,42,0
42,76695.85,Employed,590,8044.3,0.311,1,0.366,0.162,37,1
37,50893.72,Retired,537,8700.37,0.138,3,0.423,0.227,34,0
68,169687.19,Employed,819,23919.76,0.376,2,0.217,0.027,32,0
52,40842.96,Unemployed,725,14999.36,0.304,1,0.174,0.116,16,0
68,21947.31,Self-Employed,539,9460.55,0.43,0,0.533,0.107,47,0
58,24164.75,Unemployed,578,13491.72,0.319,1,0.514,0.078,21,0
56,102437.06,Employed,721,12738.3,0.355,2,0.321,0.181,45,0
26,47177.56,Employed,615,15239.03,0.282,1,0.168,0.282,36,0
24,53078.58,Employed,626,5977.38,0.312,2,0.742,0.129,51,0
23,37374.28,Employed,827,7671.31,0.181,0,0.776,0.038,25,0
50,39091.05,Employed,841,6217.5,0.505,1,0.651,-0.014,16,0
31,33072.32,Employed,691,8606.25,0.344,0,0.539,0.094,20,0
70,62042.53,Employed,669,9569.79,0.052,2,0.16,0.175,35,0
27,46691.16,Self-Employed,748,7936.85,0.112,0,0.682,0.083,33,0
68,60931.32,Employed,638,23356.95,0.506,0,0.527,0.121,16,0
54,58088.28,Employed,513,44532.27,0.344,1,0.175,0.256,27,0
26,39618.86,Employed,473,24230.05,0.347,2,0.555,0.152,36,1
23,23638.56,Self-Employed,674,10517.13,0.35,2,0.288,0.105,46,0
40,22631.55,Employed,746,16749.31,0.423,0,0.582,-0.008,35,1
37,222643.21,Self-Employed,681,14188.01,0.58,0,0.652,0.164,46,0
36,102650.65,Employed,741,10246.67,0.417,3,0.514,0.145,36,0
47,95807.02,Employed,748,32690.19,0.396,0,0.216,0.166,36,0
27,34985.77,Self-Employed,784,49233.42,0.264,1,0.536,-0.0,43,0
27,49254.44,Employed,694,6111.91,0.119,1,0.524,0.097,17,0
55,32608.18,Self-Employed,701,35037.01,0.421,1,0.246,0.146,63,0
70,25436.97,Retired,677,10356.93,0.433,0,0.325,-0.017,36,0
34,36519.92,Employed,661,12614.59,0.515,1,0.819,0.111,34,0
67,95138.83,Employed,562,17493.88,0.607,0,0.764,0.187,39,0
38,74635.59,Retired,768,37368.92,0.176,0,0.28,0.049,52,0
37,30181.25,Unemployed,651,17478.9,0.258,1,0.0,0.185,41,0
25,41881.19,Employed,647,18910.53,0.45,0,0.726,0.102,45,0
42,71293.58,Employed,639,24637.38,0.35,1,0.866,0.108,36,0
45,36846.44,Employed,579,27083.63,0.567,1,0.746,0.179,19,0
54,51010.82,Unemployed,674,20063.96,0.321,0,0.322,0.045,2,0
28,59929.47,Self-Employed,719,27184.58,0.65,0,0.548,-0.003,47,0
30,59603.24,Employed,627,10314.08,0.358,0,0.197,0.079,50,0
42,55663.1,Employed,758,5215.09,0.594,0,0.638,0.126,17,0
24,35353.46,Self-Employed,652,44134.58,0.0,0,0.272,0.128,15,1
28,37216.69,Employed,565,7921.92,0.423,1,0.26,0.125,17,0
52,27810.67,Retired,783,10718.14,0.353,0,0.381,0.04,25,0
68,22456.42,Employed,695,12101.49,0.036,3,0.277,0.138,21,0
49,46287.43,Employed,745,10912.53,0.348,3,0.562,0.092,36,0
28,73727.4,Employed,747,9550.15,0.164,1,0.212,0.222,37,0
70,24584.19,Employed,609,19499.63,0.272,1,0.969,0.171,35,0
47,56189.58,Employed,641,19624.56,0.396,1,0.521,0.142,26,0
56,72570.63,Employed,758,21417.47,0.332,0,0.323,0.085,20,0
30,19567.65,Employed,818,20626.25,0.403,1,0.185,0.072,12,0
49,42817.81,Employed,685,11498.72,0.374,1,0.332,0.082,25,0
24,111647.86,Unemployed,633,11487.38,0.703,1,0.354,0.122,43,0
52,64600.05,Employed,806,28897.66,0.389,0,0.34,0.178,9,0
31,19240.48,Employed,633,10798.57,0.367,1,0.291,-0.017,33,0
66,68129.78,Self-Employed,705,10670.62,0.413,0,0.219,0.06,18,0
23,33729.62,Employed,648,25788.88,0.346,1,0.6,0.2,14,1
53,69262.12,Employed,700,14601.06,0.112,1,0.711,0.054,48,0
27,34716.11,Unemployed,609,10904.82,0.454,0,0.21,0.032,52,1
55,47738.04,Employed,652,10966.82,0.544,1,0.389,0.185,41,0
45,37467.48,Employed,633,28979.45,0.583,2,0.004,0.14,16,0
69,49098.26,Unemployed,730,20986.07,0.453,1,0.28,0.118,46,0
53,36914.51,Retired,692,17016.21,0.31,1,0.833,0.149,45,0
39,43836.89,Unemployed,746,7333.41,0.389,1,0.664,0.077,64,0
25,27233.35,Employed,618,17059.68,0.618,1,0.536,0.103,26,0
50,62650.68,Employed,664,12995.04,0.316,0,0.146,0.107,40,0
43,53511.0,Employed,727,8540.14,0.171,1,0.247,0.074,21,0
23,21845.14,Employed,744,10291.19,0.681,0,0.286,0.073,5,0
50,80535.9,Employed,572,22419.67,0.197,0,0.625,0.03,6,0
31,44884.87,Unemployed,704,31115.26,0.114,0,0.686,0.06,35,0
32,53150.42,Employed,619,7828.72,0.398,0,0.402,0.065,23,0
21,71846.04,Retired,748,8444.23,0.411,0,0.6,-0.049,42,0
39,57764.01,Retired,820,22392.49,0.419,1,0.24,0.148,44,0
31,87781.11,Employed,484,11550.5,0.482,0,0.473,0.121,34,0
24,42334.27,Employed,631,20571.28,0.326,2,0.633,0.219,11,1
42,82225.0,Retired,700,11457.66,0.328,1,0.753,-0.005,19,0
32,52128.25,Employed,680,20872.69,0.264,1,0.147,0.019,38,0
27,63184.65,Self-Employed,750,6475.37,0.371,2,0.722,0.175,39,0
44,59982.89,Employed,686,20529.08,0.431,0,0.933,0.003,39,0
24,91159.42,Employed,640,4190.01,0.486,0,0.091,0.096,47,0
70,70312.59,Employed,603,25724.4,0.215,3,0.055,0.08,30,0
44,39282.22,Employed,591,14466.46,0.163,1,0.762,0.222,37,0
70,35573.86,Retired,624,19239.86,0.483,0,0.322,0.096,42,0
65,47816.35,Employed,638,17022.18,0.271,1,0.367,0.095,49,0
69,33521.73,Employed,709,5305.46,0.202,1,0.677,0.117,34,0
48,28966.75,Self-Employed,668,33526.67,0.072,1,0.221,0.031,33,0
42,16915.3,Retired,631,18046.22,0.561,0,0.476,0.059,39,1
56,22592.39,Employed,604,23243.88,0.391,1,0.117,0.012,35,0
25,132283.57,Self-Employed,627,9140.5,0.432,1,0.609,0.152,30,0
63,35303.94,Employed,638,17059.55,0.416,1,0.608,0.155,25,0
37,126973.05,Unemployed,624,6728.19,0.382,1,0.457,0.032,8,0
21,59968.66,Self-Employed,730,16147.75,0.347,0,0.423,0.079,42,0
32,47816.26,Retired,783,8402.3,0.339,0,0.417,0.113,41,0
33,23148.78,Self-Employed,592,150000.0,0.203,0,0.382,-0.011,38,1
21,49135.37,Retired,764,21228.41,0.085,3,0.404,0.143,40,0
54,126259.16,Employed,732,32810.9,0.687,1,0.612,0.014,32,0
25,106811.23,Self-Employed,693,12711.32,0.356,1,0.027,-0.035,62,0
63,56225.14,Self-Employed,794,18758.5,0.284,2,0.823,0.105,47,0
43,27602.62,Employed,667,25417.82,0.23,1,0.461,0.148,63,0
56,30376.28,Retired,710,7756.96,0.507,1,0.915,0.172,24,0
37,32006.81,Self-Employed,689,9862.07,0.372,0,0.475,0.137,33,0
27,92881.29,Unemployed,684,26462.98,0.22,3,0.422,0.045,33,1
30,110841.91,Employed,714,12954.12,0.304,2,0.558,0.248,56,0
53,54065.22,Unemployed,683,9427.66,0.397,2,0.145,0.105,3,0
56,42127.66,Employed,715,10111.37,0.292,0,0.185,0.026,43,0
34,106335.58,Retired,630,7090.53,0.472,2,0.376,0.177,37,0
38,30052.86,Employed,632,4556.88,0.669,1,0.436,0.123,51,0
68,50307.61,Employed,629,5336.48,0.287,2,0.647,0.263,27,0
63,61789.15,Employed,653,15175.27,0.307,1,0.437,0.224,9,0
41,31843.85,Self-Employed,756,22091.98,0.226,1,0.739,0.068,63,0
33,35669.2,Employed,645,66927.21,0.327,0,0.0,0.002,35,1
36,34307.91,Unemployed,729,14402.67,0.056,1,0.817,0.06,49,0
47,99544.84,Unemployed,700,6850.14,0.515,3,0.329,-0.085,30,0
49,127667.39,Employed,647,14514.78,0.15,0,0.57,0.103,52,0
30,51916.72,Unemployed,778,22510.98,0.229,1,0.683,0.179,47,0
24,42868.42,Self-Employed,735,27394.79,0.363,1,0.13,0.102,53,0
45,36318.39,Employed,680,25844.97,0.557,4,0.737,0.138,30,0
60,49063.62,Employed,674,20819.91,0.222,1,0.585,0.162,55,0
28,37230.71,Employed,687,15633.58,0.322,1,0.81,0.22,43,0
41,46699.32,Employed,565,22973.28,0.394,0,0.436,0.113,8,0
29,60271.61,Employed,618,7252.54,0.249,1,0.419,0.083,56,0
33,40028.36,Employed,715,4425.32,0.332,0,0.256,0.054,44,0
51,44587.37,Employed,561,51841.78,0.111,1,0.264,0.228,31,1
35,44679.62,Retired,624,14354.06,0.271,1,0.405,0.053,33,0
34,41823.69,Employed,651,20339.88,0.535,0,0.548,0.248,20,0
70,39311.64,Unemployed,850,2748.89,0.472,0,0.585,0.074,37,0
29,71761.13,Unemployed,731,37307.12,0.283,2,0.197,0.033,43,0
30,20224.14,Self-Employed,762,29540.55,0.198,0,0.397,0.134,37,0
67,107703.78,Employed,620,5771.21,0.318,2,0.469,0.12,39,0
48,52457.82,Employed,707,12205.18,0.13,2,0.0,-0.033,27,0
23,66503.43,Unemployed,548,17322.07,0.32,0,0.608,0.156,21,0
42,70441.57,Self-Employed,655,6916.95,0.288,0,0.362,-0.047,36,0
49,34405.46,Unemployed,718,19796.38,0.283,1,0.422,0.245,39,0
33,31033.44,Employed,574,27649.85,0.329,1,0.739,-0.014,29,0
48,29256.74,Employed,709,17935.22,0.431,0,0.199,0.124,42,0
53,43324.17,Employed,716,5769.06,0.194,1,0.227,0.143,48,0
33,69536.17,Self-Employed,635,7926.48,0.494,0,0.0,0.177,50,0
61,36611.55,Self-Employed,617,13707.82,0.519,0,0.401,-0.015,28,0
43,66434.1,Employed,626,12711.44,0.68,0,0.657,0.142,10,0
69,15003.51,Employed,654,12867.31,0.394,1,0.0,0.014,42,0
25,40425.51,Employed,656,12596.94,0.571,1,0.188,0.12,31,0
37,87866.04,Employed,718,5002.0,0.496,0,0.451,-0.055,35,0
57,45004.35,Employed,640,23942.08,0.379,0,0.313,0.142,28,0
65,32384.27,Employed,800,21511.72,0.167,1,0.315,0.205,60,0
32,35297.89,Employed,800,20199.72,0.484,0,0.449,0.077,29,0
70,12000.0,Self-Employed,698,19107.37,0.386,0,0.819,0.107,63,1
30,29557.68,Self-Employed,654,12450.72,0.618,0,0.424,0.149,47,0
41,83168.23,Employed,640,10257.43,0.461,0,0.468,0.127,51,0
36,36632.78,Employed,704,8017.9,0.508,1,0.521,-0.028,33,0
42,38860.28,Self-Employed,717,37262.98,0.263,1,0.0,0.002,23,0
66,15276.85,Employed,665,14584.21,0.387,0,0.486,0.068,46,0
57,21689.45,Employed,651,5451.53,0.061,1,0.076,0.109,40,0
60,88878.41,Employed,706,14508.23,0.433,2,0.421,0.062,27,0
33,66745.83,Retired,685,4227.83,0.533,0,0.655,0.108,46,0
68,25623.89,Employed,637,17133.75,0.559,0,0.323,0.181,44,0
42,35764.6,Retired,688,16087.34,0.297,1,0.651,0.071,9,0
53,48310.96,Employed,635,10666.34,0.078,0,0.035,0.012,44,0
55,26955.32,Employed,624,8402.68,0.269,1,0.476,0.14,49,0
54,17996.42,Employed,680,20691.03,0.338,2,0.479,0.198,12,1
51,45269.77,Self-Employed,637,14047.36,0.411,0,0.0,0.123,64,0
45,65271.08,Employed,625,4605.39,0.046,3,0.527,0.063,56,0
53,65902.3,Employed,758,30404.13,0.334,1,0.0,0.086,9,0
66,75933.91,Retired,651,8400.97,0.194,0,0.452,0.062,30,0
40,22543.94,Employed,818,6694.84,0.567,0,0.512,0.123,22,1
46,50460.74,Employed,727,33363.06,0.0,0,0.32,-0.069,17,0
30,42863.43,Self-Employed,618,27882.36,0.502,0,0.45,0.108,40,1
38,46928.93,Employed,767,11472.35,0.326,0,0.912,0.086,37,0
59,44095.33,Employed,626,6963.99,0.043,0,0.293,0.172,21,0
53,35234.32,Unemployed,828,8554.11,0.602,0,0.156,-0.014,23,0
31,12000.0,Employed,697,11355.99,0.553,1,0.863,0.008,35,1
48,87633.14,Employed,721,30629.53,0.537,3,0.456,0.128,41,0
61,57814.51,Employed,682,32112.35,0.364,0,0.667,0.204,23,0
27,23338.39,Employed,700,16310.88,0.249,2,0.051,0.088,36,0
24,62104.01,Employed,663,21808.85,0.36,1,0.0,0.081,43,0
40,39196.69,Employed,611,13021.81,0.432,2,0.217,0.037,49,0
53,39755.91,Employed,705,8745.6,0.269,0,0.368,0.103,39,0
36,33382.69,Employed,757,6000.76,0.221,0,0.292,0.023,37,0
62,64117.03,Employed,591,17921.4,0.424,0,0.292,-0.006,31,0
63,32862.52,Employed,796,25342.15,0.379,0,0.0,0.143,29,0
47,28327.34,Employed,725,10868.34,0.489,1,0.455,0.03,38,0
39,86324.82,Retired,647,30107.01,0.578,2,0.348,0.153,36,0
23,44826.7,Employed,646,11719.84,0.478,0,0.0,0.095,41,0
62,45535.92,Employed,820,15525.65,0.177,2,0.337,0.178,24,0
65,69302.21,Unemployed,750,12930.67,0.348,1,0.376,0.013,45,0
43,35108.78,Employed,766,31004.19,0.408,1,0.638,0.164,12,0
46,38790.22,Retired,661,19842.91,0.471,1,0.287,0.101,45,0
58,57117.03,Self-Employed,722,14256.66,0.479,1,0.619,-0.018,32,0
55,22681.64,Employed,706,15459.24,0.341,0,0.594,0.042,18,0
27,54750.92,Employed,667,7234.83,0.276,0,0.224,0.045,18,0
54,33595.39,Employed,688,3865.84,0.501,1,0.553,0.131,43,0
67,75187.2,Unemployed,763,10733.32,0.407,0,0.656,0.024,37,0
58,64429.81,Employed,800,13142.32,0.392,0,0.645,0.001,38,0
45,60311.26,Self-Employed,661,20307.81,0.244,0,0.481,0.068,32,0
47,21949.96,Unemployed,582,13388.26,0.665,0,0.38,0.174,29,1
33,46550.93,Self-Employed,803,11141.96,0.387,1,0.103,0.11,37,0
54,27210.73,Employed,804,2518.61,0.337,0,0.664,0.077,34,0
33,48125.53,Self-Employed,710,20258.15,0.387,0,0.081,0.147,24,0
38,15403.66,Self-Employed,814,16757.69,0.33,0,0.366,0.022,10,0
34,22687.83,Employed,705,24059.96,0.157,0,0.641,0.243,24,0
37,88833.3,Retired,612,15008.28,0.395,1,0.182,0.233,37,0
39,58954.82,Employed,582,29381.41,0.132,0,0.4,0.062,47,0
25,41072.42,Retired,581,10611.36,0.365,1,0.054,0.107,5,0
56,31120.7,Employed,680,14409.82,0.111,1,0.322,0.09,27,0
43,28506.09,Employed,645,17056.81,0.027,1,0.182,0.057,38,1
68,54180.58,Self-Employed,637,21937.04,0.442,0,0.228,0.172,37,0
30,41282.08,Employed,672,18955.45,0.184,0,0.527,-0.018,36,0
54,106225.94,Employed,744,19664.17,0.415,0,0.547,0.069,27,0
29,44695.05,Employed,639,17348.86,0.375,1,0.275,0.14,23,0
48,50481.4,Unemployed,626,13152.64,0.372,1,0.462,0.223,42,0
45,24483.34,Employed,644,25355.68,0.256,0,0.3,0.207,38,0
43,40931.3,Self-Employed,749,5406.8,0.33,0,0.324,0.044,34,0
53,53556.67,Employed,675,10122.41,0.252,1,0.147,0.036,65,0
62,40684.69,Employed,701,38372.84,0.492,2,0.287,0.065,53,0
36,38452.76,Employed,796,9862.04,0.278,2,0.0,0.213,42,0
63,57725.53,Employed,850,14088.42,0.313,1,0.865,0.131,49,0
30,104549.05,Retired,728,33951.27,0.462,0,0.666,0.326,45,0
35,52706.01,Self-Employed,721,13688.91,0.257,0,0.941,0.149,31,0
36,86863.49,Retired,591,8952.34,0.081,1,0.651,0.233,18,0
68,66889.76,Self-Employed,708,30303.43,0.191,2,0.47,0.091,49,0
26,84303.33,Unemployed,685,12411.71,0.508,2,0.0,0.032,35,0
40,36139.44,Retired,747,12930.87,0.362,1,0.631,0.29,48,0
42,44202.48,Employed,651,4499.77,0.394,1,0.699,-0.007,47,1
61,44294.39,Retired,695,13678.7,0.394,2,0.152,0.12,12,0
45,64417.37,Employed,725,22242.99,0.618,0,0.526,0.108,44,0
69,72853.54,Employed,822,11401.37,0.039,0,0.437,0.051,61,0
58,52183.84,Employed,797,6844.43,0.331,1,0.388,0.127,32,0
56,75989.72,Employed,775,11067.0,0.355,1,0.524,0.086,40,0
58,36987.46,Employed,735,10207.48,0.347,0,0.506,0.029,51,0
29,76319.88,Employed,648,12680.48,0.47,0,0.184,-0.005,13,0
43,81463.04,Employed,734,10823.11,0.474,0,0.616,0.133,4,0
50,68785.49,Unemployed,622,40084.66,0.318,2,0.082,0.036,33,1
31,52422.17,Employed,665,17701.62,0.097,1,0.51,0.056,12,0
26,70028.79,Employed,813,5197.18,0.726,0,0.468,0.032,55,0
27,31350.88,Self-Employed,720,15411.92,0.349,1,0.237,0.034,48,0
60,54132.02,Self-Employed,697,14415.05,0.363,0,0.677,0.086,55,0
53,56968.58,Unemployed,707,30232.87,0.539,1,0.0,-0.001,34,0
35,25216.21,Employed,673,13445.4,0.291,0,0.462,0.073,52,0
57,62149.13,Employed,518,13215.64,0.544,1,0.446,0.144,36,0
55,26254.45,Retired,585,45152.39,0.304,1,0.751,0.147,41,1
61,39578.48,Employed,726,7775.32,0.624,0,0.547,0.058,67,0
66,50005.11,Self-Employed,611,23827.85,0.418,2,0.0,0.039,16,0
65,34017.55,Employed,672,15341.77,0.249,0,0.3,0.193,61,0
30,51086.57,Employed,588,10932.39,0.677,0,0.758,0.13,7,0
59,50679.59,Unemployed,626,10007.91,0.44,1,0.366,0.139,35,0
40,32529.71,Employed,680,33356.61,0.259,1,0.156,0.198,43,1
41,65120.01,Employed,749,19519.78,0.139,1,0.389,0.182,28,0
53,33453.84,Self-Employed,764,21176.96,0.455,0,0.769,0.169,39,1
51,153889.05,Employed,625,25181.48,0.558,0,0.213,-0.043,41,0
41,46409.55,Employed,703,18126.72,0.408,0,0.169,0.052,44,0
70,27292.11,Employed,573,7811.92,0.4,2,0.35,-0.01,32,0
29,29966.31,Employed,684,5750.09,0.584,0,0.257,0.206,25,0
25,87011.04,Self-Employed,751,37189.66,0.44,1,0.562,0.07,38,0
22,39951.61,Employed,675,16727.49,0.251,1,0.323,0.037,30,0
61,24788.08,Employed,779,15483.93,0.258,3,0.477,0.123,35,0
41,75121.07,Employed,743,43597.16,0.433,0,0.758,0.148,30,0
42,39823.52,Retired,698,7796.15,0.425,1,0.191,0.136,38,0
53,67962.39,Employed,661,3248.37,0.513,0,0.628,0.1,26,0
42,78259.3,Retired,640,4979.41,0.405,1,0.599,0.194,28,0
49,56231.47,Employed,571,10737.13,0.452,1,0.127,0.072,18,0
23,162422.09,Employed,583,15840.17,0.402,1,0.703,-0.022,37,0
28,20694.61,Self-Employed,755,34029.6,0.495,0,0.129,0.067,22,0
67,32566.03,Employed,794,24487.8,0.462,0,0.08,0.064,40,0
43,43132.2,Employed,599,3174.61,0.311,0,0.215,0.15,50,0
29,151840.63,Retired,685,79254.2,0.322,1,0.223,0.173,59,0
39,120451.35,Unemployed,562,11541.21,0.399,0,0.324,0.038,33,0
37,93371.87,Employed,607,30843.53,0.367,0,0.156,-0.073,77,0
34,32956.31,Self-Employed,699,20488.25,0.547,0,0.525,0.256,44,0
35,34934.94,Employed,641,14812.22,0.382,0,0.371,0.115,37,0
57,32393.72,Self-Employed,536,12807.28,0.136,2,0.44,-0.066,64,1
26,33133.05,Employed,809,7574.78,0.173,1,0.549,-0.032,22,0
36,103399.18,Employed,676,6817.73,0.314,0,0.735,0.117,35,0
44,43395.73,Employed,597,13363.17,0.458,0,0.305,0.058,31,0
48,46362.72,Employed,690,6419.43,0.241,1,0.265,0.199,16,0
65,72199.86,Self-Employed,674,39685.78,0.448,0,0.576,0.058,50,0
67,21337.81,Employed,712,15649.12,0.235,1,0.676,0.093,39,0
35,50328.3,Employed,655,51825.06,0.374,1,0.418,0.051,45,0
47,28326.81,Self-Employed,704,11368.84,0.412,0,0.415,0.088,45,0
22,42310.58,Employed,751,10359.8,0.179,1,0.354,0.104,10,0
51,36562.91,Retired,581,21047.17,0.409,1,0.264,0.207,53,0
28,35632.36,Employed,628,12637.6,0.592,2,0.313,0.124,24,0
24,54873.78,Employed,743,26472.2,0.32,1,0.382,0.107,50,0
54,54754.05,Employed,639,34993.95,0.361,1,0.546,0.159,16,0
29,43918.45,Employed,674,28552.23,0.388,0,0.584,0.205,40,0
44,59002.92,Employed,645,33478.25,0.364,3,0.198,-0.007,26,0
26,31751.42,Self-Employed,649,24114.09,0.354,2,0.414,0.047,38,0
58,68926.29,Employed,643,10620.8,0.342,3,0.242,0.116,33,0
59,44218.59,Retired,586,29258.52,0.115,0,0.343,0.1,39,0
49,38490.56,Employed,714,22439.1,0.418,0,0.429,0.051,32,0
62,32945.85,Self-Employed,760,10192.05,0.189,2,0.611,-0.057,28,0
42,43447.18,Employed,667,10997.82,0.406,1,0.369,0.077,54,0
30,124906.36,Employed,751,13973.44,0.455,0,0.498,0.13,54,0
28,47493.26,Employed,643,28764.23,0.411,0,0.165,0.215,64,0
31,27661.54,Employed,639,15837.84,0.217,0,0.15,0.102,36,0
31,77606.74,Employed,711,14714.82,0.397,0,0.343,0.101,34,0
37,38717.07,Employed,712,13420.11,0.318,0,1.0,0.037,37,0
31,56493.42,Employed,672,11944.08,0.262,1,0.227,0.1,25,0
50,36212.87,Retired,731,7344.07,0.66,1,0.434,0.06,17,0
28,93002.97,Employed,583,23792.72,0.215,0,0.49,0.145,28,0
52,36483.67,Employed,657,8018.88,0.424,0,0.407,0.137,25,1
37,98610.1,Employed,752,15376.19,0.579,1,0.268,0.213,44,0
55,29009.24,Employed,752,11552.86,0.407,1,0.522,0.123,47,0
46,42342.51,Employed,743,23383.9,0.258,0,0.2,0.143,6,0
66,98715.56,Self-Employed,757,12025.65,0.267,0,0.484,-0.01,24,0
42,53321.08,Employed,652,8072.79,0.14,0,0.272,0.127,42,0
35,152624.05,Self-Employed,552,26731.16,0.364,0,0.619,0.159,38,0
50,42848.67,Employed,661,8994.83,0.37,1,0.007,0.109,33,0
53,55743.8,Employed,728,16200.67,0.312,1,0.376,0.096,32,0
42,127080.32,Self-Employed,740,31706.61,0.564,2,0.154,0.086,41,0
48,22995.15,Employed,641,9527.31,0.344,0,0.582,0.232,42,0
44,21614.61,Employed,607,13875.65,0.117,2,0.585,-0.03,16,0
36,32933.51,Employed,615,11399.12,0.577,2,0.0,0.201,9,1
36,73621.06,Self-Employed,639,15976.43,0.178,0,0.127,0.132,34,0
66,21918.24,Employed,538,14170.54,0.432,1,0.605,0.061,47,1
54,66073.6,Retired,640,25648.48,0.452,3,0.371,0.143,29,0
25,63790.1,Employed,684,10173.77,0.344,1,0.534,0.133,68,0
69,134214.58,Retired,673,31713.92,0.496,1,0.396,0.021,48,0
56,82680.78,Employed,655,38669.23,0.368,0,0.435,0.185,29,0
23,58807.53,Self-Employed,628,17221.72,0.302,0,0.618,0.117,10,1
57,96719.13,Employed,637,9190.39,0.044,0,0.138,0.038,47,0
50,64180.32,Unemployed,638,14405.06,0.097,1,0.303,0.223,23,0
66,38947.31,Employed,733,13698.92,0.769,0,0.172,0.149,27,0
45,27658.74,Unemployed,680,42762.64,0.467,0,0.46,0.131,24,0
46,36876.04,Self-Employed,850,13878.53,0.545,1,0.112,0.183,16,0
36,48048.35,Employed,655,33849.46,0.734,0,0.603,0.103,28,0
37,53503.87,Employed,713,15785.88,0.303,0,0.282,0.169,27,0
51,16854.99,Employed,657,15176.43,0.336,1,0.513,0.165,23,0
62,43924.16,Retired,655,11936.56,0.11,0,0.237,0.057,26,0
65,49726.38,Retired,797,12623.87,0.314,4,0.578,0.088,62,0
59,64457.97,Employed,755,25180.6,0.31,1,0.661,0.063,46,0
51,110569.6,Employed,548,9524.65,0.299,0,0.568,0.212,33,0
46,53789.13,Employed,603,26261.06,0.515,2,0.206,-0.018,9,0
37,31107.95,Employed,670,35049.76,0.465,0,0.721,0.129,43,1
59,19751.02,Employed,641,10351.69,0.495,0,0.552,0.21,63,0
36,69113.51,Unemployed,567,30478.69,0.174,0,0.26,0.003,61,0
34,31743.91,Employed,689,27693.22,0.362,0,0.461,0.105,33,0
64,75615.65,Retired,539,24872.71,0.409,1,0.738,0.197,40,0
50,98588.52,Retired,690,10080.54,0.638,3,0.203,0.072,18,0
38,22651.08,Employed,735,13743.97,0.375,0,0.197,0.112,39,0
64,64663.12,Employed,745,13732.74,0.333,1,0.372,0.083,45,0
69,93555.6,Employed,669,51761.74,0.52,0,0.092,0.024,43,0
36,81594.71,Employed,793,14675.9,0.319,1,0.424,0.07,53,0
47,17185.31,Self-Employed,705,13227.15,0.428,1,0.561,0.049,45,0
45,31989.85,Employed,743,7414.84,0.423,0,0.438,-0.023,11,1
56,25845.96,Employed,625,8241.08,0.279,0,0.24,0.216,29,0
68,63687.04,Retired,794,9793.86,0.254,0,0.6,0.136,50,0
48,60274.43,Employed,680,18339.32,0.345,1,0.362,0.069,11,0
60,12721.57,Employed,798,6282.76,0.285,1,0.226,0.062,36,0
50,42175.05,Retired,782,9901.81,0.125,0,0.457,0.066,29,0
65,73156.77,Employed,699,4833.89,0.458,1,0.665,0.04,16,1
41,52785.3,Employed,710,34239.75,0.436,0,0.273,0.069,49,0
40,52740.21,Employed,667,15738.18,0.239,0,0.752,0.027,23,0
42,40843.51,Employed,619,17787.43,0.224,0,0.417,0.156,67,0
70,28869.17,Employed,725,7677.18,0.423,1,0.428,-0.049,32,0
51,48604.53,Self-Employed,721,29636.91,0.613,0,0.425,0.116,51,0
28,50314.41,Employed,559,36382.26,0.503,0,0.278,0.029,60,0
23,66677.79,Employed,674,15369.7,0.53,1,0.121,0.173,40,1
46,69442.2,Employed,745,11075.91,0.304,3,0.83,0.086,36,0
61,51171.13,Employed,790,20565.03,0.412,0,0.14,0.128,47,0
44,84749.42,Retired,734,22945.53,0.33,0,0.673,0.05,60,0
49,40641.2,Self-Employed,566,24889.49,0.241,0,0.78,0.204,40,0
60,23813.02,Self-Employed,601,21989.81,0.379,1,0.243,0.001,24,1
46,62225.92,Employed,654,26328.19,0.22,2,0.536,0.047,13,0
66,52218.38,Employed,785,9744.11,0.238,0,0.552,0.021,40,0
52,62847.46,Unemployed,634,25518.13,0.283,1,0.552,0.095,20,0
57,26050.03,Retired,759,11245.45,0.299,1,0.261,0.107,49,0
60,120018.12,Self-Employed,633,3274.9,0.346,1,0.315,-0.001,54,0
52,69930.08,Employed,720,11183.67,0.04,1,0.577,0.016,44,0
23,42446.58,Employed,609,10589.92,0.21,2,0.039,0.011,34,0
42,30707.84,Employed,665,17062.22,0.586,1,0.0,-0.017,44,0
28,84000.39,Employed,595,24411.13,0.349,1,0.423,0.045,35,0
46,28257.53,Employed,788,16575.6,0.434,0,0.372,0.239,31,0
28,151855.15,Employed,628,49275.52,0.412,3,0.435,0.111,28,0
46,36076.52,Employed,564,10774.96,0.334,3,0.241,0.047,37,0
38,115873.3,Employed,558,4479.97,0.218,0,0.573,0.079,35,0
22,44701.53,Employed,674,17444.79,0.268,0,0.587,-0.025,54,0
27,108052.59,Employed,646,10647.59,0.644,0,0.436,-0.02,44,0
46,33947.34,Employed,729,7697.02,0.27,0,0.109,0.032,15,0
24,49484.67,Employed,662,12350.85,0.608,0,0.629,-0.002,43,0
63,73304.31,Retired,767,9227.59,0.288,0,0.014,0.169,36,0
58,68257.23,Employed,651,9790.1,0.302,0,0.122,0.251,39,0
56,84997.82,Unemployed,757,36809.17,0.361,0,0.567,0.169,31,0
29,38417.33,Employed,609,15908.27,0.324,1,0.152,0.037,36,1
60,51144.19,Self-Employed,567,12591.58,0.209,2,0.238,0.101,60,0
52,91509.15,Employed,618,38505.97,0.348,0,0.429,0.141,30,0
40,34453.72,Self-Employed,595,12366.1,0.129,1,0.603,0.132,26,0
21,65268.87,Retired,587,7058.04,0.405,0,0.528,0.219,25,0
47,43932.95,Employed,711,6661.67,0.384,0,0.691,0.004,19,0
60,54335.72,Self-Employed,660,14072.85,0.459,3,0.301,0.112,44,0
22,51137.59,Retired,691,5511.81,0.275,0,0.209,0.096,53,0
23,33052.7,Self-Employed,720,7306.55,0.461,2,0.118,0.073,26,0
40,43030.02,Employed,554,11745.74,0.415,0,0.425,-0.025,43,0
46,52705.03,Employed,723,29119.49,0.369,1,0.46,-0.017,51,0
44,46566.56,Retired,590,32051.13,0.647,2,0.939,0.203,38,0
42,107620.67,Self-Employed,637,21933.89,0.421,0,0.535,0.168,35,0
33,81224.95,Retired,538,14730.49,0.28,1,0.023,0.009,25,0
23,56669.43,Employed,729,10485.59,0.58,0,0.653,-0.045,44,0
22,33470.74,Self-Employed,553,18639.07,0.427,0,0.214,0.102,31,0
25,32467.29,Unemployed,590,43009.64,0.617,3,0.111,0.094,44,1
55,131518.86,Unemployed,595,16072.26,0.072,1,0.628,-0.029,27,0
60,29586.02,Self-Employed,670,11190.27,0.305,0,0.585,0.264,40,0
42,51892.51,Employed,668,13432.08,0.305,1,0.64,0.199,51,0
24,58716.4,Self-Employed,741,12581.52,0.067,0,0.263,0.014,42,0
41,41954.38,Employed,672,20522.06,0.375,1,0.889,0.205,25,0
70,29699.88,Employed,752,9337.52,0.294,2,0.602,0.118,19,0
33,33108.71,Employed,708,18839.47,0.05,0,0.191,0.158,36,0
45,37299.96,Retired,609,20762.36,0.235,1,0.888,0.033,56,0
47,34380.8,Employed,630,18150.04,0.558,1,0.527,0.15,47,0
37,95211.9,Employed,793,7694.45,0.486,3,0.396,0.278,65,0
42,48797.63,Self-Employed,772,13498.26,0.243,0,0.277,0.194,76,0
44,37725.8,Retired,742,10763.57,0.239,1,0.0,0.159,34,0
44,51713.75,Self-Employed,752,14124.81,0.479,3,0.568,-0.048,45,0
56,68458.15,Employed,715,9897.46,0.055,0,0.264,0.168,35,0
50,41261.71,Employed,705,31132.43,0.439,0,0.348,0.137,27,0
23,76956.12,Employed,684,16516.79,0.075,0,0.378,0.035,42,0
21,25962.97,Employed,807,5592.14,0.596,2,0.21,0.074,39,0
41,88049.27,Unemployed,645,6648.66,0.449,3,0.514,0.093,34,0
66,48801.87,Employed,698,30419.96,0.073,0,0.215,0.143,30,0
22,47858.01,Employed,552,13252.7,0.293,1,0.047,-0.015,37,0
24,34665.24,Unemployed,573,11685.61,0.398,0,0.414,0.104,30,0
54,26531.15,Employed,816,29060.19,0.052,0,0.272,0.224,33,0
43,21304.3,Employed,726,13481.72,0.343,1,0.0,0.143,18,0
32,33476.92,Employed,664,7207.83,0.422,0,0.13,0.014,23,0
31,65764.58,Employed,686,7505.68,0.04,0,0.437,0.122,27,0
54,30313.87,Employed,578,21515.04,0.462,1,0.431,0.139,38,0
47,22601.6,Retired,648,49895.04,0.331,0,0.706,-0.065,36,1
52,31115.69,Unemployed,571,24434.21,0.488,1,0.658,0.124,26,0
35,40440.35,Self-Employed,658,11741.29,0.315,2,0.497,0.101,27,0
47,41243.52,Self-Employed,731,12886.93,0.191,1,0.245,-0.026,38,0
64,45961.23,Employed,714,15200.53,0.177,1,0.28,0.253,28,0
36,82150.09,Unemployed,799,4394.1,0.303,2,0.496,0.125,21,0
40,91548.78,Employed,702,14974.16,0.322,0,0.619,0.084,45,0
29,133616.8,Employed,494,20961.75,0.51,0,0.52,0.031,15,1
52,21753.86,Employed,826,42777.3,0.308,1,0.297,0.109,19,1
22,31954.17,Employed,617,28408.42,0.116,1,0.446,0.133,52,0
33,69511.16,Employed,692,47002.42,0.281,1,0.343,0.206,18,0
56,39065.09,Employed,688,40471.33,0.121,0,0.0,0.091,57,0
21,75387.23,Employed,698,34091.93,0.402,1,0.353,-0.008,18,0
70,54369.4,Employed,684,14998.73,0.437,0,0.31,0.094,21,0
41,107969.29,Employed,685,18158.86,0.463,1,0.575,0.093,19,0
40,82566.4,Employed,581,5420.25,0.305,1,0.157,0.231,15,0
47,83325.37,Employed,850,15965.88,0.245,1,0.183,0.123,56,0
52,39897.31,Employed,729,20737.44,0.273,0,0.633,0.131,53,0
43,46689.27,Employed,684,12456.32,0.336,4,0.197,0.056,14,0
65,42081.91,Employed,818,5854.81,0.274,1,0.248,0.128,59,0
69,23087.67,Self-Employed,600,38165.28,0.591,0,0.509,0.033,17,1
31,102322.48,Self-Employed,745,18838.2,0.295,0,0.557,0.113,79,0
56,71160.53,Employed,638,41455.1,0.335,0,0.707,0.163,33,0
36,41253.3,Employed,710,23047.3,0.237,1,0.322,0.099,26,0
70,94117.22,Unemployed,712,33559.19,0.241,0,0.335,0.188,43,0
33,35768.26,Employed,505,29668.86,0.159,0,0.364,0.211,22,1
35,19553.95,Employed,573,9821.67,0.196,2,0.267,0.191,14,1
56,81120.0,Employed,799,10879.3,0.631,0,0.495,0.105,28,0
60,25866.91,Unemployed,661,11418.31,0.432,1,0.328,0.025,36,0
27,44449.65,Employed,830,8268.31,0.299,0,0.131,0.02,3,0
48,54342.48,Retired,778,42577.1,0.252,0,0.011,0.143,22,0
38,59440.59,Self-Employed,663,15144.03,0.535,2,0.372,0.121,64,0
51,74921.83,Employed,657,19451.99,0.225,0,0.537,0.095,35,0
48,65540.64,Employed,804,6643.42,0.095,2,0.249,0.058,2,0
70,64533.92,Employed,838,24128.54,0.421,2,0.113,0.101,35,0
67,33011.92,Employed,659,11548.7,0.211,1,0.738,-0.01,40,1
53,56790.35,Employed,795,31463.48,0.157,1,0.322,0.048,35,0
54,23091.62,Employed,757,9786.44,0.186,0,0.598,0.084,47,0
65,107051.88,Self-Employed,770,32831.14,0.412,0,0.632,0.156,31,0
30,24311.81,Self-Employed,688,25965.29,0.334,2,0.732,0.178,50,1
57,41224.17,Retired,630,11165.52,0.202,1,0.387,-0.055,35,0
59,25350.73,Employed,601,34568.72,0.42,1,0.085,-0.027,37,0
27,34027.25,Retired,582,29415.61,0.226,2,0.0,0.157,40,0
65,49351.04,Unemployed,823,19806.77,0.105,2,0.342,0.108,45,0
55,37632.41,Unemployed,681,8134.17,0.154,0,0.773,0.15,40,0
38,86866.1,Self-Employed,594,23862.59,0.353,1,0.416,0.05,24,0
45,54909.99,Employed,755,15361.29,0.232,1,0.699,0.055,59,0
45,38892.05,Unemployed,644,15208.49,0.366,1,0.186,0.041,23,0
66,45853.6,Employed,631,15433.53,0.517,0,0.72,-0.1,22,0
69,90205.91,Self-Employed,835,14500.34,0.255,0,0.548,0.01,6,0
61,77221.67,Employed,580,8783.46,0.75,0,0.429,0.015,31,1
53,27739.55,Employed,698,5947.84,0.391,1,0.607,0.026,28,0
26,34880.18,Employed,636,5255.22,0.324,0,0.275,0.022,36,0
66,62155.52,Employed,624,17669.68,0.15,1,0.502,0.026,23,0
27,58494.22,Employed,570,3448.56,0.298,1,0.214,0.081,60,0
29,28992.99,Retired,684,22827.78,0.313,0,0.266,0.144,26,0
24,71293.7,Employed,614,20004.24,0.464,0,0.198,-0.1,26,0
68,31399.99,Employed,724,12312.42,0.261,1,0.203,0.025,34,0
45,94081.19,Employed,676,27334.81,0.415,2,0.018,0.028,41,0
32,63877.63,Employed,657,12631.6,0.356,0,0.901,-0.023,53,0
25,27834.67,Employed,615,18979.98,0.496,0,0.136,0.189,43,0
41,37626.42,Self-Employed,787,4560.09,0.508,0,0.627,0.011,43,0
57,37300.79,Retired,735,3846.45,0.4,0,0.029,0.133,37,0
70,53100.33,Employed,629,12820.53,0.465,1,0.273,0.037,23,0
48,44267.74,Employed,578,19028.89,0.519,0,0.321,0.201,26,0
51,27646.53,Self-Employed,538,26112.17,0.431,0,0.713,0.032,2,1
62,24412.98,Employed,765,13275.07,0.392,1,0.473,0.026,30,0
66,64505.88,Self-Employed,748,17118.94,0.411,1,0.164,0.085,45,0
34,56563.46,Employed,758,23664.79,0.592,1,0.346,0.22,31,0
70,51677.04,Unemployed,671,13675.27,0.367,1,0.661,0.139,41,0
46,56126.64,Employed,740,21001.62,0.459,1,0.631,0.047,63,0
67,35973.59,Retired,757,7500.42,0.249,1,0.253,0.114,37,0
26,53744.48,Retired,675,5465.12,0.575,2,0.077,0.054,44,0
25,174425.46,Employed,653,10718.02,0.417,2,0.259,0.218,37,0
65,88193.06,Employed,607,23502.22,0.298,1,0.549,0.162,23,0
54,42437.84,Employed,712,9637.08,0.339,3,0.014,0.097,32,0
29,37733.9,Employed,722,21817.87,0.317,0,0.362,0.115,19,0
65,12000.0,Retired,650,7972.99,0.351,0,0.132,0.049,48,0
26,83645.85,Employed,658,10409.68,0.381,0,0.293,0.1,49,0
55,72642.3,Employed,664,17072.5,0.32,2,0.512,0.146,34,0
31,37349.92,Employed,739,9892.66,0.112,2,0.386,0.171,62,0
24,23960.12,Employed,577,10951.44,0.616,0,0.553,0.066,32,0
61,27511.69,Unemployed,597,3086.99,0.39,2,0.669,-0.072,48,0
63,61218.15,Self-Employed,599,24429.53,0.391,1,1.0,0.155,31,0
26,46879.21,Self-Employed,669,13750.64,0.343,1,0.6,0.05,42,0
25,69272.0,Employed,704,8373.3,0.486,1,0.532,0.167,14,0
51,51186.01,Self-Employed,600,44336.48,0.357,3,0.256,-0.022,28,1
22,79489.44,Employed,748,9195.96,0.303,0,0.597,0.126,36,0
58,58970.2,Employed,790,10836.52,0.313,2,0.744,0.083,48,0
66,74190.97,Employed,711,8291.02,0.538,1,0.251,0.064,36,0
58,17242.94,Retired,764,28631.49,0.38,3,0.277,0.216,55,0
32,26445.13,Self-Employed,611,34901.13,0.345,0,0.257,0.042,30,0
30,40856.62,Self-Employed,613,32870.67,0.285,0,0.109,0.209,21,0
55,84101.9,Employed,719,32683.2,0.302,0,0.397,0.274,63,0
24,125525.58,Employed,677,10317.68,0.512,0,0.103,-0.001,12,0
47,45156.17,Employed,613,40273.83,0.213,0,0.378,0.027,24,0
43,36105.84,Self-Employed,787,13129.76,0.45,0,0.47,0.087,35,0
58,18444.39,Self-Employed,702,5851.29,0.456,0,0.462,0.082,31,0
31,75491.99,Employed,733,11431.29,0.382,1,0.291,0.188,37,0
59,37231.29,Employed,629,17954.06,0.322,1,0.059,0.188,36,0
55,215166.48,Employed,806,10027.68,0.128,3,0.668,0.061,68,0
32,33870.44,Employed,668,16125.2,0.45,0,0.011,0.037,31,0
38,140454.31,Self-Employed,756,20372.76,0.111,0,0.426,0.073,40,0
24,71266.65,Retired,636,18889.62,0.375,2,0.727,0.117,36,0
43,29315.39,Employed,693,21874.56,0.358,5,0.42,0.008,2,0
34,55054.12,Self-Employed,722,13252.89,0.465,1,0.681,-0.001,17,1
26,72091.42,Self-Employed,830,9543.64,0.216,1,0.512,0.04,2,0
48,43799.33,Employed,647,6111.31,0.208,0,0.093,0.063,18,0
49,74532.56,Employed,695,14005.39,0.43,1,0.689,0.07,32,0
25,73716.25,Employed,724,10696.39,0.324,2,0.27,-0.061,47,0
30,66050.13,Retired,574,13752.13,0.047,0,0.306,0.066,55,0
25,48618.69,Employed,517,4262.65,0.349,0,0.55,-0.005,72,0
54,27242.4,Employed,605,5936.88,0.621,1,0.191,0.105,36,0
37,47174.43,Employed,753,20050.07,0.432,0,0.607,-0.001,35,0
24,53531.86,Self-Employed,809,5534.25,0.172,0,0.493,0.126,13,0
30,19186.74,Employed,611,13173.72,0.42,0,0.764,0.086,19,0
69,53349.38,Retired,589,8968.94,0.497,1,0.652,0.214,47,0
33,46704.67,Employed,795,8633.48,0.091,1,0.355,0.123,63,0
55,25634.31,Retired,638,15540.18,0.307,0,0.308,0.084,55,1
44,41502.0,Employed,652,15019.97,0.545,0,0.239,0.095,25,0
30,41943.42,Employed,789,20491.54,0.121,0,0.345,0.104,17,0
36,128675.28,Self-Employed,777,7622.02,0.308,1,0.202,0.052,7,0
21,54724.08,Employed,750,8684.77,0.318,1,0.332,0.079,33,0
58,82291.46,Employed,552,28967.75,0.288,1,0.122,0.059,64,1
37,46216.51,Self-Employed,586,12903.07,0.556,0,0.186,0.071,27,0
45,19207.22,Employed,764,18389.47,0.533,0,0.701,0.063,25,0
28,68608.45,Employed,704,10956.93,0.305,1,0.105,0.07,31,0
62,35274.18,Self-Employed,622,19402.3,0.197,2,0.086,0.096,30,0
31,41448.21,Self-Employed,654,3316.78,0.541,0,0.24,0.144,36,0
49,28955.47,Employed,763,29461.55,0.466,2,0.7,0.173,2,0
64,50837.21,Employed,795,11235.43,0.347,0,0.193,0.049,20,0
56,83498.94,Employed,680,6978.91,0.448,1,0.332,-0.013,29,0
51,78148.73,Employed,628,7804.86,0.447,1,0.462,0.162,38,0
65,108347.05,Employed,659,12604.98,0.219,0,0.516,0.272,26,0
29,116305.98,Employed,781,13818.49,0.261,0,0.376,0.142,38,0
69,17624.81,Self-Employed,779,16070.11,0.351,1,0.485,0.073,25,0
48,26989.14,Employed,695,7218.54,0.06,1,0.612,0.117,47,0
41,19848.91,Employed,640,24901.98,0.299,0,0.116,0.112,39,0
33,67236.07,Unemployed,761,10779.87,0.231,0,0.25,0.096,37,0
58,34664.07,Self-Employed,802,10461.02,0.376,3,0.215,0.028,47,0
69,38384.53,Self-Employed,571,12890.41,0.181,1,0.318,0.179,43,0
55,43989.28,Employed,663,21975.84,0.414,0,0.673,0.036,26,0
22,59354.63,Employed,767,14467.49,0.383,0,0.614,0.176,22,0
44,23326.36,Retired,686,10663.63,0.335,1,0.381,0.143,55,0
57,26122.92,Employed,643,12158.14,0.42,0,0.577,0.213,64,0
40,49052.58,Employed,694,30683.91,0.439,2,0.866,0.157,52,0
59,89265.73,Employed,708,27812.0,0.314,1,0.126,-0.086,52,0
56,48402.24,Retired,595,18388.92,0.355,0,0.254,-0.013,19,0
24,32996.94,Employed,687,16141.77,0.248,0,0.34,0.105,32,0
48,16745.68,Employed,708,59169.65,0.246,0,0.483,0.234,30,1
29,78931.67,Employed,643,19498.81,0.587,1,0.513,0.068,30,0
45,33929.3,Retired,622,16454.7,0.32,0,0.166,-0.011,23,0
40,27619.62,Employed,640,13078.83,0.348,0,0.439,0.163,40,0
61,20792.29,Employed,607,18289.54,0.338,0,0.586,0.23,40,0
64,23871.72,Retired,744,2375.23,0.406,0,0.132,0.036,21,0
44,30314.85,Employed,606,27354.31,0.268,0,0.433,0.057,24,0
47,43502.58,Employed,694,6883.89,0.283,2,0.265,0.23,38,0
52,26785.85,Employed,652,9596.49,0.491,1,0.082,-0.003,34,0
53,53790.6,Employed,627,6373.41,0.127,0,0.616,0.014,26,0
52,43337.61,Employed,783,9491.49,0.378,2,0.502,0.013,32,0
60,148894.93,Employed,670,12037.77,0.227,1,0.202,0.113,15,0
70,20905.73,Employed,630,25175.1,0.049,1,0.602,0.077,45,0
62,53142.9,Self-Employed,623,31998.32,0.338,0,0.866,0.051,29,0
27,53476.76,Employed,705,47318.79,0.177,1,0.423,0.17,28,0
44,29281.8,Employed,742,15698.85,0.15,1,0.096,0.165,42,0
44,51411.96,Self-Employed,775,12946.26,0.739,1,0.334,0.215,51,0
46,72027.06,Retired,667,23570.25,0.431,1,0.0,0.104,35,0
47,51443.83,Employed,663,8844.17,0.435,0,0.374,0.161,26,0
56,97951.86,Employed,690,8270.83,0.342,0,0.315,0.008,41,0
42,16500.67,Employed,693,11845.13,0.171,1,0.572,0.157,36,0
34,32173.01,Unemployed,622,14468.01,0.325,0,0.268,0.161,40,0
43,102490.77,Unemployed,790,4272.21,0.297,1,0.597,0.036,47,0
63,77343.6,Employed,682,28005.88,0.061,0,0.224,0.148,32,0
36,64231.94,Employed,720,17052.37,0.619,1,0.374,0.119,50,0
22,90817.54,Employed,712,23835.19,0.337,1,0.091,0.137,26,0
69,18802.05,Self-Employed,710,5754.33,0.225,1,0.165,0.176,25,0
30,72970.12,Employed,605,9906.63,0.368,1,0.572,0.114,48,0
51,83465.2,Employed,680,9609.75,0.143,1,0.635,0.192,42,0
61,35265.13,Employed,850,13073.65,0.209,0,0.256,0.011,33,0
34,182520.64,Self-Employed,799,14470.43,0.58,1,0.514,0.031,35,0
38,54077.55,Retired,692,24878.31,0.272,0,0.572,0.087,31,0
35,16376.71,Employed,652,15666.12,0.347,1,0.165,0.038,32,0
28,59316.1,Retired,514,9463.32,0.366,2,0.499,0.121,17,0
28,34203.05,Employed,643,54864.85,0.324,1,0.403,0.073,23,0
30,87771.98,Self-Employed,674,12590.01,0.269,0,0.477,0.076,33,0
43,64471.08,Unemployed,656,8569.01,0.69,2,0.373,0.074,11,0
47,36353.25,Employed,661,4764.31,0.239,1,0.0,0.119,3,0
21,103904.34,Employed,727,15587.83,0.216,2,0.437,0.099,11,0
63,78411.48,Employed,605,22347.29,0.424,0,0.363,0.129,53,0
54,32404.09,Unemployed,700,7450.36,0.157,1,0.327,0.069,64,0
24,45432.25,Employed,672,21482.51,0.503,1,0.039,-0.048,39,1
63,63478.62,Employed,614,15524.65,0.32,1,0.62,0.159,32,1
22,40858.43,Employed,806,5094.81,0.369,1,0.409,0.037,52,0
49,41473.1,Employed,736,21491.47,0.394,4,0.0,0.122,19,0
44,49929.26,Employed,621,12593.93,0.299,1,0.699,0.1,40,0
46,28770.35,Unemployed,719,7512.58,0.487,0,0.494,0.277,40,0
68,16052.46,Employed,576,26216.41,0.447,1,0.603,-0.1,31,1
67,55246.9,Employed,630,25918.68,0.427,1,0.335,0.047,7,0
34,18134.11,Employed,780,7415.48,0.123,0,0.397,0.13,52,0
49,29836.29,Retired,706,17607.36,0.298,0,0.634,-0.028,26,0
68,20215.58,Employed,700,16679.98,0.333,2,0.496,0.096,24,0
57,21499.35,Employed,754,14175.18,0.611,0,0.37,-0.034,12,0
65,60668.36,Employed,726,10835.75,0.138,1,0.26,0.099,44,0
42,43863.86,Employed,660,13506.77,0.254,1,0.0,0.103,41,0
35,43079.38,Employed,750,25928.6,0.512,1,0.601,0.157,43,0
46,25388.44,Employed,553,18873.06,0.209,0,0.608,0.121,28,0
61,35315.44,Employed,630,4643.76,0.251,0,0.564,0.022,30,0
67,59173.41,Self-Employed,673,4080.29,0.601,1,0.651,0.104,24,0
55,47760.6,Employed,721,4845.14,0.405,1,0.196,0.125,39,0
56,73964.24,Employed,656,6535.95,0.479,0,0.324,0.027,35,0
46,79423.22,Self-Employed,546,9385.27,0.458,2,0.295,0.177,30,0
36,43212.72,Employed,536,11252.87,0.368,1,0.0,0.145,16,0
42,19416.44,Employed,675,14195.27,0.364,1,0.269,-0.031,30,0
45,33579.72,Retired,644,14468.03,0.483,2,0.437,0.101,13,0
61,46683.93,Employed,612,14340.41,0.223,0,0.631,0.017,25,0
48,33248.22,Self-Employed,599,29324.49,0.61,1,0.514,-0.059,23,0
60,28931.55,Employed,690,5399.07,0.27,0,0.262,0.054,31,0
22,50760.62,Retired,778,18040.49,0.503,0,0.611,0.069,39,0
58,165239.56,Employed,690,17987.99,0.426,0,0.468,0.27,33,0
46,38403.58,Employed,779,6921.51,0.268,1,0.041,0.056,26,0
70,48952.08,Unemployed,652,20338.5,0.423,2,0.446,0.102,31,1
44,25437.56,Employed,713,18463.35,0.369,0,0.579,0.124,37,0
44,91281.24,Employed,781,14386.54,0.085,0,0.524,0.07,41,0
27,75915.15,Employed,668,3461.24,0.337,1,0.148,0.121,55,0
61,73340.41,Employed,682,26324.9,0.163,0,0.2,0.042,71,0
56,96751.19,Self-Employed,652,16915.95,0.426,1,0.863,0.011,57,0
64,39589.9,Employed,724,18810.06,0.329,0,0.208,0.052,35,0
25,42141.62,Employed,748,1930.56,0.482,0,0.42,-0.004,21,0
31,115259.26,Employed,706,10733.12,0.245,2,0.0,0.146,29,0
64,67262.9,Employed,663,6246.56,0.156,0,0.697,0.092,38,0
23,16161.53,Self-Employed,568,32082.09,0.189,0,0.582,0.059,29,1
46,61538.02,Employed,676,7608.24,0.653,1,0.788,0.144,30,0
41,36649.35,Employed,666,35866.53,0.804,2,0.177,0.05,45,0
67,76809.68,Employed,698,26152.75,0.65,0,0.677,-0.1,32,0
63,60119.84,Employed,689,16861.87,0.119,1,0.179,0.054,40,0
65,20531.77,Employed,798,29179.85,0.143,0,0.749,0.158,32,0
35,56073.3,Self-Employed,628,8377.88,0.19,0,0.0,0.177,5,0
50,54465.02,Employed,562,9328.6,0.466,0,0.638,-0.001,5,0
56,58790.25,Employed,594,25678.7,0.666,0,0.417,0.05,41,0
69,65366.45,Retired,632,8401.05,0.486,3,0.558,0.155,34,1
21,103567.93,Employed,761,6664.23,0.378,1,0.532,-0.022,37,0
69,60291.38,Self-Employed,583,12176.0,0.211,1,0.509,0.072,39,1
38,49585.28,Employed,593,8696.85,0.307,1,0.944,0.122,38,0
27,87027.88,Employed,711,45217.13,0.363,1,0.813,0.209,34,0
51,150447.63,Employed,744,23510.8,0.482,1,0.537,0.06,54,0
60,77461.43,Employed,564,10450.54,0.275,1,0.456,-0.016,38,0
27,54344.74,Self-Employed,547,8096.44,0.41,0,0.737,0.034,39,1
23,60855.97,Employed,621,18091.52,0.391,0,0.753,0.288,27,0
65,55715.96,Employed,729,30107.41,0.365,0,0.437,0.122,18,0
67,49476.8,Self-Employed,691,17580.5,0.291,1,0.426,0.194,68,0
28,144724.24,Employed,624,8344.71,0.368,2,0.202,0.096,47,0
66,33707.42,Employed,735,6235.28,0.336,1,0.482,0.033,39,0
66,87330.31,Employed,689,11768.08,0.233,0,0.461,0.011,31,0
70,46031.05,Employed,672,17845.62,0.483,0,0.629,0.059,44,0
31,23383.61,Retired,559,11133.45,0.586,0,0.811,0.154,27,0
49,44615.7,Employed,622,27027.97,0.376,0,0.685,-0.008,46,0
70,37294.91,Self-Employed,827,20257.97,0.343,1,0.645,0.154,57,0
66,65433.44,Employed,655,17024.52,0.464,3,0.363,0.004,34,0
51,51310.47,Employed,608,20019.64,0.378,1,0.324,0.072,58,0
30,29406.96,Employed,651,6415.75,0.521,0,0.578,0.092,31,0
25,102283.53,Employed,689,10949.64,0.366,0,0.541,0.145,8,0
33,84547.35,Employed,746,7909.75,0.438,2,0.567,0.073,47,0
24,108339.79,Employed,727,18594.71,0.61,2,0.197,0.138,33,0
30,55186.98,Employed,629,7982.39,0.54,1,0.195,0.071,47,0
24,48152.75,Employed,775,15508.79,0.326,1,0.299,0.127,18,0
59,69687.78,Employed,741,13377.01,0.512,2,0.569,0.094,28,0
50,36726.82,Employed,647,21162.69,0.19,1,0.411,0.112,55,0
46,52314.55,Self-Employed,670,7201.16,0.32,0,0.748,0.111,39,0
61,44898.56,Employed,725,19361.79,0.475,1,0.186,0.088,57,0
41,23611.35,Employed,761,7772.24,0.579,2,0.189,0.189,26,0
41,52246.48,Self-Employed,566,8278.43,0.237,2,0.36,0.144,70,0
31,39321.1,Employed,685,13554.07,0.346,0,0.286,0.11,69,0
43,43422.1,Employed,678,30230.24,0.35,0,0.227,0.053,46,0
29,58799.73,Retired,637,8910.98,0.336,0,0.422,0.29,37,0
50,92620.57,Employed,637,5081.27,0.168,2,0.43,0.219,42,0
70,32068.03,Employed,759,8373.57,0.425,0,0.126,0.017,51,0
47,41428.36,Employed,720,11718.25,0.159,0,0.272,0.145,39,0
35,33438.35,Employed,838,45316.55,0.521,1,0.561,0.196,30,0
55,32367.49,Employed,637,18638.76,0.552,1,0.343,0.136,20,0
62,36414.25,Employed,690,9396.09,0.254,2,0.221,0.096,2,0
44,44434.65,Employed,703,13564.86,0.16,4,0.323,0.048,31,0
33,65705.36,Employed,747,37895.25,0.345,3,0.132,0.135,4,0
56,57539.27,Employed,782,12781.76,0.272,0,0.793,0.024,33,0
30,28899.27,Employed,687,12874.13,0.319,0,0.596,0.067,58,0
70,93627.57,Employed,598,11576.56,0.364,1,0.941,0.055,34,0
36,78606.22,Employed,627,22418.45,0.21,3,0.422,0.138,21,0
38,31238.52,Employed,691,10772.6,0.599,0,0.323,0.206,27,0
57,90405.05,Employed,764,24918.65,0.254,2,0.211,0.058,23,0
21,57726.36,Self-Employed,572,27935.75,0.49,1,0.501,0.066,61,1
31,45332.18,Retired,592,21334.78,0.217,0,0.302,0.2,25,0
27,58632.24,Employed,737,12906.36,0.359,0,0.189,0.054,8,0
40,48393.2,Employed,583,6379.97,0.418,2,0.691,-0.1,73,0
48,64378.78,Unemployed,596,12908.17,0.37,1,0.409,0.245,32,0
29,53833.85,Self-Employed,765,9885.82,0.312,0,0.458,0.177,22,0
38,41410.39,Retired,663,9251.94,0.276,1,0.448,0.161,35,0
59,17802.37,Self-Employed,658,12789.49,0.289,0,0.491,0.127,31,0
67,63805.28,Self-Employed,783,19683.6,0.249,1,0.015,0.091,42,0
21,40667.01,Employed,600,10161.02,0.4,4,0.147,-0.052,33,0
52,72328.48,Employed,585,6471.17,0.625,0,0.805,0.08,3,1
22,62369.87,Employed,802,8306.15,0.404,2,0.39,0.078,32,0
47,41198.94,Employed,697,40709.12,0.439,2,0.491,0.086,48,1
64,81755.97,Self-Employed,731,20521.82,0.512,2,0.575,0.143,27,0
60,54307.67,Retired,657,8311.2,0.282,0,0.318,0.217,46,0
32,53200.41,Employed,672,31997.16,0.079,0,0.165,0.091,49,0
33,45749.89,Employed,627,12784.95,0.35,1,0.099,0.08,53,0
60,113752.22,Unemployed,704,57919.85,0.478,1,0.178,0.217,19,0
61,34315.99,Unemployed,742,17278.73,0.652,1,0.249,0.033,21,0
35,41716.95,Unemployed,695,20729.46,0.203,0,0.232,0.094,35,0
21,26405.63,Self-Employed,760,24400.85,0.515,1,0.117,0.099,8,0
43,70499.83,Retired,730,36011.24,0.389,2,0.603,0.033,19,0
51,36641.09,Employed,601,11345.73,0.292,2,0.724,0.069,39,0
43,38753.73,Employed,669,34191.47,0.193,0,0.194,0.07,4,0
67,37855.5,Employed,646,10155.03,0.262,0,0.023,0.159,8,0
61,50582.5,Employed,737,11886.19,0.436,1,0.413,0.074,43,0
60,26228.98,Unemployed,715,14844.02,0.533,0,0.733,0.076,11,0
22,15968.56,Employed,690,25648.96,0.0,2,0.107,0.135,75,1
63,61626.79,Employed,756,12111.04,0.427,1,0.113,0.058,20,0
58,17038.34,Employed,540,39752.69,0.264,2,0.0,0.024,19,1
40,75137.04,Self-Employed,635,32724.2,0.278,1,0.457,0.309,14,0
50,106858.83,Employed,641,15119.76,0.412,0,0.18,0.092,34,0
62,45156.44,Employed,699,8269.82,0.638,3,0.594,0.115,32,0
66,93877.54,Employed,721,26921.25,0.242,0,0.559,0.075,41,0
48,48429.86,Employed,680,4199.09,0.336,0,0.729,-0.023,31,0
23,109056.41,Employed,581,23035.15,0.114,1,0.641,0.056,49,0
51,39022.4,Employed,711,9006.56,0.416,1,0.051,0.008,31,0
55,15026.33,Employed,690,31374.74,0.246,1,0.339,0.14,29,1
23,47100.75,Retired,570,6428.6,0.586,2,0.651,0.13,38,0
61,115148.93,Retired,658,9923.72,0.404,0,0.099,0.143,5,0
31,64054.15,Employed,708,19204.24,0.308,3,0.317,0.018,18,0
65,37886.06,Employed,804,21183.28,0.309,0,0.415,-0.063,60,0
48,57783.04,Employed,598,10140.99,0.405,0,0.389,-0.085,8,0
37,79663.15,Employed,739,12097.15,0.454,1,0.465,0.129,48,0
23,46966.59,Employed,599,26149.41,0.175,2,0.25,0.065,2,0
21,182261.01,Retired,585,27013.1,0.328,0,0.194,-0.005,10,0
58,37846.4,Retired,589,11955.46,0.35,1,0.499,0.141,23,0
39,80923.16,Employed,725,10257.05,0.382,1,0.361,0.166,41,0
63,71751.83,Self-Employed,690,6493.7,0.546,2,0.865,0.092,32,0
32,34547.36,Unemployed,656,17191.7,0.136,0,0.156,0.05,40,0
67,39647.37,Employed,714,24042.48,0.493,2,0.387,0.079,26,1
68,81556.34,Unemployed,683,16168.4,0.405,0,0.109,0.19,32,0
26,52701.22,Retired,688,8476.07,0.275,0,0.481,0.181,35,0
53,58048.6,Retired,657,43127.32,0.471,0,0.354,0.079,49,0
67,21633.89,Self-Employed,603,4179.55,0.293,1,0.515,0.108,60,0
37,68050.09,Employed,807,25007.62,0.078,0,0.243,0.461,18,0
24,56593.44,Employed,785,16815.01,0.0,0,0.0,0.266,32,0
64,47479.1,Retired,799,19559.32,0.168,1,0.681,0.1,28,0
44,58714.73,Employed,640,9208.68,0.268,1,0.598,0.211,39,0
22,39950.29,Employed,629,13474.45,0.376,5,0.607,0.128,56,0
63,36462.83,Employed,649,17606.27,0.44,2,0.596,0.215,36,1
54,43436.58,Employed,761,14023.76,0.311,0,0.422,0.04,26,1
24,38866.91,Employed,680,5032.85,0.138,1,0.535,0.156,50,0
33,145839.91,Unemployed,639,41253.89,0.293,2,0.201,0.179,31,0
21,77337.59,Employed,707,21809.88,0.317,0,0.308,0.095,32,0
68,30205.08,Employed,625,15074.44,0.611,0,0.65,0.063,44,1
22,135692.69,Employed,578,15669.23,0.434,1,0.847,0.115,15,0
60,39480.88,Employed,690,40548.04,0.102,0,0.472,-0.011,14,0
46,49748.11,Self-Employed,641,9455.6,0.303,2,0.0,0.066,20,0
50,76780.7,Retired,679,8259.01,0.454,0,0.478,0.053,31,0
61,18306.39,Unemployed,479,24588.8,0.353,0,0.712,0.166,50,1
65,43542.25,Employed,613,19489.17,0.106,0,0.333,0.139,25,0
27,36802.94,Unemployed,677,8055.17,0.473,0,0.179,0.149,27,0
21,54314.15,Employed,566,28373.46,0.405,0,0.611,0.192,38,0
27,58984.2,Self-Employed,569,17623.26,0.326,1,0.322,0.008,21,0
55,47163.25,Self-Employed,683,8614.7,0.229,2,0.32,0.227,28,0
49,46081.94,Employed,733,19815.0,0.502,0,0.033,0.171,34,0
25,83496.98,Employed,613,18113.56,0.078,3,0.037,-0.012,43,0
32,56996.38,Self-Employed,660,14005.05,0.117,2,0.584,0.16,49,0
47,50046.73,Employed,662,18593.86,0.24,0,0.128,0.143,33,0
57,52782.52,Self-Employed,563,21497.98,0.395,1,0.789,0.13,31,0
38,122754.84,Employed,769,25553.13,0.145,0,0.839,0.023,32,0
68,53441.19,Employed,666,15746.56,0.268,1,0.17,0.097,38,0
70,37902.63,Unemployed,667,12551.94,0.299,0,0.248,0.151,57,0
59,18873.24,Employed,708,17042.01,0.401,1,0.555,0.101,68,0
43,23933.43,Employed,563,30167.72,0.308,1,0.736,-0.008,63,1
64,38812.09,Employed,749,21546.3,0.309,0,0.437,0.069,51,0
57,46435.13,Employed,759,12136.39,0.244,1,0.257,0.127,20,0
46,37130.32,Employed,691,15266.13,0.513,0,0.315,0.084,38,0
43,58429.26,Self-Employed,715,40110.6,0.449,0,0.425,0.249,30,0
62,36891.85,Employed,656,23145.96,0.444,2,0.282,0.158,33,0
48,31031.42,Employed,745,16172.82,0.233,0,0.668,0.155,61,0
30,66590.81,Employed,618,29267.33,0.273,0,0.247,0.113,55,0
70,97216.65,Employed,678,10658.85,0.421,0,0.501,0.063,48,0
24,28181.36,Employed,682,17985.9,0.262,1,0.568,0.234,74,0
55,55373.58,Retired,677,45495.7,0.211,0,0.402,0.069,47,0
53,18910.97,Employed,760,21853.79,0.393,0,0.35,0.105,57,0
50,23452.47,Employed,844,39046.57,0.154,0,0.395,0.092,43,0
23,36520.06,Employed,672,14041.1,0.319,3,0.208,-0.011,38,0
45,86461.56,Employed,715,11095.31,0.484,3,0.57,0.135,65,0
65,33211.35,Employed,620,29617.79,0.372,0,0.371,0.177,23,0
32,32596.16,Employed,757,4929.58,0.193,2,0.345,0.054,11,0
55,49913.34,Employed,641,16450.55,0.421,0,0.159,0.076,21,0
63,49938.21,Employed,850,27406.23,0.26,0,0.829,0.034,28,0
68,33104.82,Self-Employed,555,20692.1,0.477,0,0.589,0.243,49,1
46,132337.5,Unemployed,841,4181.81,0.426,1,0.079,0.134,54,0
36,42929.66,Employed,754,6584.03,0.298,1,0.524,0.205,23,0
55,51885.39,Self-Employed,596,13785.45,0.238,2,0.266,0.067,26,1
45,40099.14,Employed,850,19632.06,0.223,1,0.2,0.144,28,0
52,61082.81,Employed,610,20100.06,0.738,3,0.239,-0.026,36,1
58,90896.68,Self-Employed,656,14710.28,0.006,1,0.514,0.052,35,0
56,112626.45,Employed,583,22882.87,0.086,1,0.368,0.262,40,0
33,33485.48,Retired,669,19189.86,0.515,0,0.389,0.132,21,0
58,84999.24,Employed,676,13668.29,0.483,0,0.462,0.074,19,0
48,64527.09,Employed,742,20385.11,0.404,0,0.607,-0.047,22,0
67,79799.16,Employed,850,10011.8,0.051,1,0.909,0.114,36,0
53,46819.75,Unemployed,642,21635.54,0.431,2,0.342,0.066,17,0
65,44644.2,Employed,474,8882.68,0.203,1,0.307,0.168,21,0
69,78265.12,Retired,729,19780.82,0.335,0,0.423,-0.016,43,0
70,79011.31,Employed,639,19491.1,0.411,1,0.555,0.171,57,0
58,107243.83,Employed,816,12340.92,0.426,0,0.641,0.064,41,0
50,54137.03,Unemployed,677,21611.27,0.252,3,0.181,0.017,19,0
26,46469.09,Employed,623,37257.89,0.543,0,0.933,0.115,45,0
40,14329.47,Employed,604,8006.36,0.472,2,0.141,0.245,26,0
44,21902.8,Employed,727,26173.92,0.206,0,0.596,0.158,56,0
60,40250.36,Retired,659,28336.22,0.278,0,0.565,0.125,41,0
50,28267.57,Self-Employed,790,13038.27,0.236,1,0.092,0.057,22,0
42,73648.96,Employed,664,23873.9,0.341,1,0.459,0.213,37,0
28,25463.2,Unemployed,786,12673.35,0.444,2,0.016,0.128,14,0
56,38152.55,Employed,576,31373.59,0.072,2,0.218,-0.058,38,0
42,38909.23,Employed,550,2854.44,0.052,1,0.385,0.161,31,1
22,89533.8,Self-Employed,742,35134.31,0.225,0,0.431,0.119,67,0
35,36166.21,Self-Employed,645,7575.19,0.553,2,0.674,0.09,38,0
64,61463.95,Self-Employed,660,15583.72,0.386,2,0.248,0.199,36,0
26,54060.18,Unemployed,604,9060.05,0.587,0,0.48,0.041,2,1
41,77006.43,Employed,599,36239.54,0.327,1,0.604,0.058,44,0
46,74989.81,Retired,728,12868.85,0.224,2,0.387,0.085,53,0
25,48207.98,Employed,679,10665.16,0.099,2,0.399,0.133,53,0
29,20991.08,Employed,600,28914.75,0.226,0,0.079,0.051,33,1
68,43657.46,Self-Employed,739,22908.94,0.257,2,0.044,0.02,26,0
50,48534.11,Employed,768,12086.19,0.0,0,0.215,0.083,54,0
31,56557.02,Employed,672,8146.03,0.224,2,0.706,0.059,34,0
29,33901.77,Self-Employed,755,7511.97,0.223,0,0.707,0.231,34,0
42,86720.93,Employed,605,31730.75,0.353,1,0.675,-0.065,30,0
57,49355.76,Employed,723,18984.11,0.344,0,0.482,0.17,2,0
57,30938.34,Employed,692,16383.77,0.398,0,0.515,-0.065,23,0
30,38983.2,Employed,621,19837.67,0.107,1,0.31,0.092,36,0
57,128575.47,Employed,834,4586.2,0.18,0,0.318,0.012,44,0
65,68335.79,Employed,697,12152.43,0.489,1,0.0,-0.026,35,0
32,82803.72,Unemployed,636,12347.62,0.311,1,0.446,0.204,43,0
22,29120.76,Employed,681,26604.4,0.477,0,0.504,0.157,9,0
68,34737.85,Unemployed,615,6115.28,0.329,1,0.264,0.103,21,0
47,34866.75,Retired,593,27783.27,0.378,1,0.601,0.109,70,0
59,53755.26,Employed,646,43332.3,0.429,0,0.67,0.037,46,0
37,44936.2,Retired,651,5263.47,0.267,1,0.153,0.061,55,0
35,38378.5,Employed,620,14913.05,0.25,1,0.908,0.043,31,0
32,40862.38,Self-Employed,774,19922.5,0.248,4,0.52,0.056,50,0
31,32957.77,Retired,623,24930.2,0.338,0,0.741,0.081,50,0
44,44805.24,Unemployed,610,4029.03,0.436,0,0.249,0.205,67,0
26,85528.74,Employed,591,18080.16,0.289,0,0.719,0.146,42,0
63,23004.16,Employed,584,12948.75,0.523,2,0.546,0.123,19,0
46,58293.14,Employed,757,12456.95,0.612,0,0.335,0.019,24,0
66,97738.06,Retired,699,51094.51,0.218,0,0.158,0.134,40,0
46,44730.3,Employed,732,12973.5,0.528,1,0.402,-0.1,2,0
36,37630.19,Employed,756,19339.66,0.347,3,0.571,0.043,41,0
46,77817.04,Employed,655,13736.35,0.407,0,0.417,-0.0,43,0
28,29968.11,Employed,790,17064.17,0.33,0,0.419,0.068,57,0
62,48467.77,Employed,633,20569.86,0.533,2,0.293,0.075,8,0
57,29146.15,Employed,598,25235.42,0.402,1,0.109,0.063,18,1
28,19243.9,Employed,708,9263.32,0.298,2,0.439,0.097,37,0
50,45433.63,Employed,691,16180.72,0.287,0,0.195,0.11,34,0
47,26063.8,Employed,691,16527.44,0.17,0,0.609,0.205,35,0
31,48735.59,Employed,756,5492.7,0.264,2,0.585,0.033,50,0
27,85606.36,Employed,688,8331.53,0.533,0,0.767,0.031,40,0
59,123887.32,Self-Employed,703,25198.86,0.512,0,0.317,0.089,58,0
34,51367.69,Employed,782,11192.75,0.254,0,0.391,0.122,53,0
46,81601.91,Employed,700,70770.79,0.185,1,0.076,0.101,25,0
33,59843.09,Employed,717,26313.63,0.493,2,0.278,0.244,40,0
53,40475.14,Employed,574,19362.8,0.414,0,0.399,0.166,44,0
23,18724.94,Unemployed,850,36542.75,0.054,0,0.417,0.208,64,0
38,110552.54,Unemployed,561,23473.65,0.782,0,0.316,0.134,39,1
48,29011.54,Employed,640,16490.47,0.352,2,0.262,0.105,44,0
42,97869.03,Employed,637,6320.17,0.605,0,0.454,-0.1,28,0
51,64113.09,Employed,838,22008.91,0.376,0,0.334,0.102,43,0
30,30091.37,Self-Employed,635,34133.28,0.194,1,0.688,0.072,19,0
43,57296.75,Employed,713,10345.19,0.379,0,0.456,0.074,25,0
58,142408.58,Retired,638,4936.37,0.13,0,0.283,0.177,54,0
37,105643.58,Employed,602,7773.13,0.331,0,0.638,-0.009,48,0
28,37935.53,Retired,723,42421.9,0.187,1,0.179,0.184,56,0
63,34338.06,Employed,626,15492.63,0.319,1,0.314,0.148,69,1
59,51539.51,Employed,696,35449.37,0.387,0,0.169,0.115,49,0
55,45127.32,Employed,727,14934.46,0.394,1,0.344,0.162,39,0
60,89310.0,Employed,823,10960.86,0.131,1,0.702,-0.047,27,0
59,70954.53,Retired,585,53143.8,0.253,0,0.441,0.127,27,0
58,21033.66,Employed,669,11813.87,0.054,1,0.02,-0.023,35,0
46,61656.73,Employed,672,12715.26,0.443,0,0.316,0.124,34,0
21,44822.01,Retired,680,19464.8,0.38,0,0.459,-0.0,48,0
50,49938.83,Employed,850,12406.06,0.174,1,0.464,0.032,22,0
34,55518.5,Employed,667,23550.51,0.561,0,0.362,0.059,27,0
59,89264.98,Employed,491,19294.22,0.42,0,0.569,0.073,41,0
44,79929.2,Employed,665,19758.04,0.334,1,0.529,0.11,13,0
66,33695.81,Retired,671,10198.68,0.279,2,0.367,0.152,57,0
50,47605.04,Employed,662,5445.58,0.254,1,0.452,0.287,48,0
48,39172.85,Self-Employed,626,8961.45,0.232,0,0.369,0.041,38,0
66,21143.27,Employed,581,9448.38,0.526,2,0.412,0.105,20,0
44,46412.07,Employed,842,17598.68,0.391,0,0.442,0.087,33,0
39,123300.19,Self-Employed,704,9053.89,0.193,1,0.624,0.009,46,0
39,20826.43,Self-Employed,666,6129.21,0.545,0,0.504,-0.063,26,0
64,48434.57,Employed,840,7420.81,0.336,0,0.401,0.018,10,0
58,47663.96,Employed,615,18630.77,0.212,0,0.311,0.049,42,0
29,56605.86,Employed,725,22302.43,0.646,0,0.546,0.063,40,0
45,30291.96,Self-Employed,586,10894.53,0.186,2,0.47,-0.021,28,0
39,24039.29,Employed,736,11613.89,0.226,0,0.379,0.069,70,0
53,24604.91,Employed,595,21341.01,0.35,0,0.333,0.08,23,0
23,95365.0,Employed,715,16306.07,0.398,0,0.414,0.022,56,0
56,29991.13,Self-Employed,826,30080.83,0.237,0,0.253,0.154,45,0
58,38185.8,Employed,687,13432.12,0.018,1,0.083,-0.043,41,0
32,140409.2,Self-Employed,516,8965.48,0.355,2,0.746,0.116,70,0
28,33957.74,Self-Employed,683,28334.82,0.193,1,0.752,0.075,52,0
52,58174.35,Employed,716,12249.29,0.296,1,0.433,0.101,25,0
33,83441.9,Employed,748,9198.07,0.228,1,0.519,0.127,27,0
68,81459.41,Employed,791,25227.48,0.187,1,0.353,0.117,24,0
59,25190.24,Employed,794,35226.31,0.31,0,0.515,-0.063,40,0
68,34314.52,Retired,670,16480.74,0.255,0,0.427,0.073,25,0
47,57021.4,Employed,631,8082.28,0.224,0,0.446,0.131,4,0
67,128606.0,Employed,596,37081.35,0.495,2,0.188,0.134,28,1
21,33498.12,Employed,640,18509.37,0.201,1,0.797,0.03,49,0
35,38299.55,Self-Employed,716,16845.56,0.312,0,0.161,0.007,56,0
21,60463.02,Employed,579,11586.74,0.344,2,0.59,0.14,48,1
54,66824.77,Self-Employed,610,29082.62,0.096,0,0.229,0.133,33,0
46,68880.4,Employed,722,7592.53,0.182,2,0.0,0.008,51,0
35,32106.77,Employed,632,7170.74,0.344,0,0.613,-0.009,65,0
36,37570.56,Employed,708,46014.15,0.338,0,0.442,0.061,43,1
53,54597.89,Unemployed,619,8800.34,0.232,0,0.106,0.03,36,0
30,92148.41,Self-Employed,702,26260.2,0.346,3,0.552,0.102,61,0
46,43510.52,Employed,622,33761.01,0.39,0,0.328,0.2,26,0
51,48477.21,Employed,537,16749.07,0.438,1,0.808,-0.008,47,0
32,29349.65,Retired,752,8702.71,0.45,0,0.097,0.08,2,0
32,124444.29,Retired,628,21544.3,0.531,2,0.268,0.029,30,0
38,52951.49,Employed,661,34032.28,0.366,0,0.588,0.151,2,0
50,84025.65,Self-Employed,628,18133.03,0.142,0,0.314,0.156,47,0
33,49759.1,Retired,721,9434.49,0.306,1,0.228,0.018,23,1
39,51155.92,Employed,705,17741.12,0.16,1,0.458,0.178,45,0
48,23152.21,Employed,721,6433.18,0.477,1,0.649,0.157,27,0
30,16724.32,Employed,639,8232.14,0.556,0,0.396,0.076,28,0
49,91670.2,Employed,676,12642.44,0.349,0,0.36,0.149,25,0
27,50971.87,Self-Employed,711,15320.0,0.524,1,0.241,-0.02,44,0
28,54350.77,Employed,796,7178.04,0.514,1,0.308,0.242,41,0
32,26251.36,Employed,703,17151.51,0.396,1,0.162,0.094,22,0
35,31209.19,Employed,605,20191.06,0.429,1,0.676,0.19,34,0
22,83378.94,Self-Employed,700,12980.0,0.492,0,0.563,0.041,25,0
69,117016.69,Employed,668,4044.37,0.141,2,0.124,-0.037,28,0
36,35931.26,Employed,530,15719.75,0.387,1,0.281,0.127,28,0
61,68579.0,Employed,542,43866.93,0.433,0,0.572,0.03,27,1
66,53906.83,Unemployed,675,19431.17,0.135,1,0.55,0.039,46,1
61,46153.84,Employed,681,14903.84,0.637,1,0.385,0.108,46,0
62,123745.15,Employed,658,11807.97,0.514,0,0.352,0.156,12,0
26,39081.29,Self-Employed,746,20874.23,0.515,1,0.406,0.118,32,0
39,91158.62,Employed,610,16731.78,0.411,0,0.308,0.174,75,0
58,59320.59,Self-Employed,576,22570.23,0.208,1,0.643,0.073,55,0
49,48608.58,Employed,618,7648.0,0.16,0,0.561,0.198,68,0
21,97344.22,Unemployed,634,15879.77,0.335,1,0.47,0.155,21,0
49,56673.8,Employed,676,11195.67,0.455,0,0.166,0.002,30,0
61,46713.4,Employed,620,18452.53,0.431,1,0.271,0.14,23,0
62,97706.28,Employed,519,4594.69,0.607,0,0.269,0.091,36,0
40,91549.14,Retired,487,11665.15,0.303,1,0.326,0.025,40,0
32,89409.45,Unemployed,689,20444.53,0.296,0,0.445,0.135,43,0
36,12000.0,Employed,595,22521.71,0.351,0,0.753,0.123,29,1
35,61089.07,Employed,530,14497.14,0.177,1,0.445,0.142,26,0
38,54505.59,Employed,727,4039.01,0.575,1,0.103,0.001,22,0
36,48173.69,Employed,796,21694.29,0.312,2,0.556,-0.087,33,0
43,66495.52,Employed,673,38195.94,0.388,0,0.109,0.061,45,0
23,55841.83,Retired,700,8926.05,0.472,0,0.506,0.066,47,0
34,68796.19,Employed,701,11435.48,0.237,3,0.31,0.126,55,0
36,42873.92,Retired,507,23954.81,0.392,2,0.532,-0.1,41,1
28,103682.68,Employed,747,24341.76,0.349,0,0.521,0.139,47,0
64,72364.57,Unemployed,773,28516.01,0.496,0,0.443,0.154,14,0
54,64296.68,Employed,818,27140.44,0.351,1,0.176,0.159,51,0
66,62746.16,Employed,647,5888.01,0.0,2,0.268,0.155,53,0
49,87434.1,Self-Employed,595,11074.17,0.21,2,0.518,0.001,62,0
26,81702.83,Employed,782,21501.18,0.125,1,0.445,0.018,67,0
66,46333.2,Unemployed,717,14020.84,0.639,1,0.806,0.072,18,1
43,80431.02,Self-Employed,746,18389.5,0.562,0,0.435,0.076,50,0
55,53478.03,Retired,631,13653.43,0.027,1,0.576,0.013,30,0
40,127830.88,Unemployed,700,11367.26,0.198,1,0.316,0.103,29,0
45,84868.98,Employed,601,12770.28,0.142,0,0.216,0.126,30,0
45,35853.46,Employed,680,7531.91,0.382,0,0.656,0.117,29,1
35,157212.76,Self-Employed,654,9565.54,0.207,0,0.246,0.102,34,0
48,17136.74,Employed,850,14183.55,0.31,0,0.089,0.122,29,0
57,67418.68,Employed,721,14339.17,0.143,0,0.108,0.071,43,0
22,34609.25,Employed,519,20754.88,0.415,1,0.481,0.134,46,0
27,125629.22,Self-Employed,680,12442.82,0.098,2,0.253,0.124,54,0
63,55625.84,Employed,708,40354.68,0.725,0,0.068,0.029,44,0
49,32961.72,Employed,644,30882.81,0.576,0,0.823,0.24,35,0
69,42905.39,Retired,597,10922.52,0.722,1,0.0,0.214,46,0
51,34304.58,Unemployed,730,16625.4,0.441,0,0.31,0.148,51,0
53,42070.9,Employed,608,30567.88,0.584,2,0.757,0.184,45,0
65,41592.54,Employed,723,10052.51,0.484,1,0.413,0.118,44,0
54,33672.01,Self-Employed,602,9427.22,0.199,2,0.942,0.066,77,0
37,56107.9,Employed,640,32196.42,0.294,2,0.572,0.184,27,0
47,59611.99,Employed,752,22355.5,0.414,1,0.141,0.117,50,0
32,29787.58,Self-Employed,717,28121.31,0.523,0,0.565,0.152,38,0
37,21394.0,Employed,682,17841.08,0.349,1,0.275,0.218,11,0
55,57266.91,Employed,678,12670.94,0.433,1,0.344,-0.029,10,0
28,63956.62,Employed,687,6600.28,0.3,2,0.179,0.132,8,0
54,70622.8,Employed,621,16028.32,0.288,0,0.256,0.023,36,0
50,64575.3,Employed,566,30923.01,0.129,0,0.559,0.082,12,0
36,107619.63,Employed,723,31141.05,0.416,1,0.2,0.034,34,0
23,80703.24,Retired,795,28069.92,0.276,1,0.0,0.189,38,0
56,187196.49,Self-Employed,725,23678.76,0.157,1,0.49,0.133,29,0
62,231034.79,Employed,699,55639.1,0.261,2,0.346,0.101,32,0
57,20352.29,Employed,589,5819.48,0.393,0,0.602,-0.028,50,0
42,16340.97,Employed,746,16959.2,0.45,0,0.231,0.054,23,0
53,48839.97,Employed,716,8416.42,0.322,0,0.625,0.058,37,0
41,63077.3,Employed,737,37476.3,0.51,0,0.557,0.12,2,0
38,47195.67,Employed,758,10598.02,0.574,0,0.514,0.062,40,0
37,69688.47,Employed,799,27040.78,0.307,2,0.103,0.071,55,0
31,42825.07,Employed,596,11275.61,0.496,0,0.387,-0.099,48,1
69,34649.02,Employed,583,18999.33,0.25,1,0.599,0.17,32,0
54,37367.42,Self-Employed,691,13834.07,0.155,0,0.278,0.001,30,0
29,44352.12,Retired,611,14643.17,0.208,0,0.0,0.04,61,0
64,74738.91,Self-Employed,598,18036.97,0.22,1,0.251,0.138,45,0
28,38431.38,Retired,772,25634.76,0.284,0,0.191,0.166,37,0
50,42425.96,Employed,604,13827.45,0.647,0,0.266,0.097,46,0
29,65193.07,Employed,679,25205.49,0.271,2,0.082,0.125,27,0
39,44382.56,Unemployed,558,27520.88,0.294,1,0.57,0.172,34,0
53,85678.34,Employed,685,11495.78,0.373,2,0.534,-0.1,25,1
70,30953.67,Employed,769,45757.7,0.152,1,0.2,0.166,49,0
70,27772.96,Retired,771,23088.93,0.372,1,0.305,-0.077,22,0
65,57086.02,Self-Employed,758,11397.51,0.449,1,0.208,0.069,28,0
32,60002.66,Retired,674,21341.61,0.572,1,0.507,0.129,42,0
25,31809.5,Employed,763,27530.65,0.547,2,0.18,0.017,2,0
66,95970.65,Self-Employed,712,21032.15,0.404,0,0.212,0.079,24,0
67,128343.87,Employed,647,16665.96,0.316,1,0.422,-0.1,22,0
34,35813.24,Employed,709,1861.57,0.325,1,0.214,-0.009,38,0
21,103120.18,Retired,746,8263.36,0.411,1,0.769,0.03,38,0
53,14897.28,Employed,580,22184.69,0.343,1,0.242,0.015,65,0
24,83956.67,Self-Employed,600,8165.41,0.336,0,0.561,0.082,21,1
23,31924.17,Retired,669,20096.85,0.21,1,0.594,0.232,12,0
67,79860.48,Unemployed,588,25105.47,0.451,0,0.091,0.163,53,0
45,30313.91,Employed,587,13800.11,0.395,0,0.342,0.166,25,0
26,47370.56,Employed,648,5121.49,0.237,2,0.208,0.131,37,0
53,32693.85,Retired,754,9489.57,0.573,0,0.599,-0.02,27,0
39,44049.08,Employed,753,22267.1,0.381,1,0.383,0.189,44,0
47,122389.27,Employed,704,31387.88,0.136,0,0.596,0.125,40,0
65,46445.33,Employed,694,4234.5,0.492,1,0.759,0.136,29,0
32,140807.76,Employed,837,15498.31,0.249,2,0.78,0.159,35,0
53,40420.55,Retired,640,6121.11,0.289,0,0.164,0.135,28,0
62,103350.6,Employed,698,15588.21,0.322,0,0.141,0.124,36,0
42,21745.32,Self-Employed,636,13437.25,0.479,1,0.14,0.029,28,0
69,42478.17,Employed,583,60854.09,0.341,2,0.65,0.013,57,1
43,37494.33,Employed,769,10686.36,0.443,0,0.565,0.013,31,0
43,105752.08,Employed,657,27702.47,0.114,1,0.549,-0.1,28,0
65,53778.25,Unemployed,732,27048.15,0.185,2,0.521,0.054,8,0
52,17256.75,Employed,662,13135.4,0.355,0,0.31,0.138,19,0
64,25461.82,Employed,773,15856.1,0.241,2,0.42,0.184,44,0
60,29544.97,Employed,605,14769.01,0.319,1,0.474,0.036,33,0
56,78200.02,Employed,767,9449.75,0.462,1,0.425,0.086,30,0
33,73313.77,Employed,747,8971.75,0.23,0,0.258,0.054,46,0
40,42184.17,Employed,545,11546.07,0.24,1,0.754,0.113,55,1
64,37262.59,Employed,641,7457.35,0.366,0,0.136,-0.015,22,0
51,70136.18,Self-Employed,757,10935.46,0.031,0,0.308,0.053,31,0
35,27868.11,Employed,803,13130.86,0.501,2,0.722,0.031,4,0
37,61625.71,Self-Employed,734,16270.22,0.37,1,0.604,0.146,49,0
59,59057.04,Unemployed,650,19268.18,0.364,0,0.121,-0.041,78,0
29,42732.08,Unemployed,607,13123.99,0.269,1,0.0,0.125,30,1
26,59804.67,Self-Employed,722,9307.25,0.453,1,0.173,0.169,29,0
59,51588.14,Employed,648,19059.76,0.326,1,0.426,-0.02,34,0
35,62862.79,Employed,651,23732.01,0.534,0,0.413,0.045,39,0
59,25158.44,Employed,663,11031.21,0.093,1,0.393,0.028,39,0
47,66652.71,Employed,746,8188.02,0.359,0,0.527,0.225,39,0
70,81903.8,Self-Employed,815,11296.42,0.356,0,0.406,0.207,14,0
47,57553.82,Employed,757,13240.81,0.397,1,0.61,0.172,34,0
64,66211.4,Employed,681,29349.78,0.561,1,0.567,0.131,45,0
63,46399.33,Employed,613,22387.75,0.145,0,0.0,0.17,17,0
31,76547.46,Self-Employed,730,14735.76,0.141,1,0.419,0.147,15,1
70,50646.41,Employed,805,46185.19,0.297,0,0.353,0.227,27,0
58,27612.65,Employed,755,14459.84,0.066,1,0.46,0.103,38,0
26,73873.4,Employed,696,34484.54,0.696,1,0.347,-0.098,44,0
21,21653.6,Retired,643,30722.72,0.49,2,0.045,0.061,47,0
34,56465.77,Self-Employed,706,29448.11,0.428,0,0.501,0.144,22,0
21,40452.7,Employed,767,17902.52,0.467,0,0.553,0.074,7,0
38,39180.6,Unemployed,697,15836.2,0.541,0,0.0,0.195,59,0
70,53422.88,Employed,672,14810.5,0.258,1,0.78,0.033,54,0
44,34384.32,Employed,628,24589.98,0.296,0,0.607,0.172,28,0
22,63329.28,Employed,850,9194.95,0.401,1,0.202,-0.017,46,0
45,50432.86,Employed,613,12609.77,0.274,0,0.158,0.127,39,0
31,36002.84,Self-Employed,606,40142.02,0.211,0,0.444,0.035,32,1
63,95711.12,Employed,692,21461.86,0.271,0,0.428,-0.007,62,0
25,54306.07,Unemployed,665,26172.56,0.407,1,0.536,0.095,25,0
59,67198.11,Employed,757,7096.15,0.487,0,0.508,0.003,14,0
43,99537.96,Employed,759,11393.2,0.159,1,0.529,0.162,37,0
21,98724.58,Employed,589,18039.15,0.322,0,0.156,0.071,26,0
54,65505.72,Self-Employed,623,14401.9,0.342,1,0.369,0.107,38,0
43,42136.55,Employed,614,7078.3,0.141,0,0.476,0.096,31,0
59,23984.14,Employed,739,23291.72,0.417,2,0.348,0.145,24,0
51,54357.91,Employed,712,28182.52,0.334,0,0.542,0.044,32,0
60,84735.69,Employed,652,12441.46,0.209,1,0.637,0.19,12,0
44,58521.96,Employed,696,23799.95,0.278,0,0.218,0.264,12,0
21,12000.0,Unemployed,596,49884.0,0.43,0,0.392,0.011,31,1
27,75737.68,Employed,624,36871.57,0.497,0,0.284,0.228,41,1
43,78100.33,Employed,582,12780.1,0.401,0,0.307,0.056,10,0
40,42166.82,Self-Employed,691,7615.08,0.636,1,0.039,0.06,42,0
60,80352.69,Unemployed,691,16951.22,0.517,2,0.491,0.168,28,0
41,67102.91,Self-Employed,606,60366.12,0.433,0,1.0,0.012,41,0
64,34795.61,Employed,712,32952.81,0.245,0,0.492,0.148,39,0
30,92563.54,Retired,759,14710.86,0.52,1,0.904,0.144,50,0
40,26010.65,Employed,603,37697.45,0.235,0,0.684,0.094,33,1
58,47637.6,Employed,656,29769.09,0.462,0,0.234,0.091,10,0
27,45319.78,Employed,719,4723.66,0.0,1,0.493,0.057,66,0
37,32444.33,Employed,680,27916.7,0.276,1,0.573,0.158,36,1
58,57062.19,Employed,577,15855.26,0.14,0,0.561,0.069,37,0
50,94389.44,Retired,647,8778.41,0.307,1,0.241,0.189,33,0
59,91479.57,Employed,644,15595.71,0.119,1,0.446,0.192,56,0
46,70391.8,Employed,667,18931.11,0.354,0,0.768,-0.016,17,0
63,20994.98,Employed,670,9168.51,0.42,0,0.058,-0.006,14,1
64,25135.18,Employed,797,13739.93,0.252,0,0.627,0.085,25,0
69,53267.65,Self-Employed,664,12106.82,0.302,1,0.66,0.025,41,0
27,48188.83,Retired,551,23793.16,0.383,2,0.023,0.045,24,0
50,38214.11,Self-Employed,687,12322.31,0.343,0,0.262,0.035,24,0
26,127091.38,Retired,811,5324.34,0.552,0,0.339,0.254,18,0
32,51685.37,Employed,667,11288.05,0.247,2,0.593,0.192,48,0
36,64293.02,Employed,647,8368.19,0.431,0,0.402,0.033,40,0
53,80333.9,Employed,657,6792.59,0.389,0,0.279,-0.054,47,0
42,50386.53,Self-Employed,724,29978.01,0.112,1,0.417,0.054,27,0
64,179069.82,Employed,657,23912.07,0.363,1,0.495,-0.003,34,0
35,30632.41,Employed,566,8265.43,0.337,0,0.365,0.157,46,0
51,36205.42,Employed,630,6893.76,0.276,0,0.758,0.105,23,0
59,30594.86,Employed,675,13882.88,0.616,0,0.407,0.054,50,0
70,107079.75,Self-Employed,720,6673.61,0.543,0,0.563,0.093,41,0
33,73206.75,Retired,636,12768.56,0.236,1,0.167,0.008,54,0
57,37343.87,Employed,658,15402.87,0.445,1,0.48,0.081,49,0
25,31826.73,Employed,683,17724.3,0.462,1,0.288,0.231,10,0
48,97972.81,Employed,622,18107.5,0.372,1,0.289,0.045,26,0
41,58738.1,Employed,673,9242.41,0.185,0,0.739,0.108,2,0
68,99231.32,Employed,715,15403.28,0.207,1,0.255,0.037,6,0
59,47568.47,Employed,591,31835.26,0.429,1,0.287,0.036,20,1
67,63308.04,Employed,703,4195.37,0.426,1,0.02,0.166,55,0
63,56960.53,Self-Employed,598,17951.3,0.307,0,0.205,0.001,35,0
41,35880.32,Unemployed,600,7280.89,0.547,2,0.027,0.085,42,0
57,45612.08,Employed,630,34280.65,0.574,2,0.659,0.03,27,0
22,27115.16,Self-Employed,782,24105.74,0.572,1,0.481,0.21,30,0
48,62758.76,Self-Employed,551,23649.29,0.573,0,0.577,0.045,45,0
23,71727.13,Employed,645,8848.21,0.348,0,0.502,-0.002,32,0
57,80425.02,Employed,678,17297.14,0.15,0,0.189,0.087,32,0
69,68409.87,Employed,768,18492.26,0.302,2,0.58,0.087,43,0
55,45976.93,Employed,826,3559.17,0.333,1,0.358,0.188,19,0
62,106509.06,Employed,648,16121.45,0.256,0,0.528,0.056,38,0
32,76584.83,Employed,720,21331.95,0.293,1,0.0,0.134,38,0
70,98152.06,Retired,673,6320.59,0.177,1,0.137,0.02,8,1
48,101279.91,Retired,672,21188.0,0.457,0,0.245,0.187,18,0
54,46036.98,Employed,700,15674.5,0.594,0,0.467,0.171,25,0
59,59512.39,Self-Employed,561,33818.42,0.707,1,0.053,0.144,28,1
52,72206.3,Retired,676,11523.46,0.387,0,0.9,0.167,42,0
36,27596.08,Employed,714,16425.47,0.324,0,0.678,0.121,21,0
51,27903.67,Employed,616,18119.81,0.344,1,0.686,0.109,21,0
53,25599.91,Self-Employed,714,2739.33,0.554,0,0.716,0.008,44,0
63,46441.56,Retired,550,11935.28,0.552,0,0.52,0.046,49,0
45,41495.55,Self-Employed,687,15549.42,0.314,1,0.152,0.167,50,0
46,23912.69,Employed,781,3590.69,0.531,1,0.501,0.164,18,0
46,52821.79,Self-Employed,664,22126.45,0.374,1,0.292,0.171,21,0
26,46732.29,Employed,607,15545.43,0.24,0,0.349,0.066,9,0
25,88532.07,Employed,573,15492.89,0.327,1,0.588,0.234,2,0
22,134119.91,Employed,709,22758.95,0.605,5,0.276,0.086,16,0
54,61588.18,Self-Employed,750,11539.11,0.458,2,0.265,0.137,25,0
41,34602.62,Employed,676,15153.55,0.274,1,0.611,0.322,38,0
64,67735.26,Employed,645,24811.24,0.491,1,0.22,0.059,47,0
56,49249.35,Self-Employed,535,15264.5,0.457,3,0.332,0.157,33,0
28,43474.83,Employed,689,4884.05,0.304,3,0.381,-0.021,56,0
26,31862.96,Unemployed,628,15228.69,0.238,2,0.528,0.07,21,0
39,38866.58,Employed,633,15342.18,0.183,4,0.561,0.148,55,0
67,44851.15,Employed,801,25345.21,0.103,3,0.254,0.051,22,0
23,73280.38,Employed,545,12016.78,0.252,2,0.032,0.103,42,0
30,63291.91,Retired,555,8210.92,0.323,1,0.681,0.118,38,0
22,122123.5,Retired,697,8227.06,0.539,1,0.0,0.113,53,0
41,68676.96,Employed,651,35086.39,0.474,0,0.489,-0.076,57,1
70,60605.9,Self-Employed,641,17563.06,0.379,0,0.39,0.279,20,0
55,42061.36,Self-Employed,700,34027.39,0.069,2,0.458,0.011,2,0
45,29180.87,Employed,699,37114.05,0.394,0,0.468,0.036,32,0
28,36866.31,Employed,607,9450.98,0.103,0,0.348,-0.03,41,0
38,34547.16,Unemployed,636,9027.42,0.481,0,0.382,0.018,35,1
47,13623.43,Employed,684,13675.86,0.485,1,0.473,0.094,79,0
34,29604.57,Retired,693,21346.47,0.358,1,0.459,0.179,43,0
56,109218.41,Employed,716,6368.12,0.473,2,0.0,0.048,43,0
70,58941.46,Retired,636,19398.27,0.502,1,0.385,0.108,15,0
31,40608.72,Retired,706,18817.62,0.366,2,0.576,0.123,27,0
33,59828.65,Employed,751,7515.74,0.328,1,0.241,0.007,42,0
27,18458.82,Employed,684,7675.56,0.151,1,0.502,-0.052,40,0
57,56446.52,Self-Employed,672,19277.59,0.297,0,0.625,0.02,36,0
44,92850.52,Retired,662,51216.04,0.201,1,0.421,0.203,54,0
35,46140.3,Employed,634,12370.66,0.199,1,0.427,0.032,25,0
31,20211.46,Employed,610,17995.01,0.24,1,0.102,0.037,41,0
24,39856.06,Self-Employed,658,10270.15,0.056,2,0.38,0.122,25,0
44,92932.71,Employed,714,17015.72,0.497,1,0.509,0.146,78,0
55,55788.04,Employed,613,10145.35,0.383,1,0.304,0.003,24,0
32,24121.17,Employed,674,12640.21,0.524,2,0.315,0.153,66,0
21,160141.74,Retired,666,64181.27,0.47,3,0.514,0.133,31,0
44,26189.03,Employed,813,15744.45,0.425,2,0.478,0.048,25,0
54,43414.02,Retired,734,5776.17,0.469,2,0.503,-0.056,34,0
38,29181.99,Employed,733,21713.87,0.373,0,0.055,0.157,18,0
33,29202.19,Retired,749,29073.94,0.546,1,0.493,0.122,21,0
28,39101.83,Employed,639,22143.53,0.274,0,0.048,0.108,60,0
58,67378.08,Self-Employed,783,13278.96,0.347,0,0.341,-0.018,42,0
64,93457.84,Unemployed,692,8515.0,0.308,0,0.827,0.275,49,0
59,40413.37,Self-Employed,677,8641.52,0.653,1,0.525,0.012,28,0
46,29582.2,Employed,589,13176.07,0.255,1,0.472,0.049,45,0
57,62275.27,Employed,650,11847.94,0.543,2,0.216,0.171,37,0
40,63195.08,Employed,548,10562.53,0.145,2,0.739,0.101,24,0
22,55281.2,Employed,661,30613.31,0.365,0,0.468,0.109,83,0
39,56267.36,Self-Employed,637,25660.3,0.323,0,0.0,-0.003,14,0
56,46337.96,Retired,650,31577.38,0.197,1,0.25,-0.009,36,0
53,51486.53,Self-Employed,576,9200.17,0.25,1,0.46,0.125,43,1
70,44764.67,Employed,733,8497.45,0.425,0,0.35,0.061,40,0
70,83710.68,Employed,724,15466.46,0.3,2,0.638,0.246,28,0
33,149377.17,Employed,807,18939.17,0.205,2,0.152,0.001,25,0
21,53628.0,Employed,805,15412.13,0.485,3,0.438,0.063,40,0
34,48859.98,Unemployed,692,18180.55,0.347,2,0.262,0.11,24,0
64,55710.88,Employed,757,38216.88,0.4,2,0.435,0.06,52,0
61,35278.86,Employed,700,12951.49,0.514,1,0.279,0.032,39,0
25,71861.02,Self-Employed,648,23963.39,0.582,1,0.413,0.102,32,0
29,61119.62,Employed,659,20146.37,0.007,0,0.732,0.258,37,0
49,39726.15,Employed,728,15633.84,0.334,0,0.052,0.044,43,0
54,76959.41,Employed,850,23309.63,0.098,3,0.853,-0.033,55,0
70,49488.46,Employed,768,9313.57,0.759,1,1.0,0.14,41,0
58,30181.12,Employed,698,8254.85,0.373,0,0.289,0.067,38,0
31,58442.71,Employed,716,19143.57,0.496,0,0.708,0.014,49,0
22,55187.75,Self-Employed,716,5525.8,0.256,1,0.597,0.146,14,0
52,79237.83,Employed,673,20068.87,0.297,2,0.569,0.134,27,0
48,74293.11,Employed,737,7503.31,0.515,1,0.232,0.042,33,0
67,46415.41,Self-Employed,668,36708.28,0.427,0,0.192,-0.036,22,1
49,38714.0,Employed,604,11640.44,0.602,0,0.295,0.17,46,0
46,49063.56,Employed,716,35310.61,0.225,0,0.306,0.042,36,0
36,58785.73,Employed,726,13010.46,0.317,3,0.129,0.118,18,0
25,62434.74,Employed,669,12681.2,0.427,0,0.227,0.087,16,0
64,56994.28,Employed,703,24823.61,0.45,0,0.621,0.138,35,0
62,46845.91,Retired,752,17602.22,0.413,0,0.74,0.116,45,0
29,80693.11,Employed,676,14185.55,0.152,2,0.2,0.203,36,0
56,34991.1,Employed,646,11585.83,0.209,0,0.937,0.151,74,0
39,169346.42,Employed,627,11652.47,0.401,0,0.084,-0.059,32,0
42,71792.49,Employed,661,60750.0,0.119,0,0.139,0.07,26,0
63,27896.52,Self-Employed,795,5403.61,0.217,0,0.0,0.11,55,0
63,53777.73,Self-Employed,665,7175.89,0.356,0,0.003,0.067,40,0
30,72138.4,Retired,707,29915.47,0.234,1,0.651,0.194,55,0
36,41163.84,Employed,656,28598.77,0.384,1,0.294,0.136,56,0
62,23212.08,Employed,649,8488.77,0.337,0,0.39,-0.053,30,1
66,29157.52,Self-Employed,614,5159.25,0.232,0,0.32,0.07,26,0
24,64282.74,Employed,688,31678.6,0.235,1,0.104,0.101,46,0
62,20387.8,Employed,641,7878.73,0.542,1,0.007,0.036,23,0
45,23749.76,Employed,776,10996.53,0.408,1,0.0,0.154,28,0
50,64113.96,Employed,672,15641.33,0.387,4,0.318,0.144,6,0
24,43858.57,Unemployed,677,7757.66,0.358,1,0.47,0.131,33,0
55,34617.33,Unemployed,666,25710.64,0.214,3,0.165,0.158,57,0
54,38278.13,Self-Employed,708,14951.38,0.265,0,0.0,0.207,36,0
54,23496.18,Employed,792,8697.4,0.0,0,0.573,0.166,10,0
60,62456.57,Self-Employed,602,9169.57,0.255,2,0.602,0.164,66,0
68,32752.29,Self-Employed,701,32150.62,0.257,1,0.056,0.098,25,0
63,37501.04,Self-Employed,562,12490.8,0.432,1,0.101,0.054,36,0
58,58302.05,Employed,772,21347.35,0.26,0,0.536,0.264,40,0
70,43117.59,Retired,672,14676.6,0.468,1,0.0,0.133,48,0
54,34464.1,Employed,568,5152.68,0.311,1,0.062,0.023,42,0
54,18129.23,Employed,584,23111.98,0.372,0,0.686,0.094,33,0
48,58906.87,Unemployed,741,28122.05,0.345,0,0.248,0.072,35,0
59,50995.69,Retired,555,44598.65,0.455,0,0.374,0.166,25,1
24,37846.97,Retired,701,4720.42,0.531,2,0.105,0.075,19,0
46,29181.8,Employed,648,2219.26,0.202,1,0.618,-0.023,30,0
42,49334.61,Self-Employed,665,21664.93,0.614,1,0.347,0.147,58,0
66,62332.35,Employed,629,10305.22,0.221,1,0.588,0.057,19,0
24,51476.44,Self-Employed,609,6260.38,0.322,1,0.248,-0.085,15,0
53,111194.12,Employed,643,15748.79,0.271,1,0.111,0.172,38,0
30,69730.09,Employed,723,11275.86,0.576,2,0.336,-0.005,50,0
65,46460.53,Retired,658,6865.65,0.191,0,0.176,0.021,25,0
63,70908.06,Unemployed,712,14049.24,0.458,0,0.248,0.106,20,0
32,50228.16,Employed,662,20741.7,0.019,0,0.174,0.111,41,0
64,50141.1,Employed,726,16398.71,0.472,0,0.082,0.057,38,0
45,93730.78,Employed,711,16473.44,0.321,0,0.532,0.129,58,0
69,31287.41,Employed,639,19265.2,0.294,0,0.466,0.167,53,0
57,49595.47,Employed,608,5351.7,0.246,0,0.14,0.026,16,0
22,88863.34,Retired,752,14317.27,0.34,2,0.754,0.106,20,0
31,57210.65,Employed,619,17051.19,0.297,1,0.198,0.11,2,0
41,40760.69,Employed,718,11769.14,0.126,4,0.546,0.196,38,0
31,20887.79,Self-Employed,682,8976.28,0.232,1,0.0,0.117,24,0
27,15753.64,Employed,645,9436.05,0.47,2,0.297,-0.048,65,0
69,138425.92,Employed,712,12381.6,0.29,0,0.0,0.284,27,0
64,57196.95,Employed,783,25556.06,0.231,0,0.17,0.108,30,0
42,36605.85,Employed,727,36913.52,0.357,0,0.452,0.12,24,0
31,58379.99,Employed,690,32665.36,0.423,2,0.426,0.091,36,0
30,30520.78,Self-Employed,802,5788.08,0.448,0,0.192,0.121,55,0
66,41539.47,Employed,554,8403.56,0.401,0,0.371,0.133,3,0
37,30623.71,Unemployed,597,21905.17,0.531,1,0.428,0.161,52,1
21,24181.98,Retired,645,32222.95,0.357,0,0.221,0.087,6,1
40,17111.53,Unemployed,786,8266.06,0.315,0,0.51,-0.092,31,0
43,22052.28,Retired,751,16481.0,0.481,1,0.392,0.064,19,0
52,81686.49,Retired,551,7486.71,0.244,2,0.242,0.082,20,0
37,29928.28,Unemployed,647,17429.04,0.289,1,0.764,0.044,14,1
67,64051.71,Employed,581,10035.97,0.111,2,0.274,0.012,41,0
53,79088.57,Employed,677,16477.54,0.622,0,0.125,0.06,28,0
70,49428.86,Self-Employed,748,7136.07,0.663,1,0.578,0.167,43,0
39,42222.83,Unemployed,753,5539.58,0.324,0,0.499,0.124,45,0
53,52392.12,Unemployed,700,94747.34,0.465,0,0.0,-0.01,31,1
39,39802.69,Self-Employed,648,15392.02,0.455,0,0.0,-0.042,45,0
55,89496.49,Unemployed,673,53147.51,0.378,1,0.466,-0.043,36,0
58,125275.04,Self-Employed,731,36513.22,0.532,0,0.206,0.118,28,0
37,101205.25,Self-Employed,850,5533.83,0.16,0,0.428,-0.022,49,0
67,16717.62,Employed,591,18344.24,0.322,1,0.274,0.091,57,1
63,39398.64,Employed,799,6790.73,0.037,1,0.478,0.15,54,0
65,49122.85,Employed,698,12360.74,0.198,0,0.528,0.13,9,0
31,61791.99,Employed,742,4765.04,0.106,1,0.0,0.07,36,0
56,20668.02,Employed,694,5741.43,0.074,0,0.14,0.222,55,0
26,20502.01,Employed,785,8840.74,0.276,0,0.713,0.049,17,0
26,94220.67,Retired,705,10641.88,0.405,0,0.458,0.109,34,0
69,37065.44,Employed,631,15112.78,0.25,1,0.515,0.067,24,0
28,23302.05,Self-Employed,714,7929.04,0.268,0,0.873,0.082,39,0
64,28231.1,Employed,765,16148.54,0.24,1,0.623,0.163,79,0
42,59589.66,Unemployed,680,29186.43,0.371,1,0.388,0.149,35,0
36,32491.25,Employed,524,17401.89,0.259,0,0.114,-0.048,32,1
24,55315.74,Employed,671,14180.26,0.199,1,0.664,0.015,68,0
54,30050.55,Self-Employed,687,18123.73,0.49,0,0.67,0.164,38,1
57,20494.26,Employed,677,6241.72,0.219,1,0.429,-0.007,26,0
44,99926.49,Employed,643,26139.54,0.159,0,0.808,0.016,10,0
61,59819.98,Self-Employed,779,7197.01,0.461,1,0.462,0.125,51,0
37,41486.55,Unemployed,502,37463.33,0.097,1,0.414,0.175,17,1
48,37771.84,Employed,687,23445.92,0.534,3,0.664,0.165,32,1
35,101971.66,Retired,688,20618.36,0.196,1,0.509,-0.031,41,0
50,65891.52,Employed,837,21164.04,0.362,1,0.568,0.076,45,0
27,86977.65,Employed,679,14748.03,0.201,0,0.0,0.067,10,0
44,36612.82,Employed,713,9211.14,0.352,0,0.479,0.049,19,0
48,50278.52,Employed,689,8391.16,0.272,2,0.29,-0.028,38,0
48,59940.01,Employed,687,42227.85,0.203,4,0.276,0.207,11,0
43,37233.55,Unemployed,812,15708.89,0.109,0,0.348,0.088,45,0
53,46734.31,Employed,597,7563.15,0.269,0,0.247,0.019,15,0
46,36614.32,Retired,630,20131.21,0.421,2,0.558,0.126,31,0
35,59845.98,Employed,737,18137.38,0.451,1,0.133,0.084,27,0
31,25318.81,Employed,699,12117.38,0.242,0,0.001,0.165,47,0
53,65250.24,Employed,659,8614.36,0.243,2,0.366,0.058,27,0
67,57259.94,Employed,675,22956.02,0.324,0,0.692,0.063,46,0
58,44282.54,Employed,749,26046.23,0.35,0,0.283,0.1,52,0
52,61375.04,Self-Employed,716,17915.8,0.35,0,0.34,0.153,34,0
67,40844.59,Self-Employed,627,15412.38,0.285,0,0.335,0.019,39,0
65,35064.15,Employed,698,9233.25,0.295,1,0.953,-0.014,24,0
46,64335.26,Employed,676,19690.74,0.307,0,0.606,0.139,18,0
26,65742.9,Employed,715,10088.83,0.0,0,0.267,0.121,16,0
52,38038.91,Employed,656,6880.98,0.289,2,0.354,0.102,36,0
52,36441.88,Self-Employed,589,29008.9,0.467,1,0.226,0.105,26,0
34,44735.08,Employed,730,7959.01,0.559,1,0.809,0.101,41,0
63,37197.51,Unemployed,721,4730.75,0.526,1,0.061,0.206,31,0
64,105088.65,Retired,786,32383.66,0.364,1,0.184,0.115,27,0
37,57425.16,Employed,581,5184.02,0.172,0,0.595,0.083,32,0
44,49379.97,Retired,675,11686.11,0.268,0,0.774,0.015,3,0
30,30749.76,Self-Employed,663,7651.3,0.236,0,0.396,0.068,49,0
29,70933.26,Employed,650,9563.6,0.139,1,0.339,0.143,30,0
34,36105.39,Unemployed,564,56074.83,0.209,0,0.408,0.158,29,1
39,35370.25,Employed,600,13891.9,0.241,0,0.416,-0.019,59,0
34,72135.92,Self-Employed,700,18323.56,0.141,0,0.862,0.169,30,0
28,59495.82,Self-Employed,643,23725.19,0.49,1,0.496,0.089,44,0
43,14020.51,Retired,618,10015.67,0.441,0,0.318,0.287,5,0
52,45302.37,Self-Employed,787,28143.85,0.343,0,0.487,0.196,25,0
37,52195.93,Unemployed,850,18501.47,0.407,3,0.606,0.084,52,0
47,41365.48,Employed,676,23208.69,0.396,1,0.192,0.005,48,0
34,53113.26,Retired,567,9558.07,0.24,0,0.456,0.015,45,0
56,19834.06,Self-Employed,710,19271.72,0.62,0,0.405,0.055,23,0
53,12000.0,Self-Employed,524,14685.8,0.235,0,0.147,0.241,38,1
69,30099.56,Unemployed,579,29081.33,0.1,1,0.307,0.073,29,0
23,56450.73,Employed,711,10676.48,0.374,0,0.294,0.115,40,0
63,12000.0,Employed,576,49977.55,0.435,1,0.29,0.086,48,1
38,32151.9,Unemployed,658,18092.16,0.305,1,0.812,0.081,38,0
24,18743.82,Retired,569,13696.14,0.537,1,0.404,0.064,51,0
55,43420.54,Self-Employed,684,12767.84,0.377,3,0.476,0.214,52,0
29,130476.66,Employed,764,14704.27,0.227,2,0.544,0.166,17,0
29,43976.56,Employed,634,10125.41,0.261,2,0.385,-0.017,6,0
69,46455.43,Employed,679,22027.11,0.372,2,0.302,-0.035,50,0
32,74579.09,Employed,619,14659.6,0.362,1,0.728,0.162,36,0
48,49545.83,Retired,624,47390.01,0.532,0,0.73,0.183,56,0
31,44024.61,Employed,618,11384.48,0.475,0,0.6,0.023,40,0
27,77911.04,Employed,739,13733.76,0.115,0,0.376,0.063,59,0
21,62065.38,Employed,574,11377.73,0.325,1,0.477,0.185,46,0
21,56631.06,Retired,655,45316.45,0.164,0,0.221,0.148,41,0
44,45734.58,Employed,711,6201.6,0.569,0,0.422,0.098,29,0
42,41231.91,Employed,748,15618.08,0.204,2,0.141,0.143,27,0
22,77542.81,Employed,713,17814.89,0.38,2,0.575,0.078,8,0
38,41430.34,Employed,675,7503.96,0.245,0,0.762,0.065,44,0
34,90728.47,Employed,637,72107.41,0.053,0,0.152,0.183,23,0
49,29039.92,Self-Employed,749,8447.8,0.162,0,0.786,0.045,31,0
70,100397.44,Employed,615,15064.77,0.313,0,0.538,0.061,34,0
55,62070.12,Employed,616,40555.1,0.435,0,0.229,0.234,27,0
66,30204.09,Employed,781,11789.45,0.43,2,0.456,0.029,38,0
30,63227.17,Employed,707,16093.6,0.15,0,0.738,0.231,2,0
31,35413.51,Employed,710,12005.69,0.397,0,0.673,0.112,35,0
58,49847.02,Self-Employed,725,14300.24,0.492,0,0.666,0.099,45,0
36,38433.56,Employed,673,28250.73,0.427,0,0.318,0.14,8,0
63,45868.96,Employed,572,11465.02,0.296,0,0.194,0.165,24,0
44,78489.13,Self-Employed,699,3002.88,0.357,0,0.4,0.207,56,0
31,63529.26,Retired,679,14475.72,0.373,2,0.426,0.08,33,0
63,27926.11,Employed,616,15332.82,0.56,0,0.353,0.134,24,0
48,28737.32,Employed,598,16601.74,0.605,0,0.266,0.063,46,0
61,56127.87,Retired,677,13227.02,0.447,0,0.178,0.054,18,0
43,58197.26,Employed,578,8799.74,0.358,0,0.557,0.108,19,0
27,34988.6,Retired,669,12745.25,0.345,0,0.244,0.157,20,0
55,108625.1,Unemployed,660,42578.95,0.361,3,0.577,0.025,56,1
27,73625.56,Employed,671,14396.97,0.381,1,0.334,-0.03,19,0
54,35854.05,Employed,710,21845.39,0.273,0,0.379,0.016,34,0
41,34162.11,Retired,727,7940.74,0.645,2,0.141,0.06,53,0
60,43743.28,Employed,627,12396.23,0.231,0,0.488,0.201,19,0
64,41525.91,Employed,745,8100.11,0.544,2,0.339,0.031,8,0
41,91865.31,Employed,664,32086.92,0.02,0,0.163,0.138,67,0
65,80198.61,Employed,811,5805.33,0.309,1,0.35,0.189,37,1
26,49887.95,Unemployed,636,18461.47,0.299,3,0.21,0.037,25,1
26,68799.57,Self-Employed,559,18114.13,0.384,0,0.053,0.207,33,0
70,73975.38,Employed,743,17423.29,0.295,1,0.566,0.144,46,0
49,50469.8,Employed,712,3615.81,0.558,1,0.147,0.021,11,0
43,59952.59,Self-Employed,770,4386.28,0.314,0,0.5,0.067,28,0
28,65979.13,Employed,703,15839.05,0.196,0,0.903,0.035,47,0
35,62555.09,Self-Employed,850,8485.63,0.205,2,0.193,0.077,58,0
55,33209.73,Self-Employed,666,10039.54,0.279,0,0.503,0.13,57,0
62,34931.53,Employed,758,11444.63,0.459,0,0.311,0.046,37,0
66,42433.89,Retired,641,7849.61,0.486,1,0.455,0.127,58,0
41,34429.46,Employed,717,7078.48,0.17,0,0.01,0.112,9,0
43,23469.33,Employed,731,14764.29,0.23,0,0.49,0.013,37,0
29,68732.4,Employed,742,4704.86,0.19,0,0.423,0.128,2,0
25,58291.06,Employed,738,10900.01,0.307,0,0.93,0.184,57,0
42,25092.31,Employed,437,9892.69,0.494,2,0.0,0.079,42,0
49,43457.63,Employed,675,14556.43,0.376,0,0.294,0.157,62,0
26,44705.74,Self-Employed,637,61840.11,0.433,0,0.5,0.016,26,0
41,53689.47,Self-Employed,652,8191.33,0.462,0,0.594,0.221,14,0
53,28539.34,Employed,659,18841.59,0.262,0,0.373,0.147,47,0
61,24909.46,Self-Employed,753,16856.24,0.158,0,0.678,0.154,32,0
67,63567.79,Self-Employed,695,20659.65,0.262,0,0.414,0.045,52,0
38,22765.9,Employed,642,12991.17,0.473,0,0.43,0.155,47,0
40,43637.33,Retired,570,35062.01,0.44,0,0.019,0.131,30,0
64,41646.03,Employed,795,22274.07,0.362,2,0.529,0.158,35,0
55,46090.3,Employed,631,22487.69,0.492,1,0.734,0.202,31,0
34,55623.38,Employed,670,6319.85,0.372,0,0.182,0.059,35,0
55,109019.86,Employed,840,15643.39,0.3,1,0.303,0.202,27,0
28,22032.06,Employed,633,10873.53,0.115,1,0.088,0.159,44,0
43,75984.97,Employed,659,8804.5,0.541,0,0.502,0.005,9,0
36,13959.58,Employed,697,10138.76,0.336,1,0.364,0.231,6,0
70,98405.85,Retired,560,14277.62,0.282,1,0.578,0.057,28,0
22,17651.31,Self-Employed,551,19420.0,0.335,1,0.383,0.116,25,1
63,165743.6,Self-Employed,644,26607.86,0.575,1,0.379,0.119,27,0
35,40340.7,Self-Employed,646,25869.42,0.499,2,0.386,0.023,54,0
22,93450.91,Self-Employed,690,17599.34,0.296,0,0.437,0.169,37,0
54,84295.02,Employed,607,15265.86,0.42,1,0.405,0.065,47,0
54,39409.23,Employed,713,12152.71,0.534,0,0.494,-0.002,43,0
28,40950.75,Employed,518,12726.52,0.402,4,0.714,0.034,58,1
22,32254.75,Employed,675,9244.87,0.368,2,0.614,-0.045,25,0
26,72670.08,Employed,707,11417.75,0.036,0,0.786,-0.007,44,0
41,39666.65,Employed,705,18256.86,0.537,2,0.143,0.179,32,0
27,32549.21,Employed,668,37205.5,0.196,0,0.234,-0.023,18,1
56,64128.11,Employed,630,13496.21,0.069,1,0.644,0.127,17,0
24,31301.2,Self-Employed,666,9094.19,0.079,1,0.177,0.053,32,0
60,41585.58,Employed,773,26411.44,0.222,0,0.756,0.186,51,0
64,51717.57,Employed,635,4440.63,0.423,1,0.288,0.098,26,0
56,35553.19,Employed,753,27608.8,0.524,0,0.368,0.003,27,0
68,38339.1,Employed,765,6249.75,0.401,0,0.318,0.146,25,0
67,105608.23,Self-Employed,550,21901.18,0.61,1,0.403,0.069,17,0
23,44262.03,Employed,670,11096.07,0.29,0,0.765,0.153,28,0
38,40953.25,Employed,607,17899.82,0.315,3,0.69,0.126,52,0
59,44910.97,Retired,567,51528.47,0.07,4,0.831,0.015,39,1
37,61526.76,Employed,739,8931.45,0.264,0,0.902,0.089,26,0
57,29233.43,Employed,715,8100.41,0.044,1,0.299,0.054,29,0
59,60694.46,Self-Employed,700,15474.16,0.149,1,0.177,0.079,40,0
70,55709.73,Employed,599,36871.6,0.445,0,0.436,0.089,26,0
37,20043.74,Employed,696,16440.43,0.097,0,0.472,-0.028,48,0
38,120225.91,Employed,582,15165.36,0.112,1,0.076,0.123,54,0
22,101763.5,Employed,686,16341.25,0.086,2,0.575,0.073,18,0
35,32850.38,Employed,630,8080.4,0.466,0,0.171,-0.003,30,0
35,27967.17,Employed,759,16441.05,0.596,1,0.31,0.006,41,0
43,54941.58,Employed,653,11664.46,0.339,1,0.564,-0.04,55,0
42,24030.24,Employed,697,32645.98,0.491,0,0.504,0.255,2,1
63,96968.5,Employed,698,23832.19,0.175,0,0.417,0.097,25,0
59,38784.39,Employed,674,6672.56,0.534,2,0.453,0.129,2,0
57,110293.85,Employed,688,12458.02,0.243,0,0.544,0.215,46,0
21,32461.12,Employed,703,20267.86,0.45,1,0.267,0.318,35,0
44,46346.4,Self-Employed,613,8193.39,0.346,0,0.472,0.043,50,0
57,92374.51,Unemployed,710,7726.69,0.062,0,0.399,0.058,31,0
33,41705.16,Employed,745,11190.4,0.217,1,0.43,0.019,32,0
42,56164.82,Unemployed,710,18154.33,0.376,2,0.655,0.087,40,0
57,84654.15,Employed,653,27509.63,0.073,1,0.463,-0.045,36,0
60,37122.42,Employed,693,16970.72,0.394,1,0.713,0.204,27,0
63,26085.38,Employed,653,64692.58,0.138,1,0.291,0.139,48,1
42,23638.8,Employed,671,9837.37,0.431,0,0.38,0.083,52,0
40,65625.29,Unemployed,591,23022.12,0.146,0,0.065,-0.017,40,0
40,59539.14,Employed,784,7589.66,0.416,1,0.188,0.215,56,0
54,83352.31,Employed,825,38815.93,0.472,3,0.318,0.064,57,0
41,42743.72,Retired,627,33377.82,0.325,1,0.504,0.239,26,1
41,23971.75,Employed,739,22627.12,0.338,0,0.29,0.076,35,0
29,15117.74,Self-Employed,789,5209.3,0.573,1,0.16,0.106,41,0
44,205660.34,Employed,608,22501.67,0.233,0,0.476,-0.0,11,0
32,63797.0,Retired,518,9031.92,0.27,0,0.033,0.196,36,0
47,52490.94,Employed,794,19383.42,0.446,0,0.042,-0.034,33,0
65,56349.01,Self-Employed,679,6168.51,0.413,0,0.22,0.162,24,0
59,23964.54,Employed,641,17361.13,0.314,0,0.487,0.21,39,1
44,32943.99,Retired,684,11942.61,0.168,1,0.208,-0.033,21,0
69,117203.27,Retired,652,9256.3,0.496,2,0.421,0.174,12,0
70,68130.05,Self-Employed,850,21069.07,0.164,0,0.565,0.215,2,0
43,33463.19,Employed,640,14317.25,0.692,0,0.504,0.135,9,0
59,26544.88,Employed,705,13056.27,0.171,1,0.78,0.147,17,0
38,37879.03,Unemployed,777,22978.53,0.184,3,0.436,0.131,35,0
64,41868.32,Self-Employed,777,46275.82,0.401,0,0.713,0.105,40,0
39,136567.33,Unemployed,762,17420.52,0.432,0,0.537,0.018,26,0
33,44616.83,Self-Employed,648,4996.12,0.204,0,0.314,0.096,44,0
27,27044.1,Employed,669,5796.63,0.604,0,0.189,0.076,39,0
63,47605.27,Employed,517,15388.09,0.399,0,0.436,0.25,21,0
35,55947.51,Employed,674,27333.88,0.313,0,0.114,0.095,20,0
61,25841.23,Self-Employed,682,16007.7,0.408,0,0.352,0.097,53,0
25,59939.01,Employed,736,20069.16,0.532,0,0.368,0.115,27,0
46,89720.81,Employed,815,14252.79,0.591,0,0.66,0.136,61,0
42,52540.29,Self-Employed,733,26298.24,0.379,0,0.244,0.038,16,0
42,32907.88,Employed,760,21374.71,0.159,2,0.497,0.176,31,0
29,37630.3,Employed,679,8008.46,0.161,2,0.186,0.094,12,0
24,21387.93,Employed,776,19315.85,0.138,0,0.591,0.159,5,0
38,45847.79,Employed,681,5851.31,0.254,0,0.733,0.028,24,0
44,57261.86,Employed,766,19318.42,0.356,0,0.217,0.089,45,0
60,31309.71,Self-Employed,740,12462.75,0.382,0,0.432,0.219,25,0
44,129294.76,Unemployed,709,16259.24,0.519,1,0.97,0.259,43,0
33,72848.68,Self-Employed,564,17933.21,0.039,1,0.237,0.154,21,0
34,20002.48,Retired,762,17482.97,0.348,1,0.08,0.011,55,0
51,20208.7,Employed,708,34561.12,0.419,1,0.45,-0.047,22,1
42,29971.08,Employed,733,15069.8,0.0,1,0.166,0.154,57,0
66,107644.85,Employed,704,16536.91,0.418,2,0.482,0.259,35,0
42,76531.74,Self-Employed,716,32790.37,0.76,0,0.592,0.069,19,0
49,110398.97,Employed,778,46077.52,0.466,1,0.175,0.085,22,0
24,49271.67,Retired,644,14608.73,0.396,1,0.076,0.122,40,0
30,44145.9,Employed,715,10858.99,0.309,1,0.626,0.302,17,0
63,26271.64,Unemployed,622,11186.82,0.385,1,0.781,0.115,39,1
38,58386.62,Employed,723,19349.72,0.581,1,0.333,0.117,24,0
42,44440.92,Self-Employed,699,13068.6,0.298,1,0.705,0.071,18,0
50,43593.52,Employed,633,5169.08,0.529,3,0.789,0.109,22,0
23,110086.91,Employed,687,28964.59,0.42,1,0.557,0.191,11,0
46,46019.81,Self-Employed,637,24082.32,0.594,2,0.431,0.049,36,1
38,95367.27,Employed,652,29377.54,0.513,1,0.549,0.177,37,0
28,22158.19,Retired,707,33073.09,0.378,1,0.591,0.181,23,1
41,187973.47,Self-Employed,700,16553.74,0.369,2,0.0,0.037,22,0
43,40674.83,Self-Employed,536,17263.19,0.303,0,0.374,0.165,12,0
30,69814.15,Employed,708,27010.88,0.497,0,0.112,0.265,24,0
48,75594.32,Employed,657,7122.2,0.261,0,0.201,0.003,41,0
58,38227.93,Employed,649,11950.34,0.367,0,0.471,0.089,23,0
34,73829.6,Self-Employed,595,14248.48,0.321,1,0.379,0.121,38,0
69,75773.32,Employed,677,25672.16,0.149,0,0.407,0.132,43,0
51,34318.08,Retired,641,10687.56,0.383,1,0.371,0.025,16,0
59,34521.92,Retired,776,9630.69,0.121,2,0.359,0.0,67,0
24,50143.96,Employed,549,11400.58,0.283,0,0.397,0.042,48,0
59,46270.18,Self-Employed,608,19570.49,0.45,0,0.744,0.109,29,0
37,98377.27,Employed,603,14172.16,0.375,0,0.543,0.063,8,0
56,69656.69,Employed,699,6183.0,0.373,1,0.194,0.17,19,0
61,47324.73,Employed,768,6959.44,0.22,3,0.303,0.197,63,0
33,66372.56,Unemployed,718,16025.91,0.507,1,0.551,0.032,41,0
33,17617.95,Retired,598,16349.32,0.217,1,0.341,0.127,26,1
23,36038.55,Employed,648,15011.19,0.456,0,0.513,0.108,27,0
51,56608.28,Employed,619,11131.93,0.545,2,0.395,0.304,55,0
59,85620.73,Employed,718,23684.79,0.12,4,0.446,0.067,40,0
41,54170.12,Employed,646,18423.61,0.289,0,0.681,0.133,28,0
29,101632.59,Employed,574,18050.82,0.275,2,0.488,0.26,9,0
36,75657.35,Unemployed,724,18439.28,0.391,2,0.826,-0.059,31,0
41,38400.87,Retired,775,38501.36,0.208,1,0.255,0.219,43,0
66,45705.99,Employed,667,7985.93,0.175,1,0.199,0.051,42,0
27,60126.79,Unemployed,689,11468.48,0.342,1,0.488,-0.016,19,0
38,39170.62,Self-Employed,567,12066.57,0.266,1,0.353,0.126,34,0
52,105413.4,Employed,526,31401.14,0.328,1,0.429,0.117,43,1
32,28159.41,Unemployed,541,11798.74,0.484,1,0.479,0.15,56,1
65,57414.56,Employed,677,9177.63,0.107,0,0.116,0.161,29,0
66,70807.73,Employed,657,13856.57,0.333,0,0.0,0.092,61,0
40,41909.86,Employed,721,15720.87,0.261,0,0.559,0.241,42,0
58,37443.95,Self-Employed,665,30267.49,0.354,4,0.084,0.212,26,0
58,47191.04,Employed,754,11756.81,0.262,1,0.288,0.137,19,0
55,73570.49,Employed,745,9774.47,0.173,0,0.362,0.13,2,0
30,38180.34,Employed,656,8553.47,0.409,1,0.382,0.196,19,0
23,28725.47,Employed,605,12009.21,0.766,1,0.572,0.104,57,0
38,87141.84,Employed,536,68747.3,0.335,0,0.546,0.003,28,1
27,59853.08,Employed,788,18572.74,0.241,1,0.452,0.093,10,0
35,81139.79,Unemployed,609,21140.94,0.241,0,0.525,0.074,22,0
52,71658.41,Employed,568,14762.21,0.49,0,0.174,0.112,35,1
50,145793.23,Employed,690,16033.41,0.218,2,0.235,0.007,29,0
31,85603.89,Unemployed,568,23668.65,0.545,2,1.0,0.017,40,0
21,34130.96,Unemployed,690,20694.17,0.104,0,0.434,0.193,29,0
32,62015.15,Employed,655,18205.76,0.379,2,0.594,0.107,25,0
43,37095.67,Employed,749,14908.28,0.45,2,0.147,0.079,33,0
59,39063.23,Employed,743,11951.55,0.464,2,0.562,0.067,17,0
39,24191.34,Employed,763,19045.85,0.454,1,0.344,0.089,37,0
35,42486.57,Self-Employed,695,15523.88,0.39,0,0.283,0.115,19,0
48,64377.35,Employed,616,53085.52,0.523,1,0.787,-0.03,31,0
24,47429.0,Employed,602,27732.41,0.201,0,0.739,0.07,39,0
32,28291.47,Employed,640,9852.02,0.253,0,0.394,0.118,29,0
22,22890.8,Employed,830,7319.3,0.29,0,0.454,0.09,34,0
47,140916.52,Employed,661,11626.84,0.573,1,0.317,-0.037,45,0
43,57675.07,Unemployed,692,7708.36,0.42,0,0.149,0.104,23,0
50,32466.54,Employed,794,11215.06,0.452,0,0.421,0.099,59,0
51,61752.62,Employed,699,8252.39,0.323,1,0.455,0.047,15,0
40,146472.51,Self-Employed,624,12134.19,0.473,1,0.632,0.028,53,0
64,66851.64,Employed,735,12221.2,0.117,3,0.532,0.118,41,0
66,12166.8,Employed,648,16127.86,0.289,0,0.184,0.111,41,0
26,184636.78,Employed,702,13041.26,0.317,0,0.0,0.14,49,0
67,19445.61,Employed,718,8592.31,0.279,0,0.332,0.269,35,0
30,44222.72,Employed,643,30605.67,0.302,2,0.119,0.148,37,0
33,27814.09,Employed,694,18803.4,0.432,1,0.379,0.044,36,0
47,33860.31,Self-Employed,800,10650.07,0.386,2,0.501,0.203,47,0
22,56511.81,Self-Employed,633,8676.07,0.529,1,0.474,0.082,50,0
39,17404.57,Employed,779,6122.12,0.037,1,0.304,0.083,35,0
30,46858.01,Employed,636,5858.9,0.573,0,0.493,0.03,29,0
45,87000.68,Retired,815,27680.27,0.253,1,0.711,0.148,19,0
61,32156.82,Employed,616,25971.83,0.547,1,0.492,0.079,38,0
67,24461.54,Employed,650,10398.79,0.287,0,0.485,0.173,27,0
31,45722.58,Self-Employed,793,33513.65,0.405,0,0.286,0.15,8,0
48,41391.44,Employed,796,21376.73,0.188,0,0.441,0.036,33,0
44,36402.26,Retired,741,16679.77,0.168,0,0.741,0.027,35,0
41,27060.41,Employed,599,24764.43,0.437,1,0.392,0.123,47,0
52,63550.64,Unemployed,686,21398.51,0.0,0,0.335,0.203,34,0
70,66014.64,Employed,680,16190.93,0.168,0,0.674,0.188,19,0
41,28772.54,Employed,616,12784.31,0.465,2,0.372,0.225,50,1
24,30834.0,Employed,732,13845.05,0.288,0,0.539,0.117,3,0
66,52483.07,Retired,622,5626.34,0.218,0,0.456,0.177,11,0
67,30257.95,Employed,583,9132.2,0.578,2,0.524,0.195,30,0
37,53601.43,Employed,558,43481.76,0.631,0,0.594,0.265,30,1
46,102132.19,Retired,808,8986.91,0.35,1,0.691,0.138,31,0
64,47576.24,Employed,642,4863.95,0.541,2,0.644,0.075,22,0
46,26720.65,Employed,643,25396.79,0.578,2,0.731,0.198,48,1
45,59638.21,Employed,603,17139.97,0.348,0,0.356,-0.0,31,1
67,44854.21,Unemployed,783,17728.41,0.273,3,0.146,0.192,13,1
62,45475.16,Employed,576,13433.22,0.363,1,0.376,0.213,39,0
46,62172.09,Employed,590,25500.59,0.132,0,1.0,0.187,22,1
29,69252.79,Retired,656,36967.89,0.435,2,0.39,0.031,19,0
42,49898.74,Employed,678,10798.16,0.301,0,0.001,0.124,32,0
54,47555.84,Employed,729,21584.46,0.358,1,0.997,0.193,58,0
34,137553.85,Employed,629,28885.58,0.356,0,0.456,0.148,2,0
47,89346.47,Employed,796,10439.39,0.223,3,0.229,0.109,9,0
53,74367.41,Employed,630,36524.8,0.345,1,0.156,0.124,20,0
25,52344.54,Employed,604,28827.94,0.146,1,0.446,0.353,58,0
49,29647.36,Self-Employed,597,7007.9,0.278,2,0.58,0.027,17,0
57,86136.9,Self-Employed,622,38445.11,0.183,2,0.564,0.005,49,0
31,52688.21,Employed,592,7231.87,0.219,4,0.613,0.031,46,0
48,36732.44,Employed,736,9774.51,0.011,0,0.087,0.277,50,0
56,43409.33,Employed,605,22252.25,0.286,0,0.156,0.164,20,0
23,30239.63,Self-Employed,670,27580.82,0.423,0,0.413,0.062,35,1
53,83171.87,Self-Employed,603,15665.36,0.377,2,0.665,0.285,44,1
33,68976.32,Self-Employed,592,10118.08,0.513,1,0.32,0.015,39,0
40,53681.1,Retired,763,12631.29,0.207,0,0.0,0.059,76,0
53,47983.25,Unemployed,800,11765.3,0.278,0,0.602,0.012,62,0
21,34879.88,Retired,775,24458.5,0.488,0,0.0,0.112,51,0
21,16898.22,Self-Employed,570,11573.5,0.337,2,0.305,0.144,44,0
43,24186.18,Employed,580,9985.53,0.378,1,0.587,0.118,45,0
68,33815.59,Employed,828,6085.43,0.667,1,0.58,0.202,50,0
21,31367.16,Employed,661,10336.76,0.312,1,0.05,0.074,60,0
60,56651.87,Employed,577,13752.53,0.277,1,0.613,0.083,22,0
24,73551.92,Employed,761,7493.27,0.201,1,0.717,0.13,52,0
45,45971.66,Employed,685,5183.14,0.307,2,0.559,0.253,38,0
42,99156.87,Self-Employed,723,26581.62,0.503,2,0.361,0.143,50,0
44,33141.82,Employed,512,8101.05,0.436,1,0.518,0.083,36,0
25,45808.8,Employed,656,6730.48,0.565,0,0.253,0.17,28,0
58,47786.88,Retired,751,37862.44,0.404,1,0.652,0.089,28,0
34,84634.15,Employed,632,24569.57,0.014,1,0.749,0.126,36,0
59,51686.07,Employed,773,27317.73,0.444,1,0.321,0.091,42,0
53,52406.42,Employed,581,19992.66,0.366,0,0.587,0.008,28,0
48,21430.67,Employed,672,32429.51,0.35,1,0.639,0.053,13,1
36,31258.5,Retired,803,25085.42,0.533,1,0.364,0.228,45,0
53,84793.67,Employed,594,12008.09,0.309,1,0.0,0.129,33,0
70,17367.03,Retired,700,7792.92,0.437,0,0.447,0.117,3,0
67,95941.73,Employed,724,6837.06,0.188,1,0.0,0.108,11,0
66,62933.4,Self-Employed,687,13577.66,0.122,1,0.77,0.082,39,0
31,33733.25,Employed,661,7631.23,0.26,0,0.547,0.109,44,0
50,32337.26,Employed,614,9148.91,0.303,0,0.358,0.075,51,0
40,126497.48,Employed,695,13475.44,0.432,0,0.623,0.125,27,0
69,99280.35,Employed,672,34157.18,0.185,1,0.154,0.02,25,0
68,46178.96,Retired,572,5964.94,0.576,1,0.665,0.16,43,0
64,52433.23,Self-Employed,762,15030.48,0.205,0,0.463,0.099,22,0
29,35486.56,Employed,612,6968.39,0.337,0,0.467,0.002,22,0
36,52438.27,Self-Employed,574,10574.43,0.352,1,0.319,0.081,38,0
56,34998.07,Employed,635,25794.35,0.395,3,0.344,0.073,39,0
58,47132.99,Retired,613,8875.05,0.418,1,0.532,0.185,43,0
38,121196.04,Employed,661,12606.62,0.689,0,0.206,0.091,36,0
27,46732.4,Employed,587,16068.45,0.26,2,0.13,0.041,20,0
27,29027.21,Employed,714,22487.32,0.397,1,0.641,-0.056,29,0
55,24755.77,Employed,784,10628.18,0.337,0,0.519,0.057,36,0
43,52237.66,Retired,688,31459.87,0.497,0,0.191,0.198,54,0
45,33508.43,Employed,572,11304.1,0.417,1,0.425,0.141,45,0
61,55453.58,Employed,612,19744.14,0.383,0,0.411,0.034,37,0
21,21812.72,Unemployed,697,13174.67,0.126,0,0.243,0.09,44,0
58,69225.53,Employed,532,23029.78,0.282,1,0.449,0.11,54,0
34,28851.51,Employed,588,49836.58,0.204,1,0.394,0.229,15,1
67,50168.8,Self-Employed,556,12499.45,0.283,0,0.599,0.104,35,0
68,41392.23,Employed,689,14623.58,0.226,0,0.493,0.061,10,0
46,115750.75,Unemployed,842,11393.33,0.272,0,0.282,0.132,35,0
36,53409.54,Employed,585,10388.26,0.288,0,0.276,0.155,28,0
32,129668.44,Employed,741,9705.25,0.291,0,0.496,0.165,55,0
30,64884.96,Employed,638,14600.51,0.306,1,0.005,0.163,52,0
70,99977.75,Employed,581,9263.28,0.211,2,0.152,0.275,66,0
30,44161.16,Employed,797,9433.47,0.356,1,0.36,0.007,31,0
43,58264.69,Employed,842,2209.89,0.215,1,0.371,0.093,39,0
44,90158.26,Self-Employed,711,33893.24,0.26,1,0.618,0.103,34,0
54,77070.82,Employed,707,39588.0,0.342,0,0.089,0.001,55,0
63,63926.97,Self-Employed,685,21791.05,0.0,1,0.302,0.014,35,0
48,41607.37,Employed,669,8740.05,0.724,0,0.398,0.083,21,0
58,45279.59,Retired,706,6918.18,0.429,2,0.329,0.074,9,0
49,86580.59,Employed,731,5775.03,0.398,0,0.236,0.062,54,0
42,96081.84,Unemployed,805,21665.92,0.272,1,0.26,-0.04,40,0
28,36445.33,Employed,641,31545.26,0.364,0,0.456,0.014,38,0
31,33796.77,Employed,690,16311.93,0.169,0,0.34,0.058,58,0
42,31192.5,Employed,673,24703.41,0.424,0,0.317,0.083,37,0
23,74224.56,Retired,757,19281.63,0.097,2,0.141,0.126,13,0
36,30799.77,Unemployed,850,9297.22,0.16,0,0.903,0.082,16,0
44,73776.96,Self-Employed,759,27056.44,0.244,2,0.432,0.049,44,0
44,64398.47,Employed,740,26038.79,0.576,1,0.747,0.131,46,0
61,37326.32,Employed,748,8149.48,0.185,0,0.338,0.123,69,0
69,107144.07,Employed,775,23962.93,0.4,1,0.427,0.028,36,0
57,23596.9,Self-Employed,850,13513.39,0.041,2,0.512,0.259,64,0
24,112394.05,Employed,554,12625.41,0.354,1,0.373,-0.08,19,0
41,57494.41,Unemployed,725,18664.25,0.61,2,0.427,0.155,25,0
57,17383.33,Self-Employed,486,18321.45,0.425,3,0.452,0.175,19,1
50,108655.74,Employed,751,25165.05,0.039,1,0.352,0.185,39,0
43,79706.49,Self-Employed,721,8869.89,0.357,1,0.378,0.128,54,0
42,39572.68,Employed,639,20730.46,0.28,0,0.628,-0.007,33,0
41,30261.75,Employed,480,7361.49,0.534,0,0.187,0.258,22,0
49,22369.79,Employed,679,13263.19,0.335,2,0.784,-0.007,45,0
29,164016.63,Employed,697,13804.55,0.134,1,0.529,0.016,34,0
46,30893.75,Employed,675,26423.99,0.33,2,0.337,0.059,46,1
31,26061.27,Self-Employed,633,14847.07,0.246,0,0.6,0.001,35,0
55,56047.77,Self-Employed,613,12618.2,0.026,1,0.586,0.001,35,0
64,21613.06,Employed,676,34736.89,0.324,0,0.474,0.031,66,0
46,30008.2,Retired,620,11414.07,0.351,2,0.379,-0.054,20,1
40,80618.59,Retired,741,11128.99,0.407,0,0.044,0.111,42,0
68,61827.61,Employed,674,4789.12,0.503,2,0.249,0.066,47,0
53,40409.29,Employed,551,12963.34,0.308,2,0.419,0.081,52,0
42,49471.56,Retired,693,8401.7,0.125,1,0.51,0.124,20,0
22,39291.55,Employed,711,12702.61,0.224,0,0.42,0.091,42,0
21,47524.52,Employed,801,17051.18,0.347,1,0.495,0.049,29,0
32,33493.09,Retired,750,7699.71,0.532,1,0.35,0.137,35,0
32,36676.09,Self-Employed,613,9011.1,0.351,2,0.545,0.079,29,0
57,36122.13,Unemployed,787,5655.17,0.33,4,0.881,0.036,28,0
46,34100.58,Unemployed,576,10873.81,0.315,0,0.441,0.089,59,0
70,82615.74,Employed,682,8377.54,0.349,0,0.377,0.202,51,0
48,72045.9,Self-Employed,737,53450.7,0.637,1,0.403,0.055,15,0
66,30755.32,Unemployed,789,36403.6,0.337,1,0.584,0.153,32,0
48,26978.7,Employed,822,33027.8,0.31,2,0.396,0.022,34,0
38,45313.56,Employed,776,6789.48,0.356,0,0.58,0.103,56,0
56,144010.83,Employed,670,13274.24,0.249,1,0.607,0.123,18,0
43,29323.58,Self-Employed,723,7173.05,0.116,0,0.798,0.031,25,0
34,45224.21,Self-Employed,697,44609.11,0.089,1,0.507,0.072,24,0
44,51244.33,Retired,627,24310.16,0.241,2,0.429,0.025,6,1
54,46428.97,Employed,671,7851.41,0.527,2,0.483,0.032,6,0
39,38983.55,Self-Employed,815,18429.06,0.525,0,0.406,0.099,39,0
56,87337.92,Employed,728,6066.05,0.183,1,0.447,0.229,24,0
70,61526.87,Retired,834,13603.88,0.326,2,0.709,0.134,39,0
41,74824.65,Employed,599,13288.61,0.37,2,0.303,0.103,11,0
35,65820.72,Self-Employed,651,23012.4,0.241,1,0.119,0.214,18,0
41,76647.65,Employed,711,26707.61,0.546,2,0.436,-0.004,29,0
62,108250.46,Employed,736,14945.93,0.464,0,0.449,0.209,13,0
29,95370.25,Employed,671,12907.96,0.404,2,0.625,0.071,30,0
69,156749.14,Unemployed,740,2119.3,0.36,2,0.373,0.124,30,0
41,90099.57,Employed,739,37694.68,0.116,1,0.307,0.156,29,0
63,35076.15,Unemployed,576,9951.17,0.554,0,0.271,0.14,14,0
60,74881.04,Employed,737,15697.99,0.437,1,0.268,0.073,53,0
60,69927.73,Employed,760,57265.6,0.411,2,0.221,0.168,17,0
66,128046.33,Employed,702,7212.47,0.239,2,0.141,0.069,32,0
30,30224.88,Employed,542,14954.43,0.252,3,0.0,0.069,32,0
50,64794.47,Employed,659,19892.84,0.424,1,0.585,0.098,35,1
25,34872.88,Employed,713,28437.87,0.515,0,0.448,0.142,14,1
35,63340.01,Employed,615,14775.59,0.609,2,0.866,0.022,39,0
23,44030.01,Employed,749,29892.1,0.24,1,0.079,0.031,24,0
55,62301.1,Employed,735,11505.9,0.326,1,0.833,-0.036,43,0
51,24217.5,Employed,690,20457.62,0.036,0,0.369,0.08,48,0
58,72883.19,Self-Employed,681,18927.55,0.0,0,0.053,0.187,36,0
29,54340.75,Employed,694,13979.32,0.429,0,0.0,0.359,26,0
37,52896.71,Employed,680,17927.66,0.222,1,0.284,0.122,59,0
54,129977.18,Employed,584,8736.46,0.054,0,0.601,0.234,41,0
62,40487.89,Employed,648,12342.58,0.176,0,0.46,0.105,23,0
65,58170.45,Employed,685,6821.75,0.401,3,0.32,0.111,18,0
24,51541.13,Employed,786,11328.35,0.408,2,0.651,0.092,41,0
41,54123.27,Employed,732,29228.78,0.104,4,0.427,0.099,30,0
21,148880.9,Unemployed,790,19001.03,0.535,1,0.053,0.099,18,0
61,50609.95,Self-Employed,575,17760.97,0.246,0,0.685,0.076,36,0
27,36914.51,Employed,653,5657.13,0.391,2,0.172,0.244,16,0
62,124922.82,Employed,836,17890.6,0.356,1,0.166,0.147,36,0
28,42030.7,Employed,624,14219.01,0.348,1,0.353,0.045,39,0
21,21969.51,Employed,623,20382.86,0.209,1,0.474,0.154,22,0
64,33846.07,Retired,660,33857.98,0.346,0,0.259,0.182,40,0
42,26283.75,Employed,831,11552.39,0.39,0,0.013,0.004,23,0
42,19930.71,Employed,630,12217.65,0.32,0,0.267,0.185,34,0
53,40883.94,Unemployed,722,25613.6,0.365,1,0.618,0.175,11,0
34,47329.64,Retired,709,10279.93,0.515,0,0.399,0.132,36,0
55,88456.3,Employed,535,15559.63,0.279,0,0.646,0.229,51,0
42,67151.11,Self-Employed,679,4456.18,0.448,1,0.514,0.183,12,0
34,65638.46,Self-Employed,639,12273.12,0.318,0,0.279,0.07,46,0
40,31363.34,Self-Employed,731,32306.14,0.564,0,0.242,0.114,26,1
21,76302.93,Employed,810,18056.52,0.139,2,0.442,0.216,48,0
36,98283.99,Unemployed,654,25327.61,0.546,2,0.443,0.066,61,0
50,59711.83,Employed,654,26207.19,0.27,1,0.426,0.072,36,0
27,60552.06,Employed,850,33175.11,0.667,1,0.445,0.127,43,0
26,26046.9,Employed,627,11988.46,0.415,0,0.37,0.087,40,0
53,83051.64,Employed,579,25987.44,0.478,2,0.374,0.302,49,0
42,119421.59,Employed,783,56872.73,0.326,2,0.221,0.214,32,0
27,57611.43,Employed,676,14533.51,0.452,1,0.167,0.28,45,0
58,36418.11,Employed,701,6688.88,0.452,2,0.564,0.203,24,0
59,45206.79,Retired,847,10332.27,0.329,2,0.182,0.122,52,0
22,39727.13,Employed,575,19555.31,0.465,0,0.0,-0.055,19,0
31,40936.41,Employed,665,5447.84,0.0,1,0.324,0.133,28,0
39,67777.9,Unemployed,587,9346.43,0.253,0,0.461,0.014,25,0
57,56372.24,Employed,705,12114.16,0.353,0,0.363,-0.021,41,0
24,80980.88,Self-Employed,639,15770.79,0.425,1,0.137,0.198,46,0
61,59009.36,Employed,592,43386.6,0.496,0,0.643,0.015,43,1
36,31823.36,Employed,735,22307.72,0.312,1,0.451,0.046,27,0
27,38164.23,Employed,681,7567.99,0.291,0,0.654,0.065,57,0
64,36996.53,Employed,586,150000.0,0.481,0,0.39,0.115,52,1
25,44656.94,Self-Employed,591,14619.15,0.523,1,0.508,0.098,39,0
27,120253.45,Employed,696,5387.01,0.461,1,0.15,0.163,26,0
68,130281.11,Employed,555,7918.61,0.327,0,0.0,0.149,15,0
46,74481.09,Employed,697,7946.79,0.732,0,0.408,-0.023,45,0
44,52019.91,Self-Employed,780,6576.19,0.362,0,0.106,0.226,30,0
55,24814.26,Employed,730,20085.99,0.382,0,0.591,0.011,49,0
52,54721.07,Self-Employed,633,2980.51,0.595,2,0.604,0.022,50,0
51,33024.21,Self-Employed,701,26618.2,0.579,0,0.468,0.243,28,0
22,110775.5,Employed,586,24068.16,0.456,0,0.215,0.096,35,0
48,21959.32,Retired,690,11227.4,0.215,1,0.398,0.192,35,0
34,59411.45,Unemployed,655,25576.46,0.367,2,0.522,0.159,57,0
61,31662.25,Employed,602,7664.5,0.428,0,0.489,0.137,29,0
46,48788.13,Employed,727,8907.12,0.643,1,0.198,0.045,45,0
27,68393.57,Employed,532,20531.79,0.792,0,0.0,0.085,36,1
65,81714.3,Retired,591,13020.43,0.26,0,0.483,0.235,58,0
35,47555.6,Employed,600,10147.03,0.478,2,0.396,0.045,25,0
34,71725.98,Employed,642,13792.49,0.228,0,0.526,0.106,19,0
67,35198.72,Retired,777,32573.64,0.331,2,0.396,0.142,7,0
59,55424.07,Employed,737,31824.67,0.22,0,0.365,0.069,37,0
63,80910.89,Employed,688,19066.26,0.6,0,0.361,0.045,39,0
54,57875.52,Self-Employed,684,11929.16,0.386,0,0.33,0.086,32,0
66,37621.39,Self-Employed,679,20188.08,0.394,0,0.928,0.084,49,0
26,42637.05,Employed,783,8800.22,0.357,0,0.348,-0.02,58,0
50,81456.79,Employed,544,29773.35,0.406,1,0.328,0.122,23,0
35,28398.1,Self-Employed,738,26114.73,0.412,0,0.559,0.206,32,0
40,30572.08,Employed,642,47049.43,0.247,0,0.499,-0.1,10,1
32,66223.75,Retired,718,9124.28,0.097,1,0.419,0.115,36,0
31,39356.96,Employed,718,8469.46,0.151,0,0.211,-0.1,25,0
43,23705.7,Self-Employed,735,20553.66,0.108,2,0.112,0.218,29,0
66,96317.89,Self-Employed,799,12528.27,0.379,0,0.388,0.053,33,0
52,28288.19,Employed,577,26892.2,0.228,1,0.357,0.101,42,0
38,44368.5,Employed,755,32553.04,0.497,1,0.29,0.019,31,0
42,35962.78,Retired,675,41014.58,0.386,0,0.576,0.258,64,0
47,42241.49,Self-Employed,645,15291.29,0.075,1,0.603,0.267,33,0
33,31498.34,Employed,833,25040.02,0.288,1,0.653,0.011,13,1
47,70062.26,Employed,733,10827.28,0.032,1,0.174,0.002,23,0
55,51813.8,Employed,649,16820.09,0.178,0,0.628,0.167,44,0
33,80163.76,Employed,752,14298.9,0.276,2,0.0,0.169,44,0
50,36149.41,Employed,677,13848.55,0.208,2,0.388,0.069,34,0
56,142416.46,Employed,648,44105.95,0.633,1,0.59,0.015,34,0
46,18914.34,Employed,635,6599.52,0.462,1,0.174,0.22,37,0
35,22190.79,Self-Employed,703,14720.75,0.301,0,0.106,0.078,44,0
48,117776.31,Retired,634,15248.89,0.564,1,0.388,0.074,34,0
60,62132.27,Retired,692,21719.82,0.204,0,0.763,0.109,15,0
32,58144.88,Unemployed,747,7644.16,0.3,0,0.775,-0.019,24,0
49,60817.79,Employed,688,12340.09,0.478,0,0.658,0.049,25,0
55,65225.36,Employed,828,10327.24,0.183,0,0.181,0.019,17,0
37,56947.43,Employed,681,3823.24,0.453,1,0.401,-0.059,16,1
40,30243.84,Employed,781,29657.99,0.394,0,0.892,0.031,39,0
65,73798.63,Unemployed,753,6112.19,0.438,2,0.599,0.095,33,0
39,68209.5,Self-Employed,794,5642.42,0.62,0,0.06,0.035,44,0
50,100129.09,Self-Employed,828,26070.95,0.418,0,0.577,0.088,60,0
28,118435.12,Employed,548,12077.35,0.369,0,0.238,0.014,45,0
67,57828.56,Employed,700,12330.48,0.125,0,0.337,0.148,44,0
50,26535.15,Unemployed,672,12472.33,0.382,1,0.564,0.178,12,0
59,118926.56,Employed,688,28130.86,0.278,2,0.32,0.152,43,0
51,29464.02,Employed,650,10603.16,0.332,1,0.286,0.112,33,0
38,58045.48,Self-Employed,639,21100.23,0.279,1,0.638,0.164,51,0
38,43115.29,Self-Employed,598,7444.97,0.424,2,0.566,0.05,15,0
56,39524.95,Employed,687,17998.2,0.201,0,0.474,0.035,47,0
63,71836.65,Employed,750,25377.42,0.382,1,0.864,0.093,25,0
27,55394.18,Self-Employed,643,34305.39,0.194,2,0.448,0.055,19,1
63,63362.07,Retired,655,5828.54,0.08,1,0.472,0.209,64,0
62,32602.91,Employed,628,12357.05,0.299,1,0.332,0.261,35,0
26,44934.56,Self-Employed,605,38523.28,0.42,1,0.188,0.31,32,0
26,33363.99,Employed,662,25671.11,0.233,1,0.089,0.173,26,0
55,44376.45,Self-Employed,706,13102.95,0.37,1,0.59,0.129,29,0
63,46194.63,Employed,774,14798.56,0.296,2,0.303,-0.057,28,0
40,123272.43,Unemployed,591,17645.06,0.195,0,0.97,0.066,30,0
53,43058.1,Self-Employed,678,11804.2,0.434,0,0.206,0.041,32,0
70,16936.07,Employed,768,20502.26,0.252,1,0.234,0.047,30,0
37,98473.8,Employed,592,19817.2,0.406,2,0.474,0.208,18,0
32,61367.13,Unemployed,775,7563.82,0.131,0,0.175,0.216,34,0
70,45912.6,Employed,647,11005.35,0.371,2,0.072,0.066,38,0
35,39394.93,Self-Employed,733,11243.53,0.444,1,0.55,0.051,46,0
44,30532.2,Employed,664,12666.13,0.403,1,0.0,0.082,50,0
43,129188.01,Employed,714,17360.03,0.484,0,0.445,-0.046,29,0
47,50308.15,Self-Employed,801,16453.35,0.447,2,0.449,0.203,39,0
34,20560.45,Employed,671,9586.84,0.395,1,0.606,0.166,45,0
54,57749.5,Unemployed,755,32996.77,0.477,0,0.507,0.001,26,0
55,89597.78,Employed,701,14809.64,0.294,4,1.0,0.003,37,0
31,53009.02,Employed,621,35531.38,0.428,1,0.318,0.233,39,0
45,31232.15,Employed,669,35035.32,0.353,0,0.109,0.168,7,0
23,29865.61,Employed,664,7820.3,0.628,3,1.0,0.249,34,1
32,30987.54,Self-Employed,574,11001.61,0.391,0,0.423,0.04,36,0
70,104906.95,Employed,714,11494.69,0.157,2,0.208,0.246,24,0
46,47295.38,Employed,729,17818.39,0.388,1,0.052,0.027,48,0
52,21176.3,Retired,741,22830.33,0.207,0,0.331,0.116,60,0
65,59401.04,Employed,787,16125.48,0.459,0,0.229,-0.036,39,0
56,52602.47,Employed,752,10608.99,0.462,0,0.231,0.063,17,0
60,39165.53,Unemployed,635,39773.74,0.259,0,0.0,0.119,31,0
56,29430.79,Self-Employed,651,11349.67,0.194,1,0.319,0.071,21,0
45,28797.75,Employed,743,23042.53,0.37,1,0.495,0.155,65,0
52,84399.51,Retired,709,14439.21,0.214,0,0.179,0.039,26,0
35,55478.81,Employed,679,14198.62,0.224,0,0.304,0.104,37,0
65,62275.4,Employed,614,22120.31,0.274,1,0.293,0.077,51,0
29,55402.47,Employed,640,37264.69,0.444,0,0.42,0.076,22,0
65,57748.02,Retired,724,17729.67,0.127,1,0.768,0.168,24,0
64,38785.54,Employed,534,11011.55,0.237,0,0.446,0.048,53,0
28,44226.76,Unemployed,505,35883.88,0.71,3,0.146,0.089,52,1
56,87768.32,Employed,732,19856.9,0.643,1,0.373,0.065,20,0
70,99438.54,Employed,640,16353.83,0.531,2,0.479,0.232,19,0
49,26607.65,Unemployed,715,27353.64,0.357,0,0.131,0.1,43,0
38,44173.07,Retired,798,17913.88,0.463,0,0.199,0.101,43,0
64,74581.12,Employed,604,64483.94,0.292,0,0.195,0.08,26,0
46,125622.9,Employed,555,14781.24,0.0,0,0.359,0.136,39,0
27,119489.02,Self-Employed,659,29430.65,0.264,1,0.317,0.068,18,0
33,32929.4,Employed,629,19248.59,0.279,0,0.029,0.065,42,0
55,92737.02,Employed,678,19210.47,0.354,0,0.272,0.065,38,0
43,50479.28,Employed,720,11881.69,0.422,0,0.392,0.106,10,0
31,82636.63,Retired,705,11917.12,0.598,1,0.636,0.187,29,0
60,72703.1,Employed,683,19890.13,0.355,2,0.108,0.075,30,0
27,26056.38,Employed,759,8769.57,0.199,0,0.198,-0.004,44,0
31,64536.55,Employed,730,10453.28,0.321,1,0.15,-0.019,19,0
44,81052.17,Employed,666,14900.93,0.447,0,0.039,0.333,51,0
22,48529.27,Employed,728,31077.01,0.333,2,0.0,0.035,35,0
40,43340.46,Employed,564,15495.72,0.229,0,0.497,0.252,50,0
66,22340.76,Employed,760,15349.14,0.429,1,0.426,0.081,14,0
68,68996.34,Employed,682,7823.06,0.179,1,0.49,0.023,39,0
64,54413.86,Employed,590,40839.8,0.218,4,0.458,0.094,37,0
37,30912.26,Unemployed,649,28689.02,0.412,2,0.302,0.15,38,1
24,41650.97,Employed,758,30694.01,0.232,0,0.257,0.082,40,0
61,52957.85,Employed,622,6175.89,0.297,1,0.632,0.052,39,0
39,37074.4,Employed,711,18231.97,0.352,0,0.54,-0.025,2,0
58,49086.46,Employed,746,8408.91,0.344,0,0.371,0.05,60,0
26,20435.6,Self-Employed,682,23458.25,0.205,0,0.179,0.132,25,0
54,96250.63,Self-Employed,615,17908.22,0.399,2,0.42,-0.024,26,0
50,49412.3,Self-Employed,675,20156.82,0.212,0,0.442,0.065,36,0
67,28291.69,Employed,574,9604.95,0.598,1,0.261,0.121,42,1
26,14330.5,Retired,643,7911.66,0.29,0,0.452,0.196,15,0
41,82007.62,Employed,597,10052.37,0.441,0,0.527,0.011,13,0
70,64799.02,Employed,676,17759.58,0.46,2,0.495,0.263,57,0
40,54466.59,Employed,585,12767.55,0.297,0,0.61,0.137,30,0
53,75495.17,Employed,686,17186.78,0.205,0,0.587,0.007,39,0
29,75391.45,Employed,765,7987.37,0.459,0,0.627,0.112,20,0
57,54025.91,Employed,770,14706.99,0.137,0,0.282,0.042,59,0
34,43169.65,Self-Employed,587,34100.31,0.16,2,0.572,-0.025,47,0
49,39792.32,Self-Employed,630,18022.96,0.441,0,0.506,0.087,27,0
64,60504.38,Employed,744,18712.45,0.32,1,0.578,0.089,58,0
54,98569.35,Employed,733,18802.52,0.244,0,0.426,0.122,45,0
44,46562.39,Employed,634,10860.01,0.275,0,0.507,0.024,47,0
30,102563.63,Unemployed,644,39302.52,0.231,1,0.176,0.03,48,0
38,59075.78,Employed,686,18291.91,0.677,2,0.503,0.175,29,0
63,59298.87,Employed,543,16421.07,0.503,1,0.668,0.161,62,0
31,163171.12,Employed,719,22296.48,0.226,0,0.763,0.0,61,0
53,112009.52,Employed,761,25962.7,0.303,1,0.373,-0.034,62,0
45,113471.23,Employed,651,6992.81,0.44,1,0.793,0.01,2,0
37,32898.86,Self-Employed,574,15272.63,0.204,0,0.364,0.189,36,0
56,146692.12,Unemployed,786,56449.9,0.266,0,0.553,-0.1,40,0
39,47046.49,Retired,696,39862.37,0.305,1,0.414,0.053,30,0
35,43750.33,Employed,733,13851.63,0.218,1,0.679,0.174,35,0
47,16653.5,Employed,581,22852.13,0.514,1,0.445,0.115,35,1
58,57707.67,Self-Employed,581,12137.25,0.243,2,0.268,0.088,55,0
64,28518.92,Employed,711,18255.08,0.333,2,0.629,0.174,53,0
52,60121.75,Employed,757,11215.04,0.368,0,0.291,0.082,40,0
54,27425.2,Self-Employed,595,11101.45,0.588,2,0.469,0.056,42,1
60,120433.13,Employed,672,10351.51,0.337,1,0.028,0.16,35,0
34,64588.2,Employed,561,40513.59,0.671,0,0.582,0.253,65,1
33,153266.85,Employed,627,11067.09,0.296,1,0.0,-0.082,41,0
45,29392.3,Employed,661,29291.79,0.317,0,0.29,0.037,61,0
52,106360.51,Employed,717,11395.83,0.491,1,0.1,0.075,50,0
53,19903.36,Employed,522,10639.37,0.638,1,0.154,0.055,44,1
28,54395.56,Employed,779,18650.78,0.31,1,0.392,0.105,12,0
60,35745.81,Unemployed,667,6773.41,0.535,1,0.252,0.098,54,0
39,39183.92,Retired,777,22000.05,0.477,2,0.562,0.002,9,0
64,37863.84,Retired,732,13606.76,0.236,2,0.346,0.146,32,0
57,31027.89,Unemployed,744,10609.92,0.347,0,0.437,0.09,15,0
70,26112.15,Employed,832,9327.38,0.344,0,0.22,0.2,50,0
52,39292.41,Employed,621,48184.93,0.195,1,0.565,0.185,29,0
47,51948.82,Employed,690,14463.94,0.375,0,0.44,0.083,45,0
30,87714.91,Employed,606,14102.58,0.362,3,0.516,0.142,4,0
40,56821.79,Self-Employed,672,24928.6,0.406,0,0.567,-0.084,49,0
63,87839.81,Employed,734,8910.74,0.36,2,0.59,-0.07,48,0
40,23409.84,Retired,765,29160.74,0.25,0,0.491,0.187,20,0
23,39478.65,Employed,651,14451.52,0.717,0,0.438,0.089,27,1
33,69947.66,Employed,590,6436.49,0.383,1,0.643,0.202,55,0
50,58197.37,Unemployed,685,10739.72,0.545,0,0.436,0.188,39,0
52,31869.75,Employed,616,7653.4,0.416,1,0.309,-0.023,48,0
70,78200.74,Self-Employed,637,15501.5,0.576,1,0.602,0.152,9,0
67,37585.12,Self-Employed,730,9171.4,0.234,0,0.63,0.037,33,0
47,33233.65,Self-Employed,716,8585.06,0.337,0,0.389,0.076,51,0
48,62534.51,Unemployed,743,17594.13,0.283,0,0.536,-0.002,24,0
61,49172.25,Employed,655,15159.16,0.264,1,0.5,0.18,25,0
23,37742.57,Employed,756,30500.37,0.39,1,0.42,0.139,35,0
50,37107.18,Unemployed,681,29700.23,0.313,2,0.077,0.052,24,0
44,28712.89,Employed,659,15318.56,0.136,1,0.158,0.038,57,0
60,40220.25,Employed,598,19926.16,0.305,0,0.319,0.162,46,0
61,84965.85,Employed,523,6345.39,0.292,1,0.409,0.037,35,0
53,55396.7,Employed,563,22418.11,0.482,0,0.141,0.051,67,0
53,79165.59,Employed,696,18890.62,0.133,0,0.0,0.041,33,0
55,63451.7,Retired,612,26172.06,0.273,2,0.377,0.041,43,0
50,36093.82,Employed,557,12286.59,0.237,0,0.402,0.154,22,0
32,21491.86,Employed,649,12350.99,0.462,0,0.59,0.118,35,0
35,30840.15,Employed,701,12397.36,0.268,0,0.825,0.055,46,0
58,35044.79,Employed,711,34917.75,0.507,0,0.101,0.016,45,0
51,33715.35,Employed,678,17496.46,0.343,1,0.475,0.099,22,0
32,80058.27,Self-Employed,675,6017.48,0.423,0,0.923,0.078,16,0
64,79641.79,Employed,640,21733.91,0.516,1,0.11,0.162,36,0
70,148143.97,Employed,728,11181.56,0.17,1,0.185,0.042,41,0
52,33461.12,Employed,667,28303.72,0.313,1,0.614,0.134,6,1
32,108958.7,Employed,674,20399.19,0.413,1,0.442,0.08,68,0
67,108622.47,Unemployed,758,31078.34,0.38,0,0.461,0.123,40,0
32,43646.05,Retired,739,27537.82,0.155,0,0.536,0.23,5,0
42,62117.17,Self-Employed,666,25910.93,0.454,2,0.563,0.079,42,0
63,91159.56,Unemployed,655,29163.83,0.357,0,0.493,0.274,11,0
47,47597.6,Employed,655,24077.56,0.369,0,0.52,0.083,20,0
33,45789.23,Retired,528,9737.06,0.317,0,0.136,0.017,42,0
25,35822.49,Employed,762,7434.22,0.0,1,0.616,0.225,16,0
39,15062.76,Self-Employed,629,8971.86,0.432,1,0.744,0.245,21,0
54,50778.88,Employed,744,22889.12,0.438,3,0.644,0.025,48,0
56,34374.33,Employed,683,3889.21,0.287,1,0.51,0.037,34,0
32,28633.3,Employed,784,14628.99,0.127,0,0.815,0.165,28,0
28,60542.19,Employed,720,12587.78,0.27,0,0.441,0.146,33,0
56,23726.41,Employed,748,30770.35,0.499,4,0.618,0.035,61,0
28,73353.09,Employed,636,13762.08,0.289,2,0.773,0.028,48,0
24,62429.9,Retired,584,11835.86,0.353,0,0.32,0.123,14,0
45,40130.96,Employed,691,32519.95,0.3,1,0.688,0.089,58,0
49,47493.34,Employed,536,13972.62,0.397,0,0.151,0.146,29,0
33,27035.05,Employed,645,12682.01,0.152,1,0.21,0.146,34,0
31,71336.92,Employed,591,11008.96,0.32,0,0.184,0.173,21,0
32,53835.16,Employed,617,17525.01,0.514,0,0.0,-0.063,28,0
38,55877.94,Employed,725,12101.81,0.212,1,0.242,0.249,38,0
21,63003.48,Employed,720,12128.07,0.309,1,0.418,0.141,36,0
21,35553.44,Employed,668,35247.14,0.508,1,0.333,0.065,61,0
39,22936.18,Employed,704,15204.33,0.462,4,0.119,0.092,18,0
21,79115.11,Employed,639,11283.2,0.418,1,0.0,0.152,33,0
36,69172.54,Unemployed,850,8126.92,0.408,2,0.235,0.119,4,0
50,37508.42,Unemployed,703,16632.4,0.406,0,0.213,0.12,26,0
22,60147.5,Employed,636,10552.85,0.315,0,0.817,0.093,51,0
51,91948.76,Self-Employed,746,11837.18,0.515,0,0.396,0.233,58,0
52,86625.58,Retired,773,8858.05,0.28,2,0.786,0.127,59,0
49,36964.77,Employed,622,16616.3,0.201,2,0.242,0.191,29,0
52,23286.28,Employed,574,6754.77,0.142,0,0.631,0.275,30,0
61,25371.77,Employed,588,18899.29,0.258,1,0.454,0.177,20,0
24,41945.94,Employed,630,10637.24,0.256,0,0.222,0.124,32,0
29,101840.03,Unemployed,676,22696.88,0.243,0,0.457,-0.047,53,0
36,34056.54,Unemployed,558,19754.92,0.174,1,0.355,0.067,48,0
55,36382.24,Employed,649,15715.52,0.406,1,0.333,0.27,27,0
64,36009.73,Employed,664,24530.82,0.208,1,0.035,0.126,30,0
66,37576.52,Unemployed,704,37577.84,0.432,0,0.833,-0.007,31,0
50,48746.4,Employed,726,31605.83,0.458,2,0.519,0.083,27,0
41,25847.65,Employed,710,6724.29,0.736,0,0.155,0.006,39,0
41,84303.61,Employed,814,10267.93,0.282,1,0.486,0.063,46,0
23,45596.65,Unemployed,762,11050.54,0.326,0,0.323,0.068,70,0
44,169323.66,Self-Employed,697,21658.78,0.238,2,0.708,0.053,35,0
46,27261.06,Self-Employed,607,10793.1,0.174,0,0.336,0.106,45,0
31,108546.41,Self-Employed,629,10541.86,0.287,1,0.39,-0.063,20,0
59,98289.52,Employed,573,9504.25,0.234,2,0.262,0.153,37,0
61,39901.05,Employed,692,17664.87,0.172,1,0.506,0.215,33,0
36,40234.08,Unemployed,705,21607.72,0.386,0,0.396,-0.047,45,1
66,30925.96,Retired,747,7136.91,0.189,1,0.675,0.185,42,0
26,31103.92,Employed,700,10844.96,0.435,0,0.468,0.152,45,0
66,49005.95,Employed,759,4736.16,0.478,0,0.938,0.129,33,0
59,49530.7,Retired,761,3515.68,0.22,0,0.369,0.104,30,0
32,22000.54,Employed,603,19747.84,0.56,0,0.226,0.118,17,0
53,154315.22,Employed,641,17841.02,0.41,0,0.241,0.169,38,0
36,43055.34,Employed,679,16373.89,0.339,0,0.242,0.117,34,0
60,50655.65,Employed,627,38261.02,0.083,1,0.221,0.315,56,0
29,35842.2,Employed,662,5402.18,0.093,0,0.734,0.049,33,0
33,42894.34,Employed,703,4238.38,0.586,3,0.344,0.232,27,0
36,40989.08,Employed,671,7525.06,0.548,1,0.467,0.09,44,0
30,48949.03,Employed,680,4139.03,0.59,0,0.12,0.068,14,0
37,48664.5,Employed,609,10218.82,0.629,1,0.401,0.181,39,1
51,73308.6,Employed,718,20946.27,0.556,1,0.0,0.075,26,0
52,54918.74,Employed,712,17640.22,0.386,1,0.479,0.239,17,0
48,69712.96,Employed,623,27351.04,0.434,1,0.285,0.04,37,0
30,48780.92,Unemployed,583,18443.37,0.247,0,0.754,0.202,2,0
31,55029.59,Retired,772,11586.27,0.386,0,0.583,0.148,44,0
66,43449.18,Employed,811,10768.96,0.462,2,0.579,0.087,36,0
33,80947.48,Self-Employed,698,19196.31,0.465,1,0.209,0.021,26,0
26,57601.92,Unemployed,653,5895.25,0.331,1,0.481,0.021,49,0
43,45295.48,Employed,758,2193.79,0.046,1,0.833,0.032,43,0
21,44624.8,Retired,715,18659.93,0.123,3,0.235,0.189,16,0
38,46415.11,Employed,664,16993.31,0.421,1,0.217,0.104,44,1
63,49772.7,Employed,753,37857.31,0.274,0,0.414,0.163,43,0
34,47658.65,Employed,619,22423.42,0.45,1,0.457,0.112,28,0
56,37070.59,Employed,628,17774.27,0.167,2,0.551,0.012,32,0
45,71858.22,Self-Employed,707,12243.15,0.554,1,0.521,0.128,60,0
38,74164.29,Self-Employed,689,9075.4,0.209,0,0.453,0.149,41,0
54,119602.43,Employed,728,12479.57,0.571,2,0.247,-0.04,17,0
50,36249.66,Employed,769,26188.62,0.117,0,0.84,0.052,37,0
36,68406.24,Retired,564,19500.55,0.441,1,0.736,0.035,12,0
32,18871.94,Unemployed,683,25862.22,0.21,0,0.508,-0.0,43,1
66,74200.16,Self-Employed,823,15741.06,0.349,0,0.681,0.112,27,0
29,23663.97,Employed,635,8606.51,0.511,1,0.397,0.122,28,0
68,29966.47,Employed,626,29624.22,0.485,2,0.14,0.205,21,0
44,57879.16,Employed,512,28058.63,0.227,1,0.605,0.165,30,1
70,35927.22,Unemployed,688,16503.28,0.258,3,0.13,0.076,39,0
38,33551.04,Self-Employed,724,20611.0,0.114,1,0.864,0.076,25,0
49,38468.38,Retired,723,19941.75,0.081,2,0.162,0.242,24,0
51,70601.95,Employed,602,11147.4,0.225,0,0.721,0.141,36,0
